================================================================================================
W1 step 0 — complete multipartite / cluster: is every cell at every reached node an orbit?
positive verdicts are verified certificates; None = UNKNOWN, never a pass (doc §8.1)
================================================================================================

--- multipartite ---
  multipartite(1, 2)                 n=  3 nodes=    2 non-disc=    1 levels= 1 cells[in-part=    1 spans=    0] unknown=  0 pass
  multipartite(1, 3)                 n=  4 nodes=    3 non-disc=    2 levels= 2 cells[in-part=    2 spans=    0] unknown=  0 pass
  multipartite(2, 2)                 n=  4 nodes=    3 non-disc=    2 levels= 2 cells[in-part=    1 spans=    1] unknown=  0 pass
  multipartite(1, 1, 2)              n=  4 nodes=    4 non-disc=    3 levels= 2 cells[in-part=    2 spans=    2] unknown=  0 pass
  multipartite(1, 4)                 n=  5 nodes=    4 non-disc=    3 levels= 3 cells[in-part=    3 spans=    0] unknown=  0 pass
  multipartite(2, 3)                 n=  5 nodes=    6 non-disc=    5 levels= 3 cells[in-part=    7 spans=    0] unknown=  0 pass
  multipartite(1, 1, 3)              n=  5 nodes=    6 non-disc=    5 levels= 3 cells[in-part=    4 spans=    3] unknown=  0 pass
  multipartite(1, 2, 2)              n=  5 nodes=    3 non-disc=    2 levels= 2 cells[in-part=    1 spans=    1] unknown=  0 pass
  multipartite(1, 1, 1, 2)           n=  5 nodes=    6 non-disc=    5 levels= 3 cells[in-part=    3 spans=    4] unknown=  0 pass
  multipartite(1, 5)                 n=  6 nodes=    5 non-disc=    4 levels= 4 cells[in-part=    4 spans=    0] unknown=  0 pass
  multipartite(2, 4)                 n=  6 nodes=    8 non-disc=    7 levels= 4 cells[in-part=   10 spans=    0] unknown=  0 pass
  multipartite(3, 3)                 n=  6 nodes=    7 non-disc=    6 levels= 4 cells[in-part=    7 spans=    1] unknown=  0 pass
  multipartite(1, 1, 4)              n=  6 nodes=    8 non-disc=    7 levels= 4 cells[in-part=    6 spans=    4] unknown=  0 pass
  multipartite(1, 2, 3)              n=  6 nodes=    6 non-disc=    5 levels= 3 cells[in-part=    7 spans=    0] unknown=  0 pass
  multipartite(2, 2, 2)              n=  6 nodes=    4 non-disc=    3 levels= 3 cells[in-part=    1 spans=    2] unknown=  0 pass
  multipartite(1, 1, 1, 3)           n=  6 nodes=    9 non-disc=    8 levels= 4 cells[in-part=    6 spans=    6] unknown=  0 pass
  multipartite(1, 1, 2, 2)           n=  6 nodes=    6 non-disc=    5 levels= 3 cells[in-part=    2 spans=    5] unknown=  0 pass
  multipartite(1, 1, 1, 1, 2)        n=  6 nodes=    8 non-disc=    7 levels= 4 cells[in-part=    4 spans=    6] unknown=  0 pass
  multipartite(1, 6)                 n=  7 nodes=    6 non-disc=    5 levels= 5 cells[in-part=    5 spans=    0] unknown=  0 pass
  multipartite(2, 5)                 n=  7 nodes=   10 non-disc=    9 levels= 5 cells[in-part=   13 spans=    0] unknown=  0 pass
  multipartite(3, 4)                 n=  7 nodes=   12 non-disc=   11 levels= 5 cells[in-part=   17 spans=    0] unknown=  0 pass
  multipartite(1, 1, 5)              n=  7 nodes=   10 non-disc=    9 levels= 5 cells[in-part=    8 spans=    5] unknown=  0 pass
  multipartite(1, 2, 4)              n=  7 nodes=    8 non-disc=    7 levels= 4 cells[in-part=   10 spans=    0] unknown=  0 pass
  multipartite(1, 3, 3)              n=  7 nodes=    7 non-disc=    6 levels= 4 cells[in-part=    7 spans=    1] unknown=  0 pass
  multipartite(2, 2, 3)              n=  7 nodes=    9 non-disc=    8 levels= 4 cells[in-part=    9 spans=    3] unknown=  0 pass
  multipartite(1, 1, 1, 4)           n=  7 nodes=   12 non-disc=   11 levels= 5 cells[in-part=    9 spans=    8] unknown=  0 pass
  multipartite(1, 1, 2, 3)           n=  7 nodes=   12 non-disc=   11 levels= 4 cells[in-part=   14 spans=    6] unknown=  0 pass
  multipartite(1, 2, 2, 2)           n=  7 nodes=    4 non-disc=    3 levels= 3 cells[in-part=    1 spans=    2] unknown=  0 pass
  multipartite(1, 1, 1, 1, 3)        n=  7 nodes=   12 non-disc=   11 levels= 5 cells[in-part=    8 spans=    9] unknown=  0 pass
  multipartite(1, 1, 1, 2, 2)        n=  7 nodes=    9 non-disc=    8 levels= 4 cells[in-part=    3 spans=    9] unknown=  0 pass
  multipartite(1, 1, 1, 1, 1, 2)     n=  7 nodes=   10 non-disc=    9 levels= 5 cells[in-part=    5 spans=    8] unknown=  0 pass
  multipartite(1, 7)                 n=  8 nodes=    7 non-disc=    6 levels= 6 cells[in-part=    6 spans=    0] unknown=  0 pass
  multipartite(2, 6)                 n=  8 nodes=   12 non-disc=   11 levels= 6 cells[in-part=   16 spans=    0] unknown=  0 pass
  multipartite(3, 5)                 n=  8 nodes=   15 non-disc=   14 levels= 6 cells[in-part=   22 spans=    0] unknown=  0 pass
  multipartite(4, 4)                 n=  8 nodes=   13 non-disc=   12 levels= 6 cells[in-part=   17 spans=    1] unknown=  0 pass
  multipartite(1, 1, 6)              n=  8 nodes=   12 non-disc=   11 levels= 6 cells[in-part=   10 spans=    6] unknown=  0 pass
  multipartite(1, 2, 5)              n=  8 nodes=   10 non-disc=    9 levels= 5 cells[in-part=   13 spans=    0] unknown=  0 pass
  multipartite(1, 3, 4)              n=  8 nodes=   12 non-disc=   11 levels= 5 cells[in-part=   17 spans=    0] unknown=  0 pass
  multipartite(2, 2, 4)              n=  8 nodes=   12 non-disc=   11 levels= 5 cells[in-part=   13 spans=    4] unknown=  0 pass
  multipartite(2, 3, 3)              n=  8 nodes=   14 non-disc=   13 levels= 5 cells[in-part=   21 spans=    2] unknown=  0 pass
  multipartite(1, 1, 1, 5)           n=  8 nodes=   15 non-disc=   14 levels= 6 cells[in-part=   12 spans=   10] unknown=  0 pass
  multipartite(1, 1, 2, 4)           n=  8 nodes=   16 non-disc=   15 levels= 5 cells[in-part=   20 spans=    8] unknown=  0 pass
  multipartite(1, 1, 3, 3)           n=  8 nodes=   14 non-disc=   13 levels= 5 cells[in-part=   14 spans=    9] unknown=  0 pass
  multipartite(1, 2, 2, 3)           n=  8 nodes=    9 non-disc=    8 levels= 4 cells[in-part=    9 spans=    3] unknown=  0 pass
  multipartite(2, 2, 2, 2)           n=  8 nodes=    5 non-disc=    4 levels= 4 cells[in-part=    1 spans=    3] unknown=  0 pass
  multipartite(1, 1, 1, 1, 4)        n=  8 nodes=   16 non-disc=   15 levels= 6 cells[in-part=   12 spans=   12] unknown=  0 pass
  multipartite(1, 1, 1, 2, 3)        n=  8 nodes=   18 non-disc=   17 levels= 5 cells[in-part=   21 spans=   12] unknown=  0 pass
  multipartite(1, 1, 2, 2, 2)        n=  8 nodes=    8 non-disc=    7 levels= 4 cells[in-part=    2 spans=    8] unknown=  0 pass
  multipartite(1, 1, 1, 1, 1, 3)     n=  8 nodes=   15 non-disc=   14 levels= 6 cells[in-part=   10 spans=   12] unknown=  0 pass
  multipartite(1, 1, 1, 1, 2, 2)     n=  8 nodes=   12 non-disc=   11 levels= 5 cells[in-part=    4 spans=   13] unknown=  0 pass
  multipartite(1, 1, 1, 1, 1, 1, 2)  n=  8 nodes=   12 non-disc=   11 levels= 6 cells[in-part=    6 spans=   10] unknown=  0 pass
  multipartite(1, 8)                 n=  9 nodes=    8 non-disc=    7 levels= 7 cells[in-part=    7 spans=    0] unknown=  0 pass
  multipartite(2, 7)                 n=  9 nodes=   14 non-disc=   13 levels= 7 cells[in-part=   19 spans=    0] unknown=  0 pass
  multipartite(3, 6)                 n=  9 nodes=   18 non-disc=   17 levels= 7 cells[in-part=   27 spans=    0] unknown=  0 pass
  multipartite(4, 5)                 n=  9 nodes=   20 non-disc=   19 levels= 7 cells[in-part=   31 spans=    0] unknown=  0 pass
  multipartite(1, 1, 7)              n=  9 nodes=   14 non-disc=   13 levels= 7 cells[in-part=   12 spans=    7] unknown=  0 pass
  multipartite(1, 2, 6)              n=  9 nodes=   12 non-disc=   11 levels= 6 cells[in-part=   16 spans=    0] unknown=  0 pass
  multipartite(1, 3, 5)              n=  9 nodes=   15 non-disc=   14 levels= 6 cells[in-part=   22 spans=    0] unknown=  0 pass
  multipartite(1, 4, 4)              n=  9 nodes=   13 non-disc=   12 levels= 6 cells[in-part=   17 spans=    1] unknown=  0 pass
  multipartite(2, 2, 5)              n=  9 nodes=   15 non-disc=   14 levels= 6 cells[in-part=   17 spans=    5] unknown=  0 pass
  multipartite(2, 3, 4)              n=  9 nodes=   24 non-disc=   23 levels= 6 cells[in-part=   46 spans=    0] unknown=  0 pass
  multipartite(3, 3, 3)              n=  9 nodes=   15 non-disc=   14 levels= 6 cells[in-part=   21 spans=    3] unknown=  0 pass
  multipartite(1, 1, 1, 6)           n=  9 nodes=   18 non-disc=   17 levels= 7 cells[in-part=   15 spans=   12] unknown=  0 pass
  multipartite(1, 1, 2, 5)           n=  9 nodes=   20 non-disc=   19 levels= 6 cells[in-part=   26 spans=   10] unknown=  0 pass
  multipartite(1, 1, 3, 4)           n=  9 nodes=   24 non-disc=   23 levels= 6 cells[in-part=   34 spans=   12] unknown=  0 pass
  multipartite(1, 2, 2, 4)           n=  9 nodes=   12 non-disc=   11 levels= 5 cells[in-part=   13 spans=    4] unknown=  0 pass
  multipartite(1, 2, 3, 3)           n=  9 nodes=   14 non-disc=   13 levels= 5 cells[in-part=   21 spans=    2] unknown=  0 pass
  multipartite(2, 2, 2, 3)           n=  9 nodes=   12 non-disc=   11 levels= 5 cells[in-part=   11 spans=    6] unknown=  0 pass
  multipartite(1, 1, 1, 1, 5)        n=  9 nodes=   20 non-disc=   19 levels= 7 cells[in-part=   16 spans=   15] unknown=  0 pass
  multipartite(1, 1, 1, 2, 4)        n=  9 nodes=   24 non-disc=   23 levels= 6 cells[in-part=   30 spans=   16] unknown=  0 pass
  multipartite(1, 1, 1, 3, 3)        n=  9 nodes=   21 non-disc=   20 levels= 6 cells[in-part=   21 spans=   17] unknown=  0 pass
  multipartite(1, 1, 2, 2, 3)        n=  9 nodes=   18 non-disc=   17 levels= 5 cells[in-part=   18 spans=   15] unknown=  0 pass
  multipartite(1, 2, 2, 2, 2)        n=  9 nodes=    5 non-disc=    4 levels= 4 cells[in-part=    1 spans=    3] unknown=  0 pass
  multipartite(1, 1, 1, 1, 1, 4)     n=  9 nodes=   20 non-disc=   19 levels= 7 cells[in-part=   15 spans=   16] unknown=  0 pass
  multipartite(1, 1, 1, 1, 2, 3)     n=  9 nodes=   24 non-disc=   23 levels= 6 cells[in-part=   28 spans=   18] unknown=  0 pass
  multipartite(1, 1, 1, 2, 2, 2)     n=  9 nodes=   12 non-disc=   11 levels= 5 cells[in-part=    3 spans=   14] unknown=  0 pass
  multipartite(1, 1, 1, 1, 1, 1, 3)  n=  9 nodes=   18 non-disc=   17 levels= 7 cells[in-part=   12 spans=   15] unknown=  0 pass
  multipartite(1, 1, 1, 1, 1, 2, 2)  n=  9 nodes=   15 non-disc=   14 levels= 6 cells[in-part=    5 spans=   17] unknown=  0 pass
  multipartite(1, 1, 1, 1, 1, 1, 1, 2) n=  9 nodes=   14 non-disc=   13 levels= 7 cells[in-part=    7 spans=   12] unknown=  0 pass
  multipartite(1, 9)                 n= 10 nodes=    9 non-disc=    8 levels= 8 cells[in-part=    8 spans=    0] unknown=  0 pass
  multipartite(2, 8)                 n= 10 nodes=   16 non-disc=   15 levels= 8 cells[in-part=   22 spans=    0] unknown=  0 pass
  multipartite(3, 7)                 n= 10 nodes=   21 non-disc=   20 levels= 8 cells[in-part=   32 spans=    0] unknown=  0 pass
  multipartite(4, 6)                 n= 10 nodes=   24 non-disc=   23 levels= 8 cells[in-part=   38 spans=    0] unknown=  0 pass
  multipartite(5, 5)                 n= 10 nodes=   21 non-disc=   20 levels= 8 cells[in-part=   31 spans=    1] unknown=  0 pass
  multipartite(1, 1, 8)              n= 10 nodes=   16 non-disc=   15 levels= 8 cells[in-part=   14 spans=    8] unknown=  0 pass
  multipartite(1, 2, 7)              n= 10 nodes=   14 non-disc=   13 levels= 7 cells[in-part=   19 spans=    0] unknown=  0 pass
  multipartite(1, 3, 6)              n= 10 nodes=   18 non-disc=   17 levels= 7 cells[in-part=   27 spans=    0] unknown=  0 pass
  multipartite(1, 4, 5)              n= 10 nodes=   20 non-disc=   19 levels= 7 cells[in-part=   31 spans=    0] unknown=  0 pass
  multipartite(2, 2, 6)              n= 10 nodes=   18 non-disc=   17 levels= 7 cells[in-part=   21 spans=    6] unknown=  0 pass
  multipartite(2, 3, 5)              n= 10 nodes=   30 non-disc=   29 levels= 7 cells[in-part=   59 spans=    0] unknown=  0 pass
  multipartite(2, 4, 4)              n= 10 nodes=   26 non-disc=   25 levels= 7 cells[in-part=   47 spans=    2] unknown=  0 pass
  multipartite(3, 3, 4)              n= 10 nodes=   28 non-disc=   27 levels= 7 cells[in-part=   49 spans=    4] unknown=  0 pass
  multipartite(1, 1, 1, 7)           n= 10 nodes=   21 non-disc=   20 levels= 8 cells[in-part=   18 spans=   14] unknown=  0 pass
  multipartite(1, 1, 2, 6)           n= 10 nodes=   24 non-disc=   23 levels= 7 cells[in-part=   32 spans=   12] unknown=  0 pass
  multipartite(1, 1, 3, 5)           n= 10 nodes=   30 non-disc=   29 levels= 7 cells[in-part=   44 spans=   15] unknown=  0 pass
  multipartite(1, 1, 4, 4)           n= 10 nodes=   26 non-disc=   25 levels= 7 cells[in-part=   34 spans=   15] unknown=  0 pass
  multipartite(1, 2, 2, 5)           n= 10 nodes=   15 non-disc=   14 levels= 6 cells[in-part=   17 spans=    5] unknown=  0 pass
  multipartite(1, 2, 3, 4)           n= 10 nodes=   24 non-disc=   23 levels= 6 cells[in-part=   46 spans=    0] unknown=  0 pass
  multipartite(1, 3, 3, 3)           n= 10 nodes=   15 non-disc=   14 levels= 6 cells[in-part=   21 spans=    3] unknown=  0 pass
  multipartite(2, 2, 2, 4)           n= 10 nodes=   16 non-disc=   15 levels= 6 cells[in-part=   16 spans=    8] unknown=  0 pass
  multipartite(2, 2, 3, 3)           n= 10 nodes=   21 non-disc=   20 levels= 6 cells[in-part=   28 spans=   10] unknown=  0 pass
  multipartite(1, 1, 1, 1, 6)        n= 10 nodes=   24 non-disc=   23 levels= 8 cells[in-part=   20 spans=   18] unknown=  0 pass
  multipartite(1, 1, 1, 2, 5)        n= 10 nodes=   30 non-disc=   29 levels= 7 cells[in-part=   39 spans=   20] unknown=  0 pass
  multipartite(1, 1, 1, 3, 4)        n= 10 nodes=   36 non-disc=   35 levels= 7 cells[in-part=   51 spans=   24] unknown=  0 pass
  multipartite(1, 1, 2, 2, 4)        n= 10 nodes=   24 non-disc=   23 levels= 6 cells[in-part=   26 spans=   20] unknown=  0 pass
  multipartite(1, 1, 2, 3, 3)        n= 10 nodes=   28 non-disc=   27 levels= 6 cells[in-part=   42 spans=   18] unknown=  0 pass
  multipartite(1, 2, 2, 2, 3)        n= 10 nodes=   12 non-disc=   11 levels= 5 cells[in-part=   11 spans=    6] unknown=  0 pass
  multipartite(2, 2, 2, 2, 2)        n= 10 nodes=    6 non-disc=    5 levels= 5 cells[in-part=    1 spans=    4] unknown=  0 pass
  multipartite(1, 1, 1, 1, 1, 5)     n= 10 nodes=   25 non-disc=   24 levels= 8 cells[in-part=   20 spans=   20] unknown=  0 pass
  multipartite(1, 1, 1, 1, 2, 4)     n= 10 nodes=   32 non-disc=   31 levels= 7 cells[in-part=   40 spans=   24] unknown=  0 pass
  multipartite(1, 1, 1, 1, 3, 3)     n= 10 nodes=   28 non-disc=   27 levels= 7 cells[in-part=   28 spans=   25] unknown=  0 pass
  multipartite(1, 1, 1, 2, 2, 3)     n= 10 nodes=   27 non-disc=   26 levels= 6 cells[in-part=   27 spans=   27] unknown=  0 pass
  multipartite(1, 1, 2, 2, 2, 2)     n= 10 nodes=   10 non-disc=    9 levels= 5 cells[in-part=    2 spans=   11] unknown=  0 pass
  multipartite(1, 1, 1, 1, 1, 1, 4)  n= 10 nodes=   24 non-disc=   23 levels= 8 cells[in-part=   18 spans=   20] unknown=  0 pass
  multipartite(1, 1, 1, 1, 1, 2, 3)  n= 10 nodes=   30 non-disc=   29 levels= 7 cells[in-part=   35 spans=   24] unknown=  0 pass
  multipartite(1, 1, 1, 1, 2, 2, 2)  n= 10 nodes=   16 non-disc=   15 levels= 6 cells[in-part=    4 spans=   20] unknown=  0 pass
  multipartite(1, 1, 1, 1, 1, 1, 1, 3) n= 10 nodes=   21 non-disc=   20 levels= 8 cells[in-part=   14 spans=   18] unknown=  0 pass
  multipartite(1, 1, 1, 1, 1, 1, 2, 2) n= 10 nodes=   18 non-disc=   17 levels= 7 cells[in-part=    6 spans=   21] unknown=  0 pass
  multipartite(1, 1, 1, 1, 1, 1, 1, 1, 2) n= 10 nodes=   16 non-disc=   15 levels= 8 cells[in-part=    8 spans=   14] unknown=  0 pass
  multipartite(1, 10)                n= 11 nodes=   10 non-disc=    9 levels= 9 cells[in-part=    9 spans=    0] unknown=  0 pass
  multipartite(2, 9)                 n= 11 nodes=   18 non-disc=   17 levels= 9 cells[in-part=   25 spans=    0] unknown=  0 pass
  multipartite(3, 8)                 n= 11 nodes=   24 non-disc=   23 levels= 9 cells[in-part=   37 spans=    0] unknown=  0 pass
  multipartite(4, 7)                 n= 11 nodes=   28 non-disc=   27 levels= 9 cells[in-part=   45 spans=    0] unknown=  0 pass
  multipartite(5, 6)                 n= 11 nodes=   30 non-disc=   29 levels= 9 cells[in-part=   49 spans=    0] unknown=  0 pass
  multipartite(1, 1, 9)              n= 11 nodes=   18 non-disc=   17 levels= 9 cells[in-part=   16 spans=    9] unknown=  0 pass
  multipartite(1, 2, 8)              n= 11 nodes=   16 non-disc=   15 levels= 8 cells[in-part=   22 spans=    0] unknown=  0 pass
  multipartite(1, 3, 7)              n= 11 nodes=   21 non-disc=   20 levels= 8 cells[in-part=   32 spans=    0] unknown=  0 pass
  multipartite(1, 4, 6)              n= 11 nodes=   24 non-disc=   23 levels= 8 cells[in-part=   38 spans=    0] unknown=  0 pass
  multipartite(1, 5, 5)              n= 11 nodes=   21 non-disc=   20 levels= 8 cells[in-part=   31 spans=    1] unknown=  0 pass
  multipartite(2, 2, 7)              n= 11 nodes=   21 non-disc=   20 levels= 8 cells[in-part=   25 spans=    7] unknown=  0 pass
  multipartite(2, 3, 6)              n= 11 nodes=   36 non-disc=   35 levels= 8 cells[in-part=   72 spans=    0] unknown=  0 pass
  multipartite(2, 4, 5)              n= 11 nodes=   40 non-disc=   39 levels= 8 cells[in-part=   82 spans=    0] unknown=  0 pass
  multipartite(3, 3, 5)              n= 11 nodes=   35 non-disc=   34 levels= 8 cells[in-part=   63 spans=    5] unknown=  0 pass
  multipartite(3, 4, 4)              n= 11 nodes=   39 non-disc=   38 levels= 8 cells[in-part=   77 spans=    3] unknown=  0 pass
  multipartite(1, 1, 1, 8)           n= 11 nodes=   24 non-disc=   23 levels= 9 cells[in-part=   21 spans=   16] unknown=  0 pass
  multipartite(1, 1, 2, 7)           n= 11 nodes=   28 non-disc=   27 levels= 8 cells[in-part=   38 spans=   14] unknown=  0 pass
  multipartite(1, 1, 3, 6)           n= 11 nodes=   36 non-disc=   35 levels= 8 cells[in-part=   54 spans=   18] unknown=  0 pass
  multipartite(1, 1, 4, 5)           n= 11 nodes=   40 non-disc=   39 levels= 8 cells[in-part=   62 spans=   20] unknown=  0 pass
  multipartite(1, 2, 2, 6)           n= 11 nodes=   18 non-disc=   17 levels= 7 cells[in-part=   21 spans=    6] unknown=  0 pass
  multipartite(1, 2, 3, 5)           n= 11 nodes=   30 non-disc=   29 levels= 7 cells[in-part=   59 spans=    0] unknown=  0 pass
  multipartite(1, 2, 4, 4)           n= 11 nodes=   26 non-disc=   25 levels= 7 cells[in-part=   47 spans=    2] unknown=  0 pass
  multipartite(1, 3, 3, 4)           n= 11 nodes=   28 non-disc=   27 levels= 7 cells[in-part=   49 spans=    4] unknown=  0 pass
  multipartite(2, 2, 2, 5)           n= 11 nodes=   20 non-disc=   19 levels= 7 cells[in-part=   21 spans=   10] unknown=  0 pass
  multipartite(2, 2, 3, 4)           n= 11 nodes=   36 non-disc=   35 levels= 7 cells[in-part=   63 spans=   12] unknown=  0 pass
  multipartite(2, 3, 3, 3)           n= 11 nodes=   30 non-disc=   29 levels= 7 cells[in-part=   57 spans=    6] unknown=  0 pass
  multipartite(1, 1, 1, 1, 7)        n= 11 nodes=   28 non-disc=   27 levels= 9 cells[in-part=   24 spans=   21] unknown=  0 pass
  multipartite(1, 1, 1, 2, 6)        n= 11 nodes=   36 non-disc=   35 levels= 8 cells[in-part=   48 spans=   24] unknown=  0 pass
  multipartite(1, 1, 1, 3, 5)        n= 11 nodes=   45 non-disc=   44 levels= 8 cells[in-part=   66 spans=   30] unknown=  0 pass
  multipartite(1, 1, 1, 4, 4)        n= 11 nodes=   39 non-disc=   38 levels= 8 cells[in-part=   51 spans=   29] unknown=  0 pass
  multipartite(1, 1, 2, 2, 5)        n= 11 nodes=   30 non-disc=   29 levels= 7 cells[in-part=   34 spans=   25] unknown=  0 pass
  multipartite(1, 1, 2, 3, 4)        n= 11 nodes=   48 non-disc=   47 levels= 7 cells[in-part=   92 spans=   24] unknown=  0 pass
  multipartite(1, 1, 3, 3, 3)        n= 11 nodes=   30 non-disc=   29 levels= 7 cells[in-part=   42 spans=   21] unknown=  0 pass
  multipartite(1, 2, 2, 2, 4)        n= 11 nodes=   16 non-disc=   15 levels= 6 cells[in-part=   16 spans=    8] unknown=  0 pass
  multipartite(1, 2, 2, 3, 3)        n= 11 nodes=   21 non-disc=   20 levels= 6 cells[in-part=   28 spans=   10] unknown=  0 pass
  multipartite(2, 2, 2, 2, 3)        n= 11 nodes=   15 non-disc=   14 levels= 6 cells[in-part=   13 spans=    9] unknown=  0 pass
  multipartite(1, 1, 1, 1, 1, 6)     n= 11 nodes=   30 non-disc=   29 levels= 9 cells[in-part=   25 spans=   24] unknown=  0 pass
  multipartite(1, 1, 1, 1, 2, 5)     n= 11 nodes=   40 non-disc=   39 levels= 8 cells[in-part=   52 spans=   30] unknown=  0 pass
  multipartite(1, 1, 1, 1, 3, 4)     n= 11 nodes=   48 non-disc=   47 levels= 8 cells[in-part=   68 spans=   36] unknown=  0 pass
  multipartite(1, 1, 1, 2, 2, 4)     n= 11 nodes=   36 non-disc=   35 levels= 7 cells[in-part=   39 spans=   36] unknown=  0 pass
  multipartite(1, 1, 1, 2, 3, 3)     n= 11 nodes=   42 non-disc=   41 levels= 7 cells[in-part=   63 spans=   34] unknown=  0 pass
  multipartite(1, 1, 2, 2, 2, 3)     n= 11 nodes=   24 non-disc=   23 levels= 6 cells[in-part=   22 spans=   24] unknown=  0 pass
  multipartite(1, 2, 2, 2, 2, 2)     n= 11 nodes=    6 non-disc=    5 levels= 5 cells[in-part=    1 spans=    4] unknown=  0 pass
  multipartite(1, 1, 1, 1, 1, 1, 5)  n= 11 nodes=   30 non-disc=   29 levels= 9 cells[in-part=   24 spans=   25] unknown=  0 pass
  multipartite(1, 1, 1, 1, 1, 2, 4)  n= 11 nodes=   40 non-disc=   39 levels= 8 cells[in-part=   50 spans=   32] unknown=  0 pass
  multipartite(1, 1, 1, 1, 1, 3, 3)  n= 11 nodes=   35 non-disc=   34 levels= 8 cells[in-part=   35 spans=   33] unknown=  0 pass
  multipartite(1, 1, 1, 1, 2, 2, 3)  n= 11 nodes=   36 non-disc=   35 levels= 7 cells[in-part=   36 spans=   39] unknown=  0 pass
  multipartite(1, 1, 1, 2, 2, 2, 2)  n= 11 nodes=   15 non-disc=   14 levels= 6 cells[in-part=    3 spans=   19] unknown=  0 pass
  multipartite(1, 1, 1, 1, 1, 1, 1, 4) n= 11 nodes=   28 non-disc=   27 levels= 9 cells[in-part=   21 spans=   24] unknown=  0 pass
  multipartite(1, 1, 1, 1, 1, 1, 2, 3) n= 11 nodes=   36 non-disc=   35 levels= 8 cells[in-part=   42 spans=   30] unknown=  0 pass
  multipartite(1, 1, 1, 1, 1, 2, 2, 2) n= 11 nodes=   20 non-disc=   19 levels= 7 cells[in-part=    5 spans=   26] unknown=  0 pass
  multipartite(1, 1, 1, 1, 1, 1, 1, 1, 3) n= 11 nodes=   24 non-disc=   23 levels= 9 cells[in-part=   16 spans=   21] unknown=  0 pass
  multipartite(1, 1, 1, 1, 1, 1, 1, 2, 2) n= 11 nodes=   21 non-disc=   20 levels= 8 cells[in-part=    7 spans=   25] unknown=  0 pass
  multipartite(1, 1, 1, 1, 1, 1, 1, 1, 1, 2) n= 11 nodes=   18 non-disc=   17 levels= 9 cells[in-part=    9 spans=   16] unknown=  0 pass
  multipartite(1, 11)                n= 12 nodes=   11 non-disc=   10 levels=10 cells[in-part=   10 spans=    0] unknown=  0 pass
  multipartite(2, 10)                n= 12 nodes=   20 non-disc=   19 levels=10 cells[in-part=   28 spans=    0] unknown=  0 pass
  multipartite(3, 9)                 n= 12 nodes=   27 non-disc=   26 levels=10 cells[in-part=   42 spans=    0] unknown=  0 pass
  multipartite(4, 8)                 n= 12 nodes=   32 non-disc=   31 levels=10 cells[in-part=   52 spans=    0] unknown=  0 pass
  multipartite(5, 7)                 n= 12 nodes=   35 non-disc=   34 levels=10 cells[in-part=   58 spans=    0] unknown=  0 pass
  multipartite(6, 6)                 n= 12 nodes=   31 non-disc=   30 levels=10 cells[in-part=   49 spans=    1] unknown=  0 pass
  multipartite(1, 1, 10)             n= 12 nodes=   20 non-disc=   19 levels=10 cells[in-part=   18 spans=   10] unknown=  0 pass
  multipartite(1, 2, 9)              n= 12 nodes=   18 non-disc=   17 levels= 9 cells[in-part=   25 spans=    0] unknown=  0 pass
  multipartite(1, 3, 8)              n= 12 nodes=   24 non-disc=   23 levels= 9 cells[in-part=   37 spans=    0] unknown=  0 pass
  multipartite(1, 4, 7)              n= 12 nodes=   28 non-disc=   27 levels= 9 cells[in-part=   45 spans=    0] unknown=  0 pass
  multipartite(1, 5, 6)              n= 12 nodes=   30 non-disc=   29 levels= 9 cells[in-part=   49 spans=    0] unknown=  0 pass
  multipartite(2, 2, 8)              n= 12 nodes=   24 non-disc=   23 levels= 9 cells[in-part=   29 spans=    8] unknown=  0 pass
  multipartite(2, 3, 7)              n= 12 nodes=   42 non-disc=   41 levels= 9 cells[in-part=   85 spans=    0] unknown=  0 pass
  multipartite(2, 4, 6)              n= 12 nodes=   48 non-disc=   47 levels= 9 cells[in-part=  100 spans=    0] unknown=  0 pass
  multipartite(2, 5, 5)              n= 12 nodes=   42 non-disc=   41 levels= 9 cells[in-part=   83 spans=    2] unknown=  0 pass
  multipartite(3, 3, 6)              n= 12 nodes=   42 non-disc=   41 levels= 9 cells[in-part=   77 spans=    6] unknown=  0 pass
  multipartite(3, 4, 5)              n= 12 nodes=   60 non-disc=   59 levels= 9 cells[in-part=  133 spans=    0] unknown=  0 pass
  multipartite(4, 4, 4)              n= 12 nodes=   40 non-disc=   39 levels= 9 cells[in-part=   77 spans=    4] unknown=  0 pass
  multipartite(1, 1, 1, 9)           n= 12 nodes=   27 non-disc=   26 levels=10 cells[in-part=   24 spans=   18] unknown=  0 pass
  multipartite(1, 1, 2, 8)           n= 12 nodes=   32 non-disc=   31 levels= 9 cells[in-part=   44 spans=   16] unknown=  0 pass
  multipartite(1, 1, 3, 7)           n= 12 nodes=   42 non-disc=   41 levels= 9 cells[in-part=   64 spans=   21] unknown=  0 pass
  multipartite(1, 1, 4, 6)           n= 12 nodes=   48 non-disc=   47 levels= 9 cells[in-part=   76 spans=   24] unknown=  0 pass
  multipartite(1, 1, 5, 5)           n= 12 nodes=   42 non-disc=   41 levels= 9 cells[in-part=   62 spans=   23] unknown=  0 pass
  multipartite(1, 2, 2, 7)           n= 12 nodes=   21 non-disc=   20 levels= 8 cells[in-part=   25 spans=    7] unknown=  0 pass
  multipartite(1, 2, 3, 6)           n= 12 nodes=   36 non-disc=   35 levels= 8 cells[in-part=   72 spans=    0] unknown=  0 pass
  multipartite(1, 2, 4, 5)           n= 12 nodes=   40 non-disc=   39 levels= 8 cells[in-part=   82 spans=    0] unknown=  0 pass
  multipartite(1, 3, 3, 5)           n= 12 nodes=   35 non-disc=   34 levels= 8 cells[in-part=   63 spans=    5] unknown=  0 pass
  multipartite(1, 3, 4, 4)           n= 12 nodes=   39 non-disc=   38 levels= 8 cells[in-part=   77 spans=    3] unknown=  0 pass
  multipartite(2, 2, 2, 6)           n= 12 nodes=   24 non-disc=   23 levels= 8 cells[in-part=   26 spans=   12] unknown=  0 pass
  multipartite(2, 2, 3, 5)           n= 12 nodes=   45 non-disc=   44 levels= 8 cells[in-part=   81 spans=   15] unknown=  0 pass
  multipartite(2, 2, 4, 4)           n= 12 nodes=   39 non-disc=   38 levels= 8 cells[in-part=   64 spans=   16] unknown=  0 pass
  multipartite(2, 3, 3, 4)           n= 12 nodes=   56 non-disc=   55 levels= 8 cells[in-part=  126 spans=    8] unknown=  0 pass
  multipartite(3, 3, 3, 3)           n= 12 nodes=   31 non-disc=   30 levels= 8 cells[in-part=   57 spans=    7] unknown=  0 pass
  multipartite(1, 1, 1, 1, 8)        n= 12 nodes=   32 non-disc=   31 levels=10 cells[in-part=   28 spans=   24] unknown=  0 pass
  multipartite(1, 1, 1, 2, 7)        n= 12 nodes=   42 non-disc=   41 levels= 9 cells[in-part=   57 spans=   28] unknown=  0 pass
  multipartite(1, 1, 1, 3, 6)        n= 12 nodes=   54 non-disc=   53 levels= 9 cells[in-part=   81 spans=   36] unknown=  0 pass
  multipartite(1, 1, 1, 4, 5)        n= 12 nodes=   60 non-disc=   59 levels= 9 cells[in-part=   93 spans=   40] unknown=  0 pass
  multipartite(1, 1, 2, 2, 6)        n= 12 nodes=   36 non-disc=   35 levels= 8 cells[in-part=   42 spans=   30] unknown=  0 pass
  multipartite(1, 1, 2, 3, 5)        n= 12 nodes=   60 non-disc=   59 levels= 8 cells[in-part=  118 spans=   30] unknown=  0 pass
  multipartite(1, 1, 2, 4, 4)        n= 12 nodes=   52 non-disc=   51 levels= 8 cells[in-part=   94 spans=   30] unknown=  0 pass
  multipartite(1, 1, 3, 3, 4)        n= 12 nodes=   56 non-disc=   55 levels= 8 cells[in-part=   98 spans=   36] unknown=  0 pass
  multipartite(1, 2, 2, 2, 5)        n= 12 nodes=   20 non-disc=   19 levels= 7 cells[in-part=   21 spans=   10] unknown=  0 pass
  multipartite(1, 2, 2, 3, 4)        n= 12 nodes=   36 non-disc=   35 levels= 7 cells[in-part=   63 spans=   12] unknown=  0 pass
  multipartite(1, 2, 3, 3, 3)        n= 12 nodes=   30 non-disc=   29 levels= 7 cells[in-part=   57 spans=    6] unknown=  0 pass
  multipartite(2, 2, 2, 2, 4)        n= 12 nodes=   20 non-disc=   19 levels= 7 cells[in-part=   19 spans=   12] unknown=  0 pass
  multipartite(2, 2, 2, 3, 3)        n= 12 nodes=   28 non-disc=   27 levels= 7 cells[in-part=   35 spans=   18] unknown=  0 pass
  multipartite(1, 1, 1, 1, 1, 7)     n= 12 nodes=   35 non-disc=   34 levels=10 cells[in-part=   30 spans=   28] unknown=  0 pass
  multipartite(1, 1, 1, 1, 2, 6)     n= 12 nodes=   48 non-disc=   47 levels= 9 cells[in-part=   64 spans=   36] unknown=  0 pass
  multipartite(1, 1, 1, 1, 3, 5)     n= 12 nodes=   60 non-disc=   59 levels= 9 cells[in-part=   88 spans=   45] unknown=  0 pass
  multipartite(1, 1, 1, 1, 4, 4)     n= 12 nodes=   52 non-disc=   51 levels= 9 cells[in-part=   68 spans=   43] unknown=  0 pass
  multipartite(1, 1, 1, 2, 2, 5)     n= 12 nodes=   45 non-disc=   44 levels= 8 cells[in-part=   51 spans=   45] unknown=  0 pass
  multipartite(1, 1, 1, 2, 3, 4)     n= 12 nodes=   72 non-disc=   71 levels= 8 cells[in-part=  138 spans=   48] unknown=  0 pass
  multipartite(1, 1, 1, 3, 3, 3)     n= 12 nodes=   45 non-disc=   44 levels= 8 cells[in-part=   63 spans=   39] unknown=  0 pass
  multipartite(1, 1, 2, 2, 2, 4)     n= 12 nodes=   32 non-disc=   31 levels= 7 cells[in-part=   32 spans=   32] unknown=  0 pass
  multipartite(1, 1, 2, 2, 3, 3)     n= 12 nodes=   42 non-disc=   41 levels= 7 cells[in-part=   56 spans=   41] unknown=  0 pass
  multipartite(1, 2, 2, 2, 2, 3)     n= 12 nodes=   15 non-disc=   14 levels= 6 cells[in-part=   13 spans=    9] unknown=  0 pass
  multipartite(2, 2, 2, 2, 2, 2)     n= 12 nodes=    7 non-disc=    6 levels= 6 cells[in-part=    1 spans=    5] unknown=  0 pass
  multipartite(1, 1, 1, 1, 1, 1, 6)  n= 12 nodes=   36 non-disc=   35 levels=10 cells[in-part=   30 spans=   30] unknown=  0 pass
  multipartite(1, 1, 1, 1, 1, 2, 5)  n= 12 nodes=   50 non-disc=   49 levels= 9 cells[in-part=   65 spans=   40] unknown=  0 pass
  multipartite(1, 1, 1, 1, 1, 3, 4)  n= 12 nodes=   60 non-disc=   59 levels= 9 cells[in-part=   85 spans=   48] unknown=  0 pass
  multipartite(1, 1, 1, 1, 2, 2, 4)  n= 12 nodes=   48 non-disc=   47 levels= 8 cells[in-part=   52 spans=   52] unknown=  0 pass
  multipartite(1, 1, 1, 1, 2, 3, 3)  n= 12 nodes=   56 non-disc=   55 levels= 8 cells[in-part=   84 spans=   50] unknown=  0 pass
  multipartite(1, 1, 1, 2, 2, 2, 3)  n= 12 nodes=   36 non-disc=   35 levels= 7 cells[in-part=   33 spans=   42] unknown=  0 pass
  multipartite(1, 1, 2, 2, 2, 2, 2)  n= 12 nodes=   12 non-disc=   11 levels= 6 cells[in-part=    2 spans=   14] unknown=  0 pass
  multipartite(1, 1, 1, 1, 1, 1, 1, 5) n= 12 nodes=   35 non-disc=   34 levels=10 cells[in-part=   28 spans=   30] unknown=  0 pass
  multipartite(1, 1, 1, 1, 1, 1, 2, 4) n= 12 nodes=   48 non-disc=   47 levels= 9 cells[in-part=   60 spans=   40] unknown=  0 pass
  multipartite(1, 1, 1, 1, 1, 1, 3, 3) n= 12 nodes=   42 non-disc=   41 levels= 9 cells[in-part=   42 spans=   41] unknown=  0 pass
  multipartite(1, 1, 1, 1, 1, 2, 2, 3) n= 12 nodes=   45 non-disc=   44 levels= 8 cells[in-part=   45 spans=   51] unknown=  0 pass
  multipartite(1, 1, 1, 1, 2, 2, 2, 2) n= 12 nodes=   20 non-disc=   19 levels= 7 cells[in-part=    4 spans=   27] unknown=  0 pass
  multipartite(1, 1, 1, 1, 1, 1, 1, 1, 4) n= 12 nodes=   32 non-disc=   31 levels=10 cells[in-part=   24 spans=   28] unknown=  0 pass
  multipartite(1, 1, 1, 1, 1, 1, 1, 2, 3) n= 12 nodes=   42 non-disc=   41 levels= 9 cells[in-part=   49 spans=   36] unknown=  0 pass
  multipartite(1, 1, 1, 1, 1, 1, 2, 2, 2) n= 12 nodes=   24 non-disc=   23 levels= 8 cells[in-part=    6 spans=   32] unknown=  0 pass
  multipartite(1, 1, 1, 1, 1, 1, 1, 1, 1, 3) n= 12 nodes=   27 non-disc=   26 levels=10 cells[in-part=   18 spans=   24] unknown=  0 pass
  multipartite(1, 1, 1, 1, 1, 1, 1, 1, 2, 2) n= 12 nodes=   24 non-disc=   23 levels= 9 cells[in-part=    8 spans=   29] unknown=  0 pass
  multipartite(1, 1, 1, 1, 1, 1, 1, 1, 1, 1, 2) n= 12 nodes=   20 non-disc=   19 levels=10 cells[in-part=   10 spans=   18] unknown=  0 pass
  multipartite(1, 12)                n= 13 nodes=   12 non-disc=   11 levels=11 cells[in-part=   11 spans=    0] unknown=  0 pass
  multipartite(2, 11)                n= 13 nodes=   22 non-disc=   21 levels=11 cells[in-part=   31 spans=    0] unknown=  0 pass
  multipartite(3, 10)                n= 13 nodes=   30 non-disc=   29 levels=11 cells[in-part=   47 spans=    0] unknown=  0 pass
  multipartite(4, 9)                 n= 13 nodes=   36 non-disc=   35 levels=11 cells[in-part=   59 spans=    0] unknown=  0 pass
  multipartite(5, 8)                 n= 13 nodes=   40 non-disc=   39 levels=11 cells[in-part=   67 spans=    0] unknown=  0 pass
  multipartite(6, 7)                 n= 13 nodes=   42 non-disc=   41 levels=11 cells[in-part=   71 spans=    0] unknown=  0 pass
  multipartite(1, 1, 11)             n= 13 nodes=   22 non-disc=   21 levels=11 cells[in-part=   20 spans=   11] unknown=  0 pass
  multipartite(1, 2, 10)             n= 13 nodes=   20 non-disc=   19 levels=10 cells[in-part=   28 spans=    0] unknown=  0 pass
  multipartite(1, 3, 9)              n= 13 nodes=   27 non-disc=   26 levels=10 cells[in-part=   42 spans=    0] unknown=  0 pass
  multipartite(1, 4, 8)              n= 13 nodes=   32 non-disc=   31 levels=10 cells[in-part=   52 spans=    0] unknown=  0 pass
  multipartite(1, 5, 7)              n= 13 nodes=   35 non-disc=   34 levels=10 cells[in-part=   58 spans=    0] unknown=  0 pass
  multipartite(1, 6, 6)              n= 13 nodes=   31 non-disc=   30 levels=10 cells[in-part=   49 spans=    1] unknown=  0 pass
  multipartite(2, 2, 9)              n= 13 nodes=   27 non-disc=   26 levels=10 cells[in-part=   33 spans=    9] unknown=  0 pass
  multipartite(2, 3, 8)              n= 13 nodes=   48 non-disc=   47 levels=10 cells[in-part=   98 spans=    0] unknown=  0 pass
  multipartite(2, 4, 7)              n= 13 nodes=   56 non-disc=   55 levels=10 cells[in-part=  118 spans=    0] unknown=  0 pass
  multipartite(2, 5, 6)              n= 13 nodes=   60 non-disc=   59 levels=10 cells[in-part=  128 spans=    0] unknown=  0 pass
  multipartite(3, 3, 7)              n= 13 nodes=   49 non-disc=   48 levels=10 cells[in-part=   91 spans=    7] unknown=  0 pass
  multipartite(3, 4, 6)              n= 13 nodes=   72 non-disc=   71 levels=10 cells[in-part=  162 spans=    0] unknown=  0 pass
  multipartite(3, 5, 5)              n= 13 nodes=   63 non-disc=   62 levels=10 cells[in-part=  135 spans=    3] unknown=  0 pass
  multipartite(4, 4, 5)              n= 13 nodes=   65 non-disc=   64 levels=10 cells[in-part=  137 spans=    5] unknown=  0 pass
  multipartite(1, 1, 1, 10)          n= 13 nodes=   30 non-disc=   29 levels=11 cells[in-part=   27 spans=   20] unknown=  0 pass
  multipartite(1, 1, 2, 9)           n= 13 nodes=   36 non-disc=   35 levels=10 cells[in-part=   50 spans=   18] unknown=  0 pass
  multipartite(1, 1, 3, 8)           n= 13 nodes=   48 non-disc=   47 levels=10 cells[in-part=   74 spans=   24] unknown=  0 pass
  multipartite(1, 1, 4, 7)           n= 13 nodes=   56 non-disc=   55 levels=10 cells[in-part=   90 spans=   28] unknown=  0 pass
  multipartite(1, 1, 5, 6)           n= 13 nodes=   60 non-disc=   59 levels=10 cells[in-part=   98 spans=   30] unknown=  0 pass
  multipartite(1, 2, 2, 8)           n= 13 nodes=   24 non-disc=   23 levels= 9 cells[in-part=   29 spans=    8] unknown=  0 pass
  multipartite(1, 2, 3, 7)           n= 13 nodes=   42 non-disc=   41 levels= 9 cells[in-part=   85 spans=    0] unknown=  0 pass
  multipartite(1, 2, 4, 6)           n= 13 nodes=   48 non-disc=   47 levels= 9 cells[in-part=  100 spans=    0] unknown=  0 pass
  multipartite(1, 2, 5, 5)           n= 13 nodes=   42 non-disc=   41 levels= 9 cells[in-part=   83 spans=    2] unknown=  0 pass
  multipartite(1, 3, 3, 6)           n= 13 nodes=   42 non-disc=   41 levels= 9 cells[in-part=   77 spans=    6] unknown=  0 pass
  multipartite(1, 3, 4, 5)           n= 13 nodes=   60 non-disc=   59 levels= 9 cells[in-part=  133 spans=    0] unknown=  0 pass
  multipartite(1, 4, 4, 4)           n= 13 nodes=   40 non-disc=   39 levels= 9 cells[in-part=   77 spans=    4] unknown=  0 pass
  multipartite(2, 2, 2, 7)           n= 13 nodes=   28 non-disc=   27 levels= 9 cells[in-part=   31 spans=   14] unknown=  0 pass
  multipartite(2, 2, 3, 6)           n= 13 nodes=   54 non-disc=   53 levels= 9 cells[in-part=   99 spans=   18] unknown=  0 pass
  multipartite(2, 2, 4, 5)           n= 13 nodes=   60 non-disc=   59 levels= 9 cells[in-part=  113 spans=   20] unknown=  0 pass
  multipartite(2, 3, 3, 5)           n= 13 nodes=   70 non-disc=   69 levels= 9 cells[in-part=  161 spans=   10] unknown=  0 pass
  multipartite(2, 3, 4, 4)           n= 13 nodes=   78 non-disc=   77 levels= 9 cells[in-part=  193 spans=    6] unknown=  0 pass
  multipartite(3, 3, 3, 4)           n= 13 nodes=   60 non-disc=   59 levels= 9 cells[in-part=  129 spans=   12] unknown=  0 pass
  multipartite(1, 1, 1, 1, 9)        n= 13 nodes=   36 non-disc=   35 levels=11 cells[in-part=   32 spans=   27] unknown=  0 pass
  multipartite(1, 1, 1, 2, 8)        n= 13 nodes=   48 non-disc=   47 levels=10 cells[in-part=   66 spans=   32] unknown=  0 pass
  multipartite(1, 1, 1, 3, 7)        n= 13 nodes=   63 non-disc=   62 levels=10 cells[in-part=   96 spans=   42] unknown=  0 pass
  multipartite(1, 1, 1, 4, 6)        n= 13 nodes=   72 non-disc=   71 levels=10 cells[in-part=  114 spans=   48] unknown=  0 pass
  multipartite(1, 1, 1, 5, 5)        n= 13 nodes=   63 non-disc=   62 levels=10 cells[in-part=   93 spans=   45] unknown=  0 pass
  multipartite(1, 1, 2, 2, 7)        n= 13 nodes=   42 non-disc=   41 levels= 9 cells[in-part=   50 spans=   35] unknown=  0 pass
  multipartite(1, 1, 2, 3, 6)        n= 13 nodes=   72 non-disc=   71 levels= 9 cells[in-part=  144 spans=   36] unknown=  0 pass
  multipartite(1, 1, 2, 4, 5)        n= 13 nodes=   80 non-disc=   79 levels= 9 cells[in-part=  164 spans=   40] unknown=  0 pass
  multipartite(1, 1, 3, 3, 5)        n= 13 nodes=   70 non-disc=   69 levels= 9 cells[in-part=  126 spans=   45] unknown=  0 pass
  multipartite(1, 1, 3, 4, 4)        n= 13 nodes=   78 non-disc=   77 levels= 9 cells[in-part=  154 spans=   45] unknown=  0 pass
  multipartite(1, 2, 2, 2, 6)        n= 13 nodes=   24 non-disc=   23 levels= 8 cells[in-part=   26 spans=   12] unknown=  0 pass
  multipartite(1, 2, 2, 3, 5)        n= 13 nodes=   45 non-disc=   44 levels= 8 cells[in-part=   81 spans=   15] unknown=  0 pass
  multipartite(1, 2, 2, 4, 4)        n= 13 nodes=   39 non-disc=   38 levels= 8 cells[in-part=   64 spans=   16] unknown=  0 pass
  multipartite(1, 2, 3, 3, 4)        n= 13 nodes=   56 non-disc=   55 levels= 8 cells[in-part=  126 spans=    8] unknown=  0 pass
  multipartite(1, 3, 3, 3, 3)        n= 13 nodes=   31 non-disc=   30 levels= 8 cells[in-part=   57 spans=    7] unknown=  0 pass
  multipartite(2, 2, 2, 2, 5)        n= 13 nodes=   25 non-disc=   24 levels= 8 cells[in-part=   25 spans=   15] unknown=  0 pass
  multipartite(2, 2, 2, 3, 4)        n= 13 nodes=   48 non-disc=   47 levels= 8 cells[in-part=   80 spans=   24] unknown=  0 pass
  multipartite(2, 2, 3, 3, 3)        n= 13 nodes=   45 non-disc=   44 levels= 8 cells[in-part=   78 spans=   24] unknown=  0 pass
  multipartite(1, 1, 1, 1, 1, 8)     n= 13 nodes=   40 non-disc=   39 levels=11 cells[in-part=   35 spans=   32] unknown=  0 pass
  multipartite(1, 1, 1, 1, 2, 7)     n= 13 nodes=   56 non-disc=   55 levels=10 cells[in-part=   76 spans=   42] unknown=  0 pass
  multipartite(1, 1, 1, 1, 3, 6)     n= 13 nodes=   72 non-disc=   71 levels=10 cells[in-part=  108 spans=   54] unknown=  0 pass
  multipartite(1, 1, 1, 1, 4, 5)     n= 13 nodes=   80 non-disc=   79 levels=10 cells[in-part=  124 spans=   60] unknown=  0 pass
  multipartite(1, 1, 1, 2, 2, 6)     n= 13 nodes=   54 non-disc=   53 levels= 9 cells[in-part=   63 spans=   54] unknown=  0 pass
  multipartite(1, 1, 1, 2, 3, 5)     n= 13 nodes=   90 non-disc=   89 levels= 9 cells[in-part=  177 spans=   60] unknown=  0 pass
  multipartite(1, 1, 1, 2, 4, 4)     n= 13 nodes=   78 non-disc=   77 levels= 9 cells[in-part=  141 spans=   58] unknown=  0 pass
  multipartite(1, 1, 1, 3, 3, 4)     n= 13 nodes=   84 non-disc=   83 levels= 9 cells[in-part=  147 spans=   68] unknown=  0 pass
  multipartite(1, 1, 2, 2, 2, 5)     n= 13 nodes=   40 non-disc=   39 levels= 8 cells[in-part=   42 spans=   40] unknown=  0 pass
  multipartite(1, 1, 2, 2, 3, 4)     n= 13 nodes=   72 non-disc=   71 levels= 8 cells[in-part=  126 spans=   60] unknown=  0 pass
  multipartite(1, 1, 2, 3, 3, 3)     n= 13 nodes=   60 non-disc=   59 levels= 8 cells[in-part=  114 spans=   42] unknown=  0 pass
  multipartite(1, 2, 2, 2, 2, 4)     n= 13 nodes=   20 non-disc=   19 levels= 7 cells[in-part=   19 spans=   12] unknown=  0 pass
  multipartite(1, 2, 2, 2, 3, 3)     n= 13 nodes=   28 non-disc=   27 levels= 7 cells[in-part=   35 spans=   18] unknown=  0 pass
  multipartite(2, 2, 2, 2, 2, 3)     n= 13 nodes=   18 non-disc=   17 levels= 7 cells[in-part=   15 spans=   12] unknown=  0 pass
  multipartite(1, 1, 1, 1, 1, 1, 7)  n= 13 nodes=   42 non-disc=   41 levels=11 cells[in-part=   36 spans=   35] unknown=  0 pass
  multipartite(1, 1, 1, 1, 1, 2, 6)  n= 13 nodes=   60 non-disc=   59 levels=10 cells[in-part=   80 spans=   48] unknown=  0 pass
  multipartite(1, 1, 1, 1, 1, 3, 5)  n= 13 nodes=   75 non-disc=   74 levels=10 cells[in-part=  110 spans=   60] unknown=  0 pass
  multipartite(1, 1, 1, 1, 1, 4, 4)  n= 13 nodes=   65 non-disc=   64 levels=10 cells[in-part=   85 spans=   57] unknown=  0 pass
  multipartite(1, 1, 1, 1, 2, 2, 5)  n= 13 nodes=   60 non-disc=   59 levels= 9 cells[in-part=   68 spans=   65] unknown=  0 pass
  multipartite(1, 1, 1, 1, 2, 3, 4)  n= 13 nodes=   96 non-disc=   95 levels= 9 cells[in-part=  184 spans=   72] unknown=  0 pass
  multipartite(1, 1, 1, 1, 3, 3, 3)  n= 13 nodes=   60 non-disc=   59 levels= 9 cells[in-part=   84 spans=   57] unknown=  0 pass
  multipartite(1, 1, 1, 2, 2, 2, 4)  n= 13 nodes=   48 non-disc=   47 levels= 8 cells[in-part=   48 spans=   56] unknown=  0 pass
  multipartite(1, 1, 1, 2, 2, 3, 3)  n= 13 nodes=   63 non-disc=   62 levels= 8 cells[in-part=   84 spans=   72] unknown=  0 pass
  multipartite(1, 1, 2, 2, 2, 2, 3)  n= 13 nodes=   30 non-disc=   29 levels= 7 cells[in-part=   26 spans=   33] unknown=  0 pass
  multipartite(1, 2, 2, 2, 2, 2, 2)  n= 13 nodes=    7 non-disc=    6 levels= 6 cells[in-part=    1 spans=    5] unknown=  0 pass
  multipartite(1, 1, 1, 1, 1, 1, 1, 6) n= 13 nodes=   42 non-disc=   41 levels=11 cells[in-part=   35 spans=   36] unknown=  0 pass
  multipartite(1, 1, 1, 1, 1, 1, 2, 5) n= 13 nodes=   60 non-disc=   59 levels=10 cells[in-part=   78 spans=   50] unknown=  0 pass
  multipartite(1, 1, 1, 1, 1, 1, 3, 4) n= 13 nodes=   72 non-disc=   71 levels=10 cells[in-part=  102 spans=   60] unknown=  0 pass
  multipartite(1, 1, 1, 1, 1, 2, 2, 4) n= 13 nodes=   60 non-disc=   59 levels= 9 cells[in-part=   65 spans=   68] unknown=  0 pass
  multipartite(1, 1, 1, 1, 1, 2, 3, 3) n= 13 nodes=   70 non-disc=   69 levels= 9 cells[in-part=  105 spans=   66] unknown=  0 pass
  multipartite(1, 1, 1, 1, 2, 2, 2, 3) n= 13 nodes=   48 non-disc=   47 levels= 8 cells[in-part=   44 spans=   60] unknown=  0 pass
  multipartite(1, 1, 1, 2, 2, 2, 2, 2) n= 13 nodes=   18 non-disc=   17 levels= 7 cells[in-part=    3 spans=   24] unknown=  0 pass
  multipartite(1, 1, 1, 1, 1, 1, 1, 1, 5) n= 13 nodes=   40 non-disc=   39 levels=11 cells[in-part=   32 spans=   35] unknown=  0 pass
  multipartite(1, 1, 1, 1, 1, 1, 1, 2, 4) n= 13 nodes=   56 non-disc=   55 levels=10 cells[in-part=   70 spans=   48] unknown=  0 pass
  multipartite(1, 1, 1, 1, 1, 1, 1, 3, 3) n= 13 nodes=   49 non-disc=   48 levels=10 cells[in-part=   49 spans=   49] unknown=  0 pass
  multipartite(1, 1, 1, 1, 1, 1, 2, 2, 3) n= 13 nodes=   54 non-disc=   53 levels= 9 cells[in-part=   54 spans=   63] unknown=  0 pass
  multipartite(1, 1, 1, 1, 1, 2, 2, 2, 2) n= 13 nodes=   25 non-disc=   24 levels= 8 cells[in-part=    5 spans=   35] unknown=  0 pass
  multipartite(1, 1, 1, 1, 1, 1, 1, 1, 1, 4) n= 13 nodes=   36 non-disc=   35 levels=11 cells[in-part=   27 spans=   32] unknown=  0 pass
  multipartite(1, 1, 1, 1, 1, 1, 1, 1, 2, 3) n= 13 nodes=   48 non-disc=   47 levels=10 cells[in-part=   56 spans=   42] unknown=  0 pass
  multipartite(1, 1, 1, 1, 1, 1, 1, 2, 2, 2) n= 13 nodes=   28 non-disc=   27 levels= 9 cells[in-part=    7 spans=   38] unknown=  0 pass
  multipartite(1, 1, 1, 1, 1, 1, 1, 1, 1, 1, 3) n= 13 nodes=   30 non-disc=   29 levels=11 cells[in-part=   20 spans=   27] unknown=  0 pass
  multipartite(1, 1, 1, 1, 1, 1, 1, 1, 1, 2, 2) n= 13 nodes=   27 non-disc=   26 levels=10 cells[in-part=    9 spans=   33] unknown=  0 pass
  multipartite(1, 1, 1, 1, 1, 1, 1, 1, 1, 1, 1, 2) n= 13 nodes=   22 non-disc=   21 levels=11 cells[in-part=   11 spans=   20] unknown=  0 pass
  multipartite(1, 13)                n= 14 nodes=   13 non-disc=   12 levels=12 cells[in-part=   12 spans=    0] unknown=  0 pass
  multipartite(2, 12)                n= 14 nodes=   24 non-disc=   23 levels=12 cells[in-part=   34 spans=    0] unknown=  0 pass
  multipartite(3, 11)                n= 14 nodes=   33 non-disc=   32 levels=12 cells[in-part=   52 spans=    0] unknown=  0 pass
  multipartite(4, 10)                n= 14 nodes=   40 non-disc=   39 levels=12 cells[in-part=   66 spans=    0] unknown=  0 pass
  multipartite(5, 9)                 n= 14 nodes=   45 non-disc=   44 levels=12 cells[in-part=   76 spans=    0] unknown=  0 pass
  multipartite(6, 8)                 n= 14 nodes=   48 non-disc=   47 levels=12 cells[in-part=   82 spans=    0] unknown=  0 pass
  multipartite(7, 7)                 n= 14 nodes=   43 non-disc=   42 levels=12 cells[in-part=   71 spans=    1] unknown=  0 pass
  multipartite(1, 1, 12)             n= 14 nodes=   24 non-disc=   23 levels=12 cells[in-part=   22 spans=   12] unknown=  0 pass
  multipartite(1, 2, 11)             n= 14 nodes=   22 non-disc=   21 levels=11 cells[in-part=   31 spans=    0] unknown=  0 pass
  multipartite(1, 3, 10)             n= 14 nodes=   30 non-disc=   29 levels=11 cells[in-part=   47 spans=    0] unknown=  0 pass
  multipartite(1, 4, 9)              n= 14 nodes=   36 non-disc=   35 levels=11 cells[in-part=   59 spans=    0] unknown=  0 pass
  multipartite(1, 5, 8)              n= 14 nodes=   40 non-disc=   39 levels=11 cells[in-part=   67 spans=    0] unknown=  0 pass
  multipartite(1, 6, 7)              n= 14 nodes=   42 non-disc=   41 levels=11 cells[in-part=   71 spans=    0] unknown=  0 pass
  multipartite(2, 2, 10)             n= 14 nodes=   30 non-disc=   29 levels=11 cells[in-part=   37 spans=   10] unknown=  0 pass
  multipartite(2, 3, 9)              n= 14 nodes=   54 non-disc=   53 levels=11 cells[in-part=  111 spans=    0] unknown=  0 pass
  multipartite(2, 4, 8)              n= 14 nodes=   64 non-disc=   63 levels=11 cells[in-part=  136 spans=    0] unknown=  0 pass
  multipartite(2, 5, 7)              n= 14 nodes=   70 non-disc=   69 levels=11 cells[in-part=  151 spans=    0] unknown=  0 pass
  multipartite(2, 6, 6)              n= 14 nodes=   62 non-disc=   61 levels=11 cells[in-part=  129 spans=    2] unknown=  0 pass
  multipartite(3, 3, 8)              n= 14 nodes=   56 non-disc=   55 levels=11 cells[in-part=  105 spans=    8] unknown=  0 pass
  multipartite(3, 4, 7)              n= 14 nodes=   84 non-disc=   83 levels=11 cells[in-part=  191 spans=    0] unknown=  0 pass
  multipartite(3, 5, 6)              n= 14 nodes=   90 non-disc=   89 levels=11 cells[in-part=  207 spans=    0] unknown=  0 pass
  multipartite(4, 4, 6)              n= 14 nodes=   78 non-disc=   77 levels=11 cells[in-part=  167 spans=    6] unknown=  0 pass
  multipartite(4, 5, 5)              n= 14 nodes=   84 non-disc=   83 levels=11 cells[in-part=  187 spans=    4] unknown=  0 pass
  multipartite(1, 1, 1, 11)          n= 14 nodes=   33 non-disc=   32 levels=12 cells[in-part=   30 spans=   22] unknown=  0 pass
  multipartite(1, 1, 2, 10)          n= 14 nodes=   40 non-disc=   39 levels=11 cells[in-part=   56 spans=   20] unknown=  0 pass
  multipartite(1, 1, 3, 9)           n= 14 nodes=   54 non-disc=   53 levels=11 cells[in-part=   84 spans=   27] unknown=  0 pass
  multipartite(1, 1, 4, 8)           n= 14 nodes=   64 non-disc=   63 levels=11 cells[in-part=  104 spans=   32] unknown=  0 pass
  multipartite(1, 1, 5, 7)           n= 14 nodes=   70 non-disc=   69 levels=11 cells[in-part=  116 spans=   35] unknown=  0 pass
  multipartite(1, 1, 6, 6)           n= 14 nodes=   62 non-disc=   61 levels=11 cells[in-part=   98 spans=   33] unknown=  0 pass
  multipartite(1, 2, 2, 9)           n= 14 nodes=   27 non-disc=   26 levels=10 cells[in-part=   33 spans=    9] unknown=  0 pass
  multipartite(1, 2, 3, 8)           n= 14 nodes=   48 non-disc=   47 levels=10 cells[in-part=   98 spans=    0] unknown=  0 pass
  multipartite(1, 2, 4, 7)           n= 14 nodes=   56 non-disc=   55 levels=10 cells[in-part=  118 spans=    0] unknown=  0 pass
  multipartite(1, 2, 5, 6)           n= 14 nodes=   60 non-disc=   59 levels=10 cells[in-part=  128 spans=    0] unknown=  0 pass
  multipartite(1, 3, 3, 7)           n= 14 nodes=   49 non-disc=   48 levels=10 cells[in-part=   91 spans=    7] unknown=  0 pass
  multipartite(1, 3, 4, 6)           n= 14 nodes=   72 non-disc=   71 levels=10 cells[in-part=  162 spans=    0] unknown=  0 pass
  multipartite(1, 3, 5, 5)           n= 14 nodes=   63 non-disc=   62 levels=10 cells[in-part=  135 spans=    3] unknown=  0 pass
  multipartite(1, 4, 4, 5)           n= 14 nodes=   65 non-disc=   64 levels=10 cells[in-part=  137 spans=    5] unknown=  0 pass
  multipartite(2, 2, 2, 8)           n= 14 nodes=   32 non-disc=   31 levels=10 cells[in-part=   36 spans=   16] unknown=  0 pass
  multipartite(2, 2, 3, 7)           n= 14 nodes=   63 non-disc=   62 levels=10 cells[in-part=  117 spans=   21] unknown=  0 pass
  multipartite(2, 2, 4, 6)           n= 14 nodes=   72 non-disc=   71 levels=10 cells[in-part=  138 spans=   24] unknown=  0 pass
  multipartite(2, 2, 5, 5)           n= 14 nodes=   63 non-disc=   62 levels=10 cells[in-part=  114 spans=   24] unknown=  0 pass
  multipartite(2, 3, 3, 6)           n= 14 nodes=   84 non-disc=   83 levels=10 cells[in-part=  196 spans=   12] unknown=  0 pass
  multipartite(2, 3, 4, 5)           n= 14 nodes=  120 non-disc=  119 levels=10 cells[in-part=  326 spans=    0] unknown=  0 pass
  multipartite(2, 4, 4, 4)           n= 14 nodes=   80 non-disc=   79 levels=10 cells[in-part=  194 spans=    8] unknown=  0 pass
  multipartite(3, 3, 3, 5)           n= 14 nodes=   75 non-disc=   74 levels=10 cells[in-part=  165 spans=   15] unknown=  0 pass
  multipartite(3, 3, 4, 4)           n= 14 nodes=   91 non-disc=   90 levels=10 cells[in-part=  210 spans=   20] unknown=  0 pass
  multipartite(1, 1, 1, 1, 10)       n= 14 nodes=   40 non-disc=   39 levels=12 cells[in-part=   36 spans=   30] unknown=  0 pass
  multipartite(1, 1, 1, 2, 9)        n= 14 nodes=   54 non-disc=   53 levels=11 cells[in-part=   75 spans=   36] unknown=  0 pass
  multipartite(1, 1, 1, 3, 8)        n= 14 nodes=   72 non-disc=   71 levels=11 cells[in-part=  111 spans=   48] unknown=  0 pass
  multipartite(1, 1, 1, 4, 7)        n= 14 nodes=   84 non-disc=   83 levels=11 cells[in-part=  135 spans=   56] unknown=  0 pass
  multipartite(1, 1, 1, 5, 6)        n= 14 nodes=   90 non-disc=   89 levels=11 cells[in-part=  147 spans=   60] unknown=  0 pass
  multipartite(1, 1, 2, 2, 8)        n= 14 nodes=   48 non-disc=   47 levels=10 cells[in-part=   58 spans=   40] unknown=  0 pass
  multipartite(1, 1, 2, 3, 7)        n= 14 nodes=   84 non-disc=   83 levels=10 cells[in-part=  170 spans=   42] unknown=  0 pass
  multipartite(1, 1, 2, 4, 6)        n= 14 nodes=   96 non-disc=   95 levels=10 cells[in-part=  200 spans=   48] unknown=  0 pass
  multipartite(1, 1, 2, 5, 5)        n= 14 nodes=   84 non-disc=   83 levels=10 cells[in-part=  166 spans=   46] unknown=  0 pass
  multipartite(1, 1, 3, 3, 6)        n= 14 nodes=   84 non-disc=   83 levels=10 cells[in-part=  154 spans=   54] unknown=  0 pass
  multipartite(1, 1, 3, 4, 5)        n= 14 nodes=  120 non-disc=  119 levels=10 cells[in-part=  266 spans=   60] unknown=  0 pass
  multipartite(1, 1, 4, 4, 4)        n= 14 nodes=   80 non-disc=   79 levels=10 cells[in-part=  154 spans=   48] unknown=  0 pass
  multipartite(1, 2, 2, 2, 7)        n= 14 nodes=   28 non-disc=   27 levels= 9 cells[in-part=   31 spans=   14] unknown=  0 pass
  multipartite(1, 2, 2, 3, 6)        n= 14 nodes=   54 non-disc=   53 levels= 9 cells[in-part=   99 spans=   18] unknown=  0 pass
  multipartite(1, 2, 2, 4, 5)        n= 14 nodes=   60 non-disc=   59 levels= 9 cells[in-part=  113 spans=   20] unknown=  0 pass
  multipartite(1, 2, 3, 3, 5)        n= 14 nodes=   70 non-disc=   69 levels= 9 cells[in-part=  161 spans=   10] unknown=  0 pass
  multipartite(1, 2, 3, 4, 4)        n= 14 nodes=   78 non-disc=   77 levels= 9 cells[in-part=  193 spans=    6] unknown=  0 pass
  multipartite(1, 3, 3, 3, 4)        n= 14 nodes=   60 non-disc=   59 levels= 9 cells[in-part=  129 spans=   12] unknown=  0 pass
  multipartite(2, 2, 2, 2, 6)        n= 14 nodes=   30 non-disc=   29 levels= 9 cells[in-part=   31 spans=   18] unknown=  0 pass
  multipartite(2, 2, 2, 3, 5)        n= 14 nodes=   60 non-disc=   59 levels= 9 cells[in-part=  103 spans=   30] unknown=  0 pass
  multipartite(2, 2, 2, 4, 4)        n= 14 nodes=   52 non-disc=   51 levels= 9 cells[in-part=   81 spans=   30] unknown=  0 pass
  multipartite(2, 2, 3, 3, 4)        n= 14 nodes=   84 non-disc=   83 levels= 9 cells[in-part=  175 spans=   40] unknown=  0 pass
  multipartite(2, 3, 3, 3, 3)        n= 14 nodes=   62 non-disc=   61 levels= 9 cells[in-part=  145 spans=   14] unknown=  0 pass
  multipartite(1, 1, 1, 1, 1, 9)     n= 14 nodes=   45 non-disc=   44 levels=12 cells[in-part=   40 spans=   36] unknown=  0 pass
  multipartite(1, 1, 1, 1, 2, 8)     n= 14 nodes=   64 non-disc=   63 levels=11 cells[in-part=   88 spans=   48] unknown=  0 pass
  multipartite(1, 1, 1, 1, 3, 7)     n= 14 nodes=   84 non-disc=   83 levels=11 cells[in-part=  128 spans=   63] unknown=  0 pass
  multipartite(1, 1, 1, 1, 4, 6)     n= 14 nodes=   96 non-disc=   95 levels=11 cells[in-part=  152 spans=   72] unknown=  0 pass
  multipartite(1, 1, 1, 1, 5, 5)     n= 14 nodes=   84 non-disc=   83 levels=11 cells[in-part=  124 spans=   67] unknown=  0 pass
  multipartite(1, 1, 1, 2, 2, 7)     n= 14 nodes=   63 non-disc=   62 levels=10 cells[in-part=   75 spans=   63] unknown=  0 pass
  multipartite(1, 1, 1, 2, 3, 6)     n= 14 nodes=  108 non-disc=  107 levels=10 cells[in-part=  216 spans=   72] unknown=  0 pass
  multipartite(1, 1, 1, 2, 4, 5)     n= 14 nodes=  120 non-disc=  119 levels=10 cells[in-part=  246 spans=   80] unknown=  0 pass
  multipartite(1, 1, 1, 3, 3, 5)     n= 14 nodes=  105 non-disc=  104 levels=10 cells[in-part=  189 spans=   85] unknown=  0 pass
  multipartite(1, 1, 1, 3, 4, 4)     n= 14 nodes=  117 non-disc=  116 levels=10 cells[in-part=  231 spans=   87] unknown=  0 pass
  multipartite(1, 1, 2, 2, 2, 6)     n= 14 nodes=   48 non-disc=   47 levels= 9 cells[in-part=   52 spans=   48] unknown=  0 pass
  multipartite(1, 1, 2, 2, 3, 5)     n= 14 nodes=   90 non-disc=   89 levels= 9 cells[in-part=  162 spans=   75] unknown=  0 pass
  multipartite(1, 1, 2, 2, 4, 4)     n= 14 nodes=   78 non-disc=   77 levels= 9 cells[in-part=  128 spans=   71] unknown=  0 pass
  multipartite(1, 1, 2, 3, 3, 4)     n= 14 nodes=  112 non-disc=  111 levels= 9 cells[in-part=  252 spans=   72] unknown=  0 pass
  multipartite(1, 1, 3, 3, 3, 3)     n= 14 nodes=   62 non-disc=   61 levels= 9 cells[in-part=  114 spans=   45] unknown=  0 pass
  multipartite(1, 2, 2, 2, 2, 5)     n= 14 nodes=   25 non-disc=   24 levels= 8 cells[in-part=   25 spans=   15] unknown=  0 pass
  multipartite(1, 2, 2, 2, 3, 4)     n= 14 nodes=   48 non-disc=   47 levels= 8 cells[in-part=   80 spans=   24] unknown=  0 pass
  multipartite(1, 2, 2, 3, 3, 3)     n= 14 nodes=   45 non-disc=   44 levels= 8 cells[in-part=   78 spans=   24] unknown=  0 pass
  multipartite(2, 2, 2, 2, 2, 4)     n= 14 nodes=   24 non-disc=   23 levels= 8 cells[in-part=   22 spans=   16] unknown=  0 pass
  multipartite(2, 2, 2, 2, 3, 3)     n= 14 nodes=   35 non-disc=   34 levels= 8 cells[in-part=   42 spans=   26] unknown=  0 pass
  multipartite(1, 1, 1, 1, 1, 1, 8)  n= 14 nodes=   48 non-disc=   47 levels=12 cells[in-part=   42 spans=   40] unknown=  0 pass
  multipartite(1, 1, 1, 1, 1, 2, 7)  n= 14 nodes=   70 non-disc=   69 levels=11 cells[in-part=   95 spans=   56] unknown=  0 pass
  multipartite(1, 1, 1, 1, 1, 3, 6)  n= 14 nodes=   90 non-disc=   89 levels=11 cells[in-part=  135 spans=   72] unknown=  0 pass
  multipartite(1, 1, 1, 1, 1, 4, 5)  n= 14 nodes=  100 non-disc=   99 levels=11 cells[in-part=  155 spans=   80] unknown=  0 pass
  multipartite(1, 1, 1, 1, 2, 2, 6)  n= 14 nodes=   72 non-disc=   71 levels=10 cells[in-part=   84 spans=   78] unknown=  0 pass
  multipartite(1, 1, 1, 1, 2, 3, 5)  n= 14 nodes=  120 non-disc=  119 levels=10 cells[in-part=  236 spans=   90] unknown=  0 pass
  multipartite(1, 1, 1, 1, 2, 4, 4)  n= 14 nodes=  104 non-disc=  103 levels=10 cells[in-part=  188 spans=   86] unknown=  0 pass
  multipartite(1, 1, 1, 1, 3, 3, 4)  n= 14 nodes=  112 non-disc=  111 levels=10 cells[in-part=  196 spans=  100] unknown=  0 pass
  multipartite(1, 1, 1, 2, 2, 2, 5)  n= 14 nodes=   60 non-disc=   59 levels= 9 cells[in-part=   63 spans=   70] unknown=  0 pass
  multipartite(1, 1, 1, 2, 2, 3, 4)  n= 14 nodes=  108 non-disc=  107 levels= 9 cells[in-part=  189 spans=  108] unknown=  0 pass
  multipartite(1, 1, 1, 2, 3, 3, 3)  n= 14 nodes=   90 non-disc=   89 levels= 9 cells[in-part=  171 spans=   78] unknown=  0 pass
  multipartite(1, 1, 2, 2, 2, 2, 4)  n= 14 nodes=   40 non-disc=   39 levels= 8 cells[in-part=   38 spans=   44] unknown=  0 pass
  multipartite(1, 1, 2, 2, 2, 3, 3)  n= 14 nodes=   56 non-disc=   55 levels= 8 cells[in-part=   70 spans=   64] unknown=  0 pass
  multipartite(1, 2, 2, 2, 2, 2, 3)  n= 14 nodes=   18 non-disc=   17 levels= 7 cells[in-part=   15 spans=   12] unknown=  0 pass
  multipartite(2, 2, 2, 2, 2, 2, 2)  n= 14 nodes=    8 non-disc=    7 levels= 7 cells[in-part=    1 spans=    6] unknown=  0 pass
  multipartite(1, 1, 1, 1, 1, 1, 1, 7) n= 14 nodes=   49 non-disc=   48 levels=12 cells[in-part=   42 spans=   42] unknown=  0 pass
  multipartite(1, 1, 1, 1, 1, 1, 2, 6) n= 14 nodes=   72 non-disc=   71 levels=11 cells[in-part=   96 spans=   60] unknown=  0 pass
  multipartite(1, 1, 1, 1, 1, 1, 3, 5) n= 14 nodes=   90 non-disc=   89 levels=11 cells[in-part=  132 spans=   75] unknown=  0 pass
  multipartite(1, 1, 1, 1, 1, 1, 4, 4) n= 14 nodes=   78 non-disc=   77 levels=11 cells[in-part=  102 spans=   71] unknown=  0 pass
  multipartite(1, 1, 1, 1, 1, 2, 2, 5) n= 14 nodes=   75 non-disc=   74 levels=10 cells[in-part=   85 spans=   85] unknown=  0 pass
  multipartite(1, 1, 1, 1, 1, 2, 3, 4) n= 14 nodes=  120 non-disc=  119 levels=10 cells[in-part=  230 spans=   96] unknown=  0 pass
  multipartite(1, 1, 1, 1, 1, 3, 3, 3) n= 14 nodes=   75 non-disc=   74 levels=10 cells[in-part=  105 spans=   75] unknown=  0 pass
  multipartite(1, 1, 1, 1, 2, 2, 2, 4) n= 14 nodes=   64 non-disc=   63 levels= 9 cells[in-part=   64 spans=   80] unknown=  0 pass
  multipartite(1, 1, 1, 1, 2, 2, 3, 3) n= 14 nodes=   84 non-disc=   83 levels= 9 cells[in-part=  112 spans=  103] unknown=  0 pass
  multipartite(1, 1, 1, 2, 2, 2, 2, 3) n= 14 nodes=   45 non-disc=   44 levels= 8 cells[in-part=   39 spans=   57] unknown=  0 pass
  multipartite(1, 1, 2, 2, 2, 2, 2, 2) n= 14 nodes=   14 non-disc=   13 levels= 7 cells[in-part=    2 spans=   17] unknown=  0 pass
  multipartite(1, 1, 1, 1, 1, 1, 1, 1, 6) n= 14 nodes=   48 non-disc=   47 levels=12 cells[in-part=   40 spans=   42] unknown=  0 pass
  multipartite(1, 1, 1, 1, 1, 1, 1, 2, 5) n= 14 nodes=   70 non-disc=   69 levels=11 cells[in-part=   91 spans=   60] unknown=  0 pass
  multipartite(1, 1, 1, 1, 1, 1, 1, 3, 4) n= 14 nodes=   84 non-disc=   83 levels=11 cells[in-part=  119 spans=   72] unknown=  0 pass
  multipartite(1, 1, 1, 1, 1, 1, 2, 2, 4) n= 14 nodes=   72 non-disc=   71 levels=10 cells[in-part=   78 spans=   84] unknown=  0 pass
  multipartite(1, 1, 1, 1, 1, 1, 2, 3, 3) n= 14 nodes=   84 non-disc=   83 levels=10 cells[in-part=  126 spans=   82] unknown=  0 pass
  multipartite(1, 1, 1, 1, 1, 2, 2, 2, 3) n= 14 nodes=   60 non-disc=   59 levels= 9 cells[in-part=   55 spans=   78] unknown=  0 pass
  multipartite(1, 1, 1, 1, 2, 2, 2, 2, 2) n= 14 nodes=   24 non-disc=   23 levels= 8 cells[in-part=    4 spans=   34] unknown=  0 pass
  multipartite(1, 1, 1, 1, 1, 1, 1, 1, 1, 5) n= 14 nodes=   45 non-disc=   44 levels=12 cells[in-part=   36 spans=   40] unknown=  0 pass
  multipartite(1, 1, 1, 1, 1, 1, 1, 1, 2, 4) n= 14 nodes=   64 non-disc=   63 levels=11 cells[in-part=   80 spans=   56] unknown=  0 pass
  multipartite(1, 1, 1, 1, 1, 1, 1, 1, 3, 3) n= 14 nodes=   56 non-disc=   55 levels=11 cells[in-part=   56 spans=   57] unknown=  0 pass
  multipartite(1, 1, 1, 1, 1, 1, 1, 2, 2, 3) n= 14 nodes=   63 non-disc=   62 levels=10 cells[in-part=   63 spans=   75] unknown=  0 pass
  multipartite(1, 1, 1, 1, 1, 1, 2, 2, 2, 2) n= 14 nodes=   30 non-disc=   29 levels= 9 cells[in-part=    6 spans=   43] unknown=  0 pass
  multipartite(1, 1, 1, 1, 1, 1, 1, 1, 1, 1, 4) n= 14 nodes=   40 non-disc=   39 levels=12 cells[in-part=   30 spans=   36] unknown=  0 pass
  multipartite(1, 1, 1, 1, 1, 1, 1, 1, 1, 2, 3) n= 14 nodes=   54 non-disc=   53 levels=11 cells[in-part=   63 spans=   48] unknown=  0 pass
  multipartite(1, 1, 1, 1, 1, 1, 1, 1, 2, 2, 2) n= 14 nodes=   32 non-disc=   31 levels=10 cells[in-part=    8 spans=   44] unknown=  0 pass
  multipartite(1, 1, 1, 1, 1, 1, 1, 1, 1, 1, 1, 3) n= 14 nodes=   33 non-disc=   32 levels=12 cells[in-part=   22 spans=   30] unknown=  0 pass
  multipartite(1, 1, 1, 1, 1, 1, 1, 1, 1, 1, 2, 2) n= 14 nodes=   30 non-disc=   29 levels=11 cells[in-part=   10 spans=   37] unknown=  0 pass
  multipartite(1, 1, 1, 1, 1, 1, 1, 1, 1, 1, 1, 1, 2) n= 14 nodes=   24 non-disc=   23 levels=12 cells[in-part=   12 spans=   22] unknown=  0 pass
  multipartite(1, 14)                n= 15 nodes=   14 non-disc=   13 levels=13 cells[in-part=   13 spans=    0] unknown=  0 pass
  multipartite(2, 13)                n= 15 nodes=   26 non-disc=   25 levels=13 cells[in-part=   37 spans=    0] unknown=  0 pass
  multipartite(3, 12)                n= 15 nodes=   36 non-disc=   35 levels=13 cells[in-part=   57 spans=    0] unknown=  0 pass
  multipartite(4, 11)                n= 15 nodes=   44 non-disc=   43 levels=13 cells[in-part=   73 spans=    0] unknown=  0 pass
  multipartite(5, 10)                n= 15 nodes=   50 non-disc=   49 levels=13 cells[in-part=   85 spans=    0] unknown=  0 pass
  multipartite(6, 9)                 n= 15 nodes=   54 non-disc=   53 levels=13 cells[in-part=   93 spans=    0] unknown=  0 pass
  multipartite(7, 8)                 n= 15 nodes=   56 non-disc=   55 levels=13 cells[in-part=   97 spans=    0] unknown=  0 pass
  multipartite(1, 1, 13)             n= 15 nodes=   26 non-disc=   25 levels=13 cells[in-part=   24 spans=   13] unknown=  0 pass
  multipartite(1, 2, 12)             n= 15 nodes=   24 non-disc=   23 levels=12 cells[in-part=   34 spans=    0] unknown=  0 pass
  multipartite(1, 3, 11)             n= 15 nodes=   33 non-disc=   32 levels=12 cells[in-part=   52 spans=    0] unknown=  0 pass
  multipartite(1, 4, 10)             n= 15 nodes=   40 non-disc=   39 levels=12 cells[in-part=   66 spans=    0] unknown=  0 pass
  multipartite(1, 5, 9)              n= 15 nodes=   45 non-disc=   44 levels=12 cells[in-part=   76 spans=    0] unknown=  0 pass
  multipartite(1, 6, 8)              n= 15 nodes=   48 non-disc=   47 levels=12 cells[in-part=   82 spans=    0] unknown=  0 pass
  multipartite(1, 7, 7)              n= 15 nodes=   43 non-disc=   42 levels=12 cells[in-part=   71 spans=    1] unknown=  0 pass
  multipartite(2, 2, 11)             n= 15 nodes=   33 non-disc=   32 levels=12 cells[in-part=   41 spans=   11] unknown=  0 pass
  multipartite(2, 3, 10)             n= 15 nodes=   60 non-disc=   59 levels=12 cells[in-part=  124 spans=    0] unknown=  0 pass
  multipartite(2, 4, 9)              n= 15 nodes=   72 non-disc=   71 levels=12 cells[in-part=  154 spans=    0] unknown=  0 pass
  multipartite(2, 5, 8)              n= 15 nodes=   80 non-disc=   79 levels=12 cells[in-part=  174 spans=    0] unknown=  0 pass
  multipartite(2, 6, 7)              n= 15 nodes=   84 non-disc=   83 levels=12 cells[in-part=  184 spans=    0] unknown=  0 pass
  multipartite(3, 3, 9)              n= 15 nodes=   63 non-disc=   62 levels=12 cells[in-part=  119 spans=    9] unknown=  0 pass
  multipartite(3, 4, 8)              n= 15 nodes=   96 non-disc=   95 levels=12 cells[in-part=  220 spans=    0] unknown=  0 pass
  multipartite(3, 5, 7)              n= 15 nodes=  105 non-disc=  104 levels=12 cells[in-part=  244 spans=    0] unknown=  0 pass
  multipartite(3, 6, 6)              n= 15 nodes=   93 non-disc=   92 levels=12 cells[in-part=  209 spans=    3] unknown=  0 pass
  multipartite(4, 4, 7)              n= 15 nodes=   91 non-disc=   90 levels=12 cells[in-part=  197 spans=    7] unknown=  0 pass
  multipartite(4, 5, 6)              n= 15 nodes=  120 non-disc=  119 levels=12 cells[in-part=  286 spans=    0] unknown=  0 pass
  multipartite(5, 5, 5)              n= 15 nodes=   85 non-disc=   84 levels=12 cells[in-part=  187 spans=    5] unknown=  0 pass
  multipartite(1, 1, 1, 12)          n= 15 nodes=   36 non-disc=   35 levels=13 cells[in-part=   33 spans=   24] unknown=  0 pass
  multipartite(1, 1, 2, 11)          n= 15 nodes=   44 non-disc=   43 levels=12 cells[in-part=   62 spans=   22] unknown=  0 pass
  multipartite(1, 1, 3, 10)          n= 15 nodes=   60 non-disc=   59 levels=12 cells[in-part=   94 spans=   30] unknown=  0 pass
  multipartite(1, 1, 4, 9)           n= 15 nodes=   72 non-disc=   71 levels=12 cells[in-part=  118 spans=   36] unknown=  0 pass
  multipartite(1, 1, 5, 8)           n= 15 nodes=   80 non-disc=   79 levels=12 cells[in-part=  134 spans=   40] unknown=  0 pass
  multipartite(1, 1, 6, 7)           n= 15 nodes=   84 non-disc=   83 levels=12 cells[in-part=  142 spans=   42] unknown=  0 pass
  multipartite(1, 2, 2, 10)          n= 15 nodes=   30 non-disc=   29 levels=11 cells[in-part=   37 spans=   10] unknown=  0 pass
  multipartite(1, 2, 3, 9)           n= 15 nodes=   54 non-disc=   53 levels=11 cells[in-part=  111 spans=    0] unknown=  0 pass
  multipartite(1, 2, 4, 8)           n= 15 nodes=   64 non-disc=   63 levels=11 cells[in-part=  136 spans=    0] unknown=  0 pass
  multipartite(1, 2, 5, 7)           n= 15 nodes=   70 non-disc=   69 levels=11 cells[in-part=  151 spans=    0] unknown=  0 pass
  multipartite(1, 2, 6, 6)           n= 15 nodes=   62 non-disc=   61 levels=11 cells[in-part=  129 spans=    2] unknown=  0 pass
  multipartite(1, 3, 3, 8)           n= 15 nodes=   56 non-disc=   55 levels=11 cells[in-part=  105 spans=    8] unknown=  0 pass
  multipartite(1, 3, 4, 7)           n= 15 nodes=   84 non-disc=   83 levels=11 cells[in-part=  191 spans=    0] unknown=  0 pass
  multipartite(1, 3, 5, 6)           n= 15 nodes=   90 non-disc=   89 levels=11 cells[in-part=  207 spans=    0] unknown=  0 pass
  multipartite(1, 4, 4, 6)           n= 15 nodes=   78 non-disc=   77 levels=11 cells[in-part=  167 spans=    6] unknown=  0 pass
  multipartite(1, 4, 5, 5)           n= 15 nodes=   84 non-disc=   83 levels=11 cells[in-part=  187 spans=    4] unknown=  0 pass
  multipartite(2, 2, 2, 9)           n= 15 nodes=   36 non-disc=   35 levels=11 cells[in-part=   41 spans=   18] unknown=  0 pass
  multipartite(2, 2, 3, 8)           n= 15 nodes=   72 non-disc=   71 levels=11 cells[in-part=  135 spans=   24] unknown=  0 pass
  multipartite(2, 2, 4, 7)           n= 15 nodes=   84 non-disc=   83 levels=11 cells[in-part=  163 spans=   28] unknown=  0 pass
  multipartite(2, 2, 5, 6)           n= 15 nodes=   90 non-disc=   89 levels=11 cells[in-part=  177 spans=   30] unknown=  0 pass
  multipartite(2, 3, 3, 7)           n= 15 nodes=   98 non-disc=   97 levels=11 cells[in-part=  231 spans=   14] unknown=  0 pass
  multipartite(2, 3, 4, 6)           n= 15 nodes=  144 non-disc=  143 levels=11 cells[in-part=  396 spans=    0] unknown=  0 pass
  multipartite(2, 3, 5, 5)           n= 15 nodes=  126 non-disc=  125 levels=11 cells[in-part=  333 spans=    6] unknown=  0 pass
  multipartite(2, 4, 4, 5)           n= 15 nodes=  130 non-disc=  129 levels=11 cells[in-part=  339 spans=   10] unknown=  0 pass
  multipartite(3, 3, 3, 6)           n= 15 nodes=   90 non-disc=   89 levels=11 cells[in-part=  201 spans=   18] unknown=  0 pass
  multipartite(3, 3, 4, 5)           n= 15 nodes=  140 non-disc=  139 levels=11 cells[in-part=  357 spans=   20] unknown=  0 pass
  multipartite(3, 4, 4, 4)           n= 15 nodes=  120 non-disc=  119 levels=11 cells[in-part=  311 spans=   12] unknown=  0 pass
  multipartite(1, 1, 1, 1, 11)       n= 15 nodes=   44 non-disc=   43 levels=13 cells[in-part=   40 spans=   33] unknown=  0 pass
  multipartite(1, 1, 1, 2, 10)       n= 15 nodes=   60 non-disc=   59 levels=12 cells[in-part=   84 spans=   40] unknown=  0 pass
  multipartite(1, 1, 1, 3, 9)        n= 15 nodes=   81 non-disc=   80 levels=12 cells[in-part=  126 spans=   54] unknown=  0 pass
  multipartite(1, 1, 1, 4, 8)        n= 15 nodes=   96 non-disc=   95 levels=12 cells[in-part=  156 spans=   64] unknown=  0 pass
  multipartite(1, 1, 1, 5, 7)        n= 15 nodes=  105 non-disc=  104 levels=12 cells[in-part=  174 spans=   70] unknown=  0 pass
  multipartite(1, 1, 1, 6, 6)        n= 15 nodes=   93 non-disc=   92 levels=12 cells[in-part=  147 spans=   65] unknown=  0 pass
  multipartite(1, 1, 2, 2, 9)        n= 15 nodes=   54 non-disc=   53 levels=11 cells[in-part=   66 spans=   45] unknown=  0 pass
  multipartite(1, 1, 2, 3, 8)        n= 15 nodes=   96 non-disc=   95 levels=11 cells[in-part=  196 spans=   48] unknown=  0 pass
  multipartite(1, 1, 2, 4, 7)        n= 15 nodes=  112 non-disc=  111 levels=11 cells[in-part=  236 spans=   56] unknown=  0 pass
  multipartite(1, 1, 2, 5, 6)        n= 15 nodes=  120 non-disc=  119 levels=11 cells[in-part=  256 spans=   60] unknown=  0 pass
  multipartite(1, 1, 3, 3, 7)        n= 15 nodes=   98 non-disc=   97 levels=11 cells[in-part=  182 spans=   63] unknown=  0 pass
  multipartite(1, 1, 3, 4, 6)        n= 15 nodes=  144 non-disc=  143 levels=11 cells[in-part=  324 spans=   72] unknown=  0 pass
  multipartite(1, 1, 3, 5, 5)        n= 15 nodes=  126 non-disc=  125 levels=11 cells[in-part=  270 spans=   69] unknown=  0 pass
  multipartite(1, 1, 4, 4, 5)        n= 15 nodes=  130 non-disc=  129 levels=11 cells[in-part=  274 spans=   75] unknown=  0 pass
  multipartite(1, 2, 2, 2, 8)        n= 15 nodes=   32 non-disc=   31 levels=10 cells[in-part=   36 spans=   16] unknown=  0 pass
  multipartite(1, 2, 2, 3, 7)        n= 15 nodes=   63 non-disc=   62 levels=10 cells[in-part=  117 spans=   21] unknown=  0 pass
  multipartite(1, 2, 2, 4, 6)        n= 15 nodes=   72 non-disc=   71 levels=10 cells[in-part=  138 spans=   24] unknown=  0 pass
  multipartite(1, 2, 2, 5, 5)        n= 15 nodes=   63 non-disc=   62 levels=10 cells[in-part=  114 spans=   24] unknown=  0 pass
  multipartite(1, 2, 3, 3, 6)        n= 15 nodes=   84 non-disc=   83 levels=10 cells[in-part=  196 spans=   12] unknown=  0 pass
  multipartite(1, 2, 3, 4, 5)        n= 15 nodes=  120 non-disc=  119 levels=10 cells[in-part=  326 spans=    0] unknown=  0 pass
  multipartite(1, 2, 4, 4, 4)        n= 15 nodes=   80 non-disc=   79 levels=10 cells[in-part=  194 spans=    8] unknown=  0 pass
  multipartite(1, 3, 3, 3, 5)        n= 15 nodes=   75 non-disc=   74 levels=10 cells[in-part=  165 spans=   15] unknown=  0 pass
  multipartite(1, 3, 3, 4, 4)        n= 15 nodes=   91 non-disc=   90 levels=10 cells[in-part=  210 spans=   20] unknown=  0 pass
  multipartite(2, 2, 2, 2, 7)        n= 15 nodes=   35 non-disc=   34 levels=10 cells[in-part=   37 spans=   21] unknown=  0 pass
  multipartite(2, 2, 2, 3, 6)        n= 15 nodes=   72 non-disc=   71 levels=10 cells[in-part=  126 spans=   36] unknown=  0 pass
  multipartite(2, 2, 2, 4, 5)        n= 15 nodes=   80 non-disc=   79 levels=10 cells[in-part=  144 spans=   40] unknown=  0 pass
  multipartite(2, 2, 3, 3, 5)        n= 15 nodes=  105 non-disc=  104 levels=10 cells[in-part=  224 spans=   50] unknown=  0 pass
  multipartite(2, 2, 3, 4, 4)        n= 15 nodes=  117 non-disc=  116 levels=10 cells[in-part=  270 spans=   48] unknown=  0 pass
  multipartite(2, 3, 3, 3, 4)        n= 15 nodes=  120 non-disc=  119 levels=10 cells[in-part=  318 spans=   24] unknown=  0 pass
  multipartite(3, 3, 3, 3, 3)        n= 15 nodes=   63 non-disc=   62 levels=10 cells[in-part=  145 spans=   15] unknown=  0 pass
  multipartite(1, 1, 1, 1, 1, 10)    n= 15 nodes=   50 non-disc=   49 levels=13 cells[in-part=   45 spans=   40] unknown=  0 pass
  multipartite(1, 1, 1, 1, 2, 9)     n= 15 nodes=   72 non-disc=   71 levels=12 cells[in-part=  100 spans=   54] unknown=  0 pass
  multipartite(1, 1, 1, 1, 3, 8)     n= 15 nodes=   96 non-disc=   95 levels=12 cells[in-part=  148 spans=   72] unknown=  0 pass
  multipartite(1, 1, 1, 1, 4, 7)     n= 15 nodes=  112 non-disc=  111 levels=12 cells[in-part=  180 spans=   84] unknown=  0 pass
  multipartite(1, 1, 1, 1, 5, 6)     n= 15 nodes=  120 non-disc=  119 levels=12 cells[in-part=  196 spans=   90] unknown=  0 pass
  multipartite(1, 1, 1, 2, 2, 8)     n= 15 nodes=   72 non-disc=   71 levels=11 cells[in-part=   87 spans=   72] unknown=  0 pass
  multipartite(1, 1, 1, 2, 3, 7)     n= 15 nodes=  126 non-disc=  125 levels=11 cells[in-part=  255 spans=   84] unknown=  0 pass
  multipartite(1, 1, 1, 2, 4, 6)     n= 15 nodes=  144 non-disc=  143 levels=11 cells[in-part=  300 spans=   96] unknown=  0 pass
  multipartite(1, 1, 1, 2, 5, 5)     n= 15 nodes=  126 non-disc=  125 levels=11 cells[in-part=  249 spans=   90] unknown=  0 pass
  multipartite(1, 1, 1, 3, 3, 6)     n= 15 nodes=  126 non-disc=  125 levels=11 cells[in-part=  231 spans=  102] unknown=  0 pass
  multipartite(1, 1, 1, 3, 4, 5)     n= 15 nodes=  180 non-disc=  179 levels=11 cells[in-part=  399 spans=  120] unknown=  0 pass
  multipartite(1, 1, 1, 4, 4, 4)     n= 15 nodes=  120 non-disc=  119 levels=11 cells[in-part=  231 spans=   92] unknown=  0 pass
  multipartite(1, 1, 2, 2, 2, 7)     n= 15 nodes=   56 non-disc=   55 levels=10 cells[in-part=   62 spans=   56] unknown=  0 pass
  multipartite(1, 1, 2, 2, 3, 6)     n= 15 nodes=  108 non-disc=  107 levels=10 cells[in-part=  198 spans=   90] unknown=  0 pass
  multipartite(1, 1, 2, 2, 4, 5)     n= 15 nodes=  120 non-disc=  119 levels=10 cells[in-part=  226 spans=  100] unknown=  0 pass
  multipartite(1, 1, 2, 3, 3, 5)     n= 15 nodes=  140 non-disc=  139 levels=10 cells[in-part=  322 spans=   90] unknown=  0 pass
  multipartite(1, 1, 2, 3, 4, 4)     n= 15 nodes=  156 non-disc=  155 levels=10 cells[in-part=  386 spans=   90] unknown=  0 pass
  multipartite(1, 1, 3, 3, 3, 4)     n= 15 nodes=  120 non-disc=  119 levels=10 cells[in-part=  258 spans=   84] unknown=  0 pass
  multipartite(1, 2, 2, 2, 2, 6)     n= 15 nodes=   30 non-disc=   29 levels= 9 cells[in-part=   31 spans=   18] unknown=  0 pass
  multipartite(1, 2, 2, 2, 3, 5)     n= 15 nodes=   60 non-disc=   59 levels= 9 cells[in-part=  103 spans=   30] unknown=  0 pass
  multipartite(1, 2, 2, 2, 4, 4)     n= 15 nodes=   52 non-disc=   51 levels= 9 cells[in-part=   81 spans=   30] unknown=  0 pass
  multipartite(1, 2, 2, 3, 3, 4)     n= 15 nodes=   84 non-disc=   83 levels= 9 cells[in-part=  175 spans=   40] unknown=  0 pass
  multipartite(1, 2, 3, 3, 3, 3)     n= 15 nodes=   62 non-disc=   61 levels= 9 cells[in-part=  145 spans=   14] unknown=  0 pass
  multipartite(2, 2, 2, 2, 2, 5)     n= 15 nodes=   30 non-disc=   29 levels= 9 cells[in-part=   29 spans=   20] unknown=  0 pass
  multipartite(2, 2, 2, 2, 3, 4)     n= 15 nodes=   60 non-disc=   59 levels= 9 cells[in-part=   97 spans=   36] unknown=  0 pass
  multipartite(2, 2, 2, 3, 3, 3)     n= 15 nodes=   60 non-disc=   59 levels= 9 cells[in-part=   99 spans=   42] unknown=  0 pass
  multipartite(1, 1, 1, 1, 1, 1, 9)  n= 15 nodes=   54 non-disc=   53 levels=13 cells[in-part=   48 spans=   45] unknown=  0 pass
  multipartite(1, 1, 1, 1, 1, 2, 8)  n= 15 nodes=   80 non-disc=   79 levels=12 cells[in-part=  110 spans=   64] unknown=  0 pass
  multipartite(1, 1, 1, 1, 1, 3, 7)  n= 15 nodes=  105 non-disc=  104 levels=12 cells[in-part=  160 spans=   84] unknown=  0 pass
  multipartite(1, 1, 1, 1, 1, 4, 6)  n= 15 nodes=  120 non-disc=  119 levels=12 cells[in-part=  190 spans=   96] unknown=  0 pass
  multipartite(1, 1, 1, 1, 1, 5, 5)  n= 15 nodes=  105 non-disc=  104 levels=12 cells[in-part=  155 spans=   89] unknown=  0 pass
  multipartite(1, 1, 1, 1, 2, 2, 7)  n= 15 nodes=   84 non-disc=   83 levels=11 cells[in-part=  100 spans=   91] unknown=  0 pass
  multipartite(1, 1, 1, 1, 2, 3, 6)  n= 15 nodes=  144 non-disc=  143 levels=11 cells[in-part=  288 spans=  108] unknown=  0 pass
  multipartite(1, 1, 1, 1, 2, 4, 5)  n= 15 nodes=  160 non-disc=  159 levels=11 cells[in-part=  328 spans=  120] unknown=  0 pass
  multipartite(1, 1, 1, 1, 3, 3, 5)  n= 15 nodes=  140 non-disc=  139 levels=11 cells[in-part=  252 spans=  125] unknown=  0 pass
  multipartite(1, 1, 1, 1, 3, 4, 4)  n= 15 nodes=  156 non-disc=  155 levels=11 cells[in-part=  308 spans=  129] unknown=  0 pass
  multipartite(1, 1, 1, 2, 2, 2, 6)  n= 15 nodes=   72 non-disc=   71 levels=10 cells[in-part=   78 spans=   84] unknown=  0 pass
  multipartite(1, 1, 1, 2, 2, 3, 5)  n= 15 nodes=  135 non-disc=  134 levels=10 cells[in-part=  243 spans=  135] unknown=  0 pass
  multipartite(1, 1, 1, 2, 2, 4, 4)  n= 15 nodes=  117 non-disc=  116 levels=10 cells[in-part=  192 spans=  126] unknown=  0 pass
  multipartite(1, 1, 1, 2, 3, 3, 4)  n= 15 nodes=  168 non-disc=  167 levels=10 cells[in-part=  378 spans=  136] unknown=  0 pass
  multipartite(1, 1, 1, 3, 3, 3, 3)  n= 15 nodes=   93 non-disc=   92 levels=10 cells[in-part=  171 spans=   83] unknown=  0 pass
  multipartite(1, 1, 2, 2, 2, 2, 5)  n= 15 nodes=   50 non-disc=   49 levels= 9 cells[in-part=   50 spans=   55] unknown=  0 pass
  multipartite(1, 1, 2, 2, 2, 3, 4)  n= 15 nodes=   96 non-disc=   95 levels= 9 cells[in-part=  160 spans=   96] unknown=  0 pass
  multipartite(1, 1, 2, 2, 3, 3, 3)  n= 15 nodes=   90 non-disc=   89 levels= 9 cells[in-part=  156 spans=   93] unknown=  0 pass
  multipartite(1, 2, 2, 2, 2, 2, 4)  n= 15 nodes=   24 non-disc=   23 levels= 8 cells[in-part=   22 spans=   16] unknown=  0 pass
  multipartite(1, 2, 2, 2, 2, 3, 3)  n= 15 nodes=   35 non-disc=   34 levels= 8 cells[in-part=   42 spans=   26] unknown=  0 pass
  multipartite(2, 2, 2, 2, 2, 2, 3)  n= 15 nodes=   21 non-disc=   20 levels= 8 cells[in-part=   17 spans=   15] unknown=  0 pass
  multipartite(1, 1, 1, 1, 1, 1, 1, 8) n= 15 nodes=   56 non-disc=   55 levels=13 cells[in-part=   49 spans=   48] unknown=  0 pass
  multipartite(1, 1, 1, 1, 1, 1, 2, 7) n= 15 nodes=   84 non-disc=   83 levels=12 cells[in-part=  114 spans=   70] unknown=  0 pass
  multipartite(1, 1, 1, 1, 1, 1, 3, 6) n= 15 nodes=  108 non-disc=  107 levels=12 cells[in-part=  162 spans=   90] unknown=  0 pass
  multipartite(1, 1, 1, 1, 1, 1, 4, 5) n= 15 nodes=  120 non-disc=  119 levels=12 cells[in-part=  186 spans=  100] unknown=  0 pass
  multipartite(1, 1, 1, 1, 1, 2, 2, 6) n= 15 nodes=   90 non-disc=   89 levels=11 cells[in-part=  105 spans=  102] unknown=  0 pass
  multipartite(1, 1, 1, 1, 1, 2, 3, 5) n= 15 nodes=  150 non-disc=  149 levels=11 cells[in-part=  295 spans=  120] unknown=  0 pass
  multipartite(1, 1, 1, 1, 1, 2, 4, 4) n= 15 nodes=  130 non-disc=  129 levels=11 cells[in-part=  235 spans=  114] unknown=  0 pass
  multipartite(1, 1, 1, 1, 1, 3, 3, 4) n= 15 nodes=  140 non-disc=  139 levels=11 cells[in-part=  245 spans=  132] unknown=  0 pass
  multipartite(1, 1, 1, 1, 2, 2, 2, 5) n= 15 nodes=   80 non-disc=   79 levels=10 cells[in-part=   84 spans=  100] unknown=  0 pass
  multipartite(1, 1, 1, 1, 2, 2, 3, 4) n= 15 nodes=  144 non-disc=  143 levels=10 cells[in-part=  252 spans=  156] unknown=  0 pass
  multipartite(1, 1, 1, 1, 2, 3, 3, 3) n= 15 nodes=  120 non-disc=  119 levels=10 cells[in-part=  228 spans=  114] unknown=  0 pass
  multipartite(1, 1, 1, 2, 2, 2, 2, 4) n= 15 nodes=   60 non-disc=   59 levels= 9 cells[in-part=   57 spans=   76] unknown=  0 pass
  multipartite(1, 1, 1, 2, 2, 2, 3, 3) n= 15 nodes=   84 non-disc=   83 levels= 9 cells[in-part=  105 spans=  110] unknown=  0 pass
  multipartite(1, 1, 2, 2, 2, 2, 2, 3) n= 15 nodes=   36 non-disc=   35 levels= 8 cells[in-part=   30 spans=   42] unknown=  0 pass
  multipartite(1, 2, 2, 2, 2, 2, 2, 2) n= 15 nodes=    8 non-disc=    7 levels= 7 cells[in-part=    1 spans=    6] unknown=  0 pass
  multipartite(1, 1, 1, 1, 1, 1, 1, 1, 7) n= 15 nodes=   56 non-disc=   55 levels=13 cells[in-part=   48 spans=   49] unknown=  0 pass
  multipartite(1, 1, 1, 1, 1, 1, 1, 2, 6) n= 15 nodes=   84 non-disc=   83 levels=12 cells[in-part=  112 spans=   72] unknown=  0 pass
  multipartite(1, 1, 1, 1, 1, 1, 1, 3, 5) n= 15 nodes=  105 non-disc=  104 levels=12 cells[in-part=  154 spans=   90] unknown=  0 pass
  multipartite(1, 1, 1, 1, 1, 1, 1, 4, 4) n= 15 nodes=   91 non-disc=   90 levels=12 cells[in-part=  119 spans=   85] unknown=  0 pass
  multipartite(1, 1, 1, 1, 1, 1, 2, 2, 5) n= 15 nodes=   90 non-disc=   89 levels=11 cells[in-part=  102 spans=  105] unknown=  0 pass
  multipartite(1, 1, 1, 1, 1, 1, 2, 3, 4) n= 15 nodes=  144 non-disc=  143 levels=11 cells[in-part=  276 spans=  120] unknown=  0 pass
  multipartite(1, 1, 1, 1, 1, 1, 3, 3, 3) n= 15 nodes=   90 non-disc=   89 levels=11 cells[in-part=  126 spans=   93] unknown=  0 pass
  multipartite(1, 1, 1, 1, 1, 2, 2, 2, 4) n= 15 nodes=   80 non-disc=   79 levels=10 cells[in-part=   80 spans=  104] unknown=  0 pass
  multipartite(1, 1, 1, 1, 1, 2, 2, 3, 3) n= 15 nodes=  105 non-disc=  104 levels=10 cells[in-part=  140 spans=  134] unknown=  0 pass
  multipartite(1, 1, 1, 1, 2, 2, 2, 2, 3) n= 15 nodes=   60 non-disc=   59 levels= 9 cells[in-part=   52 spans=   81] unknown=  0 pass
  multipartite(1, 1, 1, 2, 2, 2, 2, 2, 2) n= 15 nodes=   21 non-disc=   20 levels= 8 cells[in-part=    3 spans=   29] unknown=  0 pass
  multipartite(1, 1, 1, 1, 1, 1, 1, 1, 1, 6) n= 15 nodes=   54 non-disc=   53 levels=13 cells[in-part=   45 spans=   48] unknown=  0 pass
  multipartite(1, 1, 1, 1, 1, 1, 1, 1, 2, 5) n= 15 nodes=   80 non-disc=   79 levels=12 cells[in-part=  104 spans=   70] unknown=  0 pass
  multipartite(1, 1, 1, 1, 1, 1, 1, 1, 3, 4) n= 15 nodes=   96 non-disc=   95 levels=12 cells[in-part=  136 spans=   84] unknown=  0 pass
  multipartite(1, 1, 1, 1, 1, 1, 1, 2, 2, 4) n= 15 nodes=   84 non-disc=   83 levels=11 cells[in-part=   91 spans=  100] unknown=  0 pass
  multipartite(1, 1, 1, 1, 1, 1, 1, 2, 3, 3) n= 15 nodes=   98 non-disc=   97 levels=11 cells[in-part=  147 spans=   98] unknown=  0 pass
  multipartite(1, 1, 1, 1, 1, 1, 2, 2, 2, 3) n= 15 nodes=   72 non-disc=   71 levels=10 cells[in-part=   66 spans=   96] unknown=  0 pass
  multipartite(1, 1, 1, 1, 1, 2, 2, 2, 2, 2) n= 15 nodes=   30 non-disc=   29 levels= 9 cells[in-part=    5 spans=   44] unknown=  0 pass
  multipartite(1, 1, 1, 1, 1, 1, 1, 1, 1, 1, 5) n= 15 nodes=   50 non-disc=   49 levels=13 cells[in-part=   40 spans=   45] unknown=  0 pass
  multipartite(1, 1, 1, 1, 1, 1, 1, 1, 1, 2, 4) n= 15 nodes=   72 non-disc=   71 levels=12 cells[in-part=   90 spans=   64] unknown=  0 pass
  multipartite(1, 1, 1, 1, 1, 1, 1, 1, 1, 3, 3) n= 15 nodes=   63 non-disc=   62 levels=12 cells[in-part=   63 spans=   65] unknown=  0 pass
  multipartite(1, 1, 1, 1, 1, 1, 1, 1, 2, 2, 3) n= 15 nodes=   72 non-disc=   71 levels=11 cells[in-part=   72 spans=   87] unknown=  0 pass
  multipartite(1, 1, 1, 1, 1, 1, 1, 2, 2, 2, 2) n= 15 nodes=   35 non-disc=   34 levels=10 cells[in-part=    7 spans=   51] unknown=  0 pass
  multipartite(1, 1, 1, 1, 1, 1, 1, 1, 1, 1, 1, 4) n= 15 nodes=   44 non-disc=   43 levels=13 cells[in-part=   33 spans=   40] unknown=  0 pass
  multipartite(1, 1, 1, 1, 1, 1, 1, 1, 1, 1, 2, 3) n= 15 nodes=   60 non-disc=   59 levels=12 cells[in-part=   70 spans=   54] unknown=  0 pass
  multipartite(1, 1, 1, 1, 1, 1, 1, 1, 1, 2, 2, 2) n= 15 nodes=   36 non-disc=   35 levels=11 cells[in-part=    9 spans=   50] unknown=  0 pass
  multipartite(1, 1, 1, 1, 1, 1, 1, 1, 1, 1, 1, 1, 3) n= 15 nodes=   36 non-disc=   35 levels=13 cells[in-part=   24 spans=   33] unknown=  0 pass
  multipartite(1, 1, 1, 1, 1, 1, 1, 1, 1, 1, 1, 2, 2) n= 15 nodes=   33 non-disc=   32 levels=12 cells[in-part=   11 spans=   41] unknown=  0 pass
  multipartite(1, 1, 1, 1, 1, 1, 1, 1, 1, 1, 1, 1, 1, 2) n= 15 nodes=   26 non-disc=   25 levels=13 cells[in-part=   13 spans=   24] unknown=  0 pass
  multipartite(1, 15)                n= 16 nodes=   15 non-disc=   14 levels=14 cells[in-part=   14 spans=    0] unknown=  0 pass
  multipartite(2, 14)                n= 16 nodes=   28 non-disc=   27 levels=14 cells[in-part=   40 spans=    0] unknown=  0 pass
  multipartite(3, 13)                n= 16 nodes=   39 non-disc=   38 levels=14 cells[in-part=   62 spans=    0] unknown=  0 pass
  multipartite(4, 12)                n= 16 nodes=   48 non-disc=   47 levels=14 cells[in-part=   80 spans=    0] unknown=  0 pass
  multipartite(5, 11)                n= 16 nodes=   55 non-disc=   54 levels=14 cells[in-part=   94 spans=    0] unknown=  0 pass
  multipartite(6, 10)                n= 16 nodes=   60 non-disc=   59 levels=14 cells[in-part=  104 spans=    0] unknown=  0 pass
  multipartite(7, 9)                 n= 16 nodes=   63 non-disc=   62 levels=14 cells[in-part=  110 spans=    0] unknown=  0 pass
  multipartite(8, 8)                 n= 16 nodes=   57 non-disc=   56 levels=14 cells[in-part=   97 spans=    1] unknown=  0 pass
  multipartite(1, 1, 14)             n= 16 nodes=   28 non-disc=   27 levels=14 cells[in-part=   26 spans=   14] unknown=  0 pass
  multipartite(1, 2, 13)             n= 16 nodes=   26 non-disc=   25 levels=13 cells[in-part=   37 spans=    0] unknown=  0 pass
  multipartite(1, 3, 12)             n= 16 nodes=   36 non-disc=   35 levels=13 cells[in-part=   57 spans=    0] unknown=  0 pass
  multipartite(1, 4, 11)             n= 16 nodes=   44 non-disc=   43 levels=13 cells[in-part=   73 spans=    0] unknown=  0 pass
  multipartite(1, 5, 10)             n= 16 nodes=   50 non-disc=   49 levels=13 cells[in-part=   85 spans=    0] unknown=  0 pass
  multipartite(1, 6, 9)              n= 16 nodes=   54 non-disc=   53 levels=13 cells[in-part=   93 spans=    0] unknown=  0 pass
  multipartite(1, 7, 8)              n= 16 nodes=   56 non-disc=   55 levels=13 cells[in-part=   97 spans=    0] unknown=  0 pass
  multipartite(2, 2, 12)             n= 16 nodes=   36 non-disc=   35 levels=13 cells[in-part=   45 spans=   12] unknown=  0 pass
  multipartite(2, 3, 11)             n= 16 nodes=   66 non-disc=   65 levels=13 cells[in-part=  137 spans=    0] unknown=  0 pass
  multipartite(2, 4, 10)             n= 16 nodes=   80 non-disc=   79 levels=13 cells[in-part=  172 spans=    0] unknown=  0 pass
  multipartite(2, 5, 9)              n= 16 nodes=   90 non-disc=   89 levels=13 cells[in-part=  197 spans=    0] unknown=  0 pass
  multipartite(2, 6, 8)              n= 16 nodes=   96 non-disc=   95 levels=13 cells[in-part=  212 spans=    0] unknown=  0 pass
  multipartite(2, 7, 7)              n= 16 nodes=   86 non-disc=   85 levels=13 cells[in-part=  185 spans=    2] unknown=  0 pass
  multipartite(3, 3, 10)             n= 16 nodes=   70 non-disc=   69 levels=13 cells[in-part=  133 spans=   10] unknown=  0 pass
  multipartite(3, 4, 9)              n= 16 nodes=  108 non-disc=  107 levels=13 cells[in-part=  249 spans=    0] unknown=  0 pass
  multipartite(3, 5, 8)              n= 16 nodes=  120 non-disc=  119 levels=13 cells[in-part=  281 spans=    0] unknown=  0 pass
  multipartite(3, 6, 7)              n= 16 nodes=  126 non-disc=  125 levels=13 cells[in-part=  297 spans=    0] unknown=  0 pass
  multipartite(4, 4, 8)              n= 16 nodes=  104 non-disc=  103 levels=13 cells[in-part=  227 spans=    8] unknown=  0 pass
  multipartite(4, 5, 7)              n= 16 nodes=  140 non-disc=  139 levels=13 cells[in-part=  337 spans=    0] unknown=  0 pass
  multipartite(4, 6, 6)              n= 16 nodes=  124 non-disc=  123 levels=13 cells[in-part=  289 spans=    4] unknown=  0 pass
  multipartite(5, 5, 6)              n= 16 nodes=  126 non-disc=  125 levels=13 cells[in-part=  291 spans=    6] unknown=  0 pass
  multipartite(1, 1, 1, 13)          n= 16 nodes=   39 non-disc=   38 levels=14 cells[in-part=   36 spans=   26] unknown=  0 pass
  multipartite(1, 1, 2, 12)          n= 16 nodes=   48 non-disc=   47 levels=13 cells[in-part=   68 spans=   24] unknown=  0 pass
  multipartite(1, 1, 3, 11)          n= 16 nodes=   66 non-disc=   65 levels=13 cells[in-part=  104 spans=   33] unknown=  0 pass
  multipartite(1, 1, 4, 10)          n= 16 nodes=   80 non-disc=   79 levels=13 cells[in-part=  132 spans=   40] unknown=  0 pass
  multipartite(1, 1, 5, 9)           n= 16 nodes=   90 non-disc=   89 levels=13 cells[in-part=  152 spans=   45] unknown=  0 pass
  multipartite(1, 1, 6, 8)           n= 16 nodes=   96 non-disc=   95 levels=13 cells[in-part=  164 spans=   48] unknown=  0 pass
  multipartite(1, 1, 7, 7)           n= 16 nodes=   86 non-disc=   85 levels=13 cells[in-part=  142 spans=   45] unknown=  0 pass
  multipartite(1, 2, 2, 11)          n= 16 nodes=   33 non-disc=   32 levels=12 cells[in-part=   41 spans=   11] unknown=  0 pass
  multipartite(1, 2, 3, 10)          n= 16 nodes=   60 non-disc=   59 levels=12 cells[in-part=  124 spans=    0] unknown=  0 pass
  multipartite(1, 2, 4, 9)           n= 16 nodes=   72 non-disc=   71 levels=12 cells[in-part=  154 spans=    0] unknown=  0 pass
  multipartite(1, 2, 5, 8)           n= 16 nodes=   80 non-disc=   79 levels=12 cells[in-part=  174 spans=    0] unknown=  0 pass
  multipartite(1, 2, 6, 7)           n= 16 nodes=   84 non-disc=   83 levels=12 cells[in-part=  184 spans=    0] unknown=  0 pass
  multipartite(1, 3, 3, 9)           n= 16 nodes=   63 non-disc=   62 levels=12 cells[in-part=  119 spans=    9] unknown=  0 pass
  multipartite(1, 3, 4, 8)           n= 16 nodes=   96 non-disc=   95 levels=12 cells[in-part=  220 spans=    0] unknown=  0 pass
  multipartite(1, 3, 5, 7)           n= 16 nodes=  105 non-disc=  104 levels=12 cells[in-part=  244 spans=    0] unknown=  0 pass
  multipartite(1, 3, 6, 6)           n= 16 nodes=   93 non-disc=   92 levels=12 cells[in-part=  209 spans=    3] unknown=  0 pass
  multipartite(1, 4, 4, 7)           n= 16 nodes=   91 non-disc=   90 levels=12 cells[in-part=  197 spans=    7] unknown=  0 pass
  multipartite(1, 4, 5, 6)           n= 16 nodes=  120 non-disc=  119 levels=12 cells[in-part=  286 spans=    0] unknown=  0 pass
  multipartite(1, 5, 5, 5)           n= 16 nodes=   85 non-disc=   84 levels=12 cells[in-part=  187 spans=    5] unknown=  0 pass
  multipartite(2, 2, 2, 10)          n= 16 nodes=   40 non-disc=   39 levels=12 cells[in-part=   46 spans=   20] unknown=  0 pass
  multipartite(2, 2, 3, 9)           n= 16 nodes=   81 non-disc=   80 levels=12 cells[in-part=  153 spans=   27] unknown=  0 pass
  multipartite(2, 2, 4, 8)           n= 16 nodes=   96 non-disc=   95 levels=12 cells[in-part=  188 spans=   32] unknown=  0 pass
  multipartite(2, 2, 5, 7)           n= 16 nodes=  105 non-disc=  104 levels=12 cells[in-part=  209 spans=   35] unknown=  0 pass
  multipartite(2, 2, 6, 6)           n= 16 nodes=   93 non-disc=   92 levels=12 cells[in-part=  178 spans=   34] unknown=  0 pass
  multipartite(2, 3, 3, 8)           n= 16 nodes=  112 non-disc=  111 levels=12 cells[in-part=  266 spans=   16] unknown=  0 pass
  multipartite(2, 3, 4, 7)           n= 16 nodes=  168 non-disc=  167 levels=12 cells[in-part=  466 spans=    0] unknown=  0 pass
  multipartite(2, 3, 5, 6)           n= 16 nodes=  180 non-disc=  179 levels=12 cells[in-part=  504 spans=    0] unknown=  0 pass
  multipartite(2, 4, 4, 6)           n= 16 nodes=  156 non-disc=  155 levels=12 cells[in-part=  412 spans=   12] unknown=  0 pass
  multipartite(2, 4, 5, 5)           n= 16 nodes=  168 non-disc=  167 levels=12 cells[in-part=  458 spans=    8] unknown=  0 pass
  multipartite(3, 3, 3, 7)           n= 16 nodes=  105 non-disc=  104 levels=12 cells[in-part=  237 spans=   21] unknown=  0 pass
  multipartite(3, 3, 4, 6)           n= 16 nodes=  168 non-disc=  167 levels=12 cells[in-part=  434 spans=   24] unknown=  0 pass
  multipartite(3, 3, 5, 5)           n= 16 nodes=  147 non-disc=  146 levels=12 cells[in-part=  364 spans=   28] unknown=  0 pass
  multipartite(3, 4, 4, 5)           n= 16 nodes=  195 non-disc=  194 levels=12 cells[in-part=  541 spans=   15] unknown=  0 pass
  multipartite(4, 4, 4, 4)           n= 16 nodes=  121 non-disc=  120 levels=12 cells[in-part=  311 spans=   13] unknown=  0 pass
  multipartite(1, 1, 1, 1, 12)       n= 16 nodes=   48 non-disc=   47 levels=14 cells[in-part=   44 spans=   36] unknown=  0 pass
  multipartite(1, 1, 1, 2, 11)       n= 16 nodes=   66 non-disc=   65 levels=13 cells[in-part=   93 spans=   44] unknown=  0 pass
  multipartite(1, 1, 1, 3, 10)       n= 16 nodes=   90 non-disc=   89 levels=13 cells[in-part=  141 spans=   60] unknown=  0 pass
  multipartite(1, 1, 1, 4, 9)        n= 16 nodes=  108 non-disc=  107 levels=13 cells[in-part=  177 spans=   72] unknown=  0 pass
  multipartite(1, 1, 1, 5, 8)        n= 16 nodes=  120 non-disc=  119 levels=13 cells[in-part=  201 spans=   80] unknown=  0 pass
  multipartite(1, 1, 1, 6, 7)        n= 16 nodes=  126 non-disc=  125 levels=13 cells[in-part=  213 spans=   84] unknown=  0 pass
  multipartite(1, 1, 2, 2, 10)       n= 16 nodes=   60 non-disc=   59 levels=12 cells[in-part=   74 spans=   50] unknown=  0 pass
  multipartite(1, 1, 2, 3, 9)        n= 16 nodes=  108 non-disc=  107 levels=12 cells[in-part=  222 spans=   54] unknown=  0 pass
  multipartite(1, 1, 2, 4, 8)        n= 16 nodes=  128 non-disc=  127 levels=12 cells[in-part=  272 spans=   64] unknown=  0 pass
  multipartite(1, 1, 2, 5, 7)        n= 16 nodes=  140 non-disc=  139 levels=12 cells[in-part=  302 spans=   70] unknown=  0 pass
  multipartite(1, 1, 2, 6, 6)        n= 16 nodes=  124 non-disc=  123 levels=12 cells[in-part=  258 spans=   66] unknown=  0 pass
  multipartite(1, 1, 3, 3, 8)        n= 16 nodes=  112 non-disc=  111 levels=12 cells[in-part=  210 spans=   72] unknown=  0 pass
  multipartite(1, 1, 3, 4, 7)        n= 16 nodes=  168 non-disc=  167 levels=12 cells[in-part=  382 spans=   84] unknown=  0 pass
  multipartite(1, 1, 3, 5, 6)        n= 16 nodes=  180 non-disc=  179 levels=12 cells[in-part=  414 spans=   90] unknown=  0 pass
  multipartite(1, 1, 4, 4, 6)        n= 16 nodes=  156 non-disc=  155 levels=12 cells[in-part=  334 spans=   90] unknown=  0 pass
  multipartite(1, 1, 4, 5, 5)        n= 16 nodes=  168 non-disc=  167 levels=12 cells[in-part=  374 spans=   92] unknown=  0 pass
  multipartite(1, 2, 2, 2, 9)        n= 16 nodes=   36 non-disc=   35 levels=11 cells[in-part=   41 spans=   18] unknown=  0 pass
  multipartite(1, 2, 2, 3, 8)        n= 16 nodes=   72 non-disc=   71 levels=11 cells[in-part=  135 spans=   24] unknown=  0 pass
  multipartite(1, 2, 2, 4, 7)        n= 16 nodes=   84 non-disc=   83 levels=11 cells[in-part=  163 spans=   28] unknown=  0 pass
  multipartite(1, 2, 2, 5, 6)        n= 16 nodes=   90 non-disc=   89 levels=11 cells[in-part=  177 spans=   30] unknown=  0 pass
  multipartite(1, 2, 3, 3, 7)        n= 16 nodes=   98 non-disc=   97 levels=11 cells[in-part=  231 spans=   14] unknown=  0 pass
  multipartite(1, 2, 3, 4, 6)        n= 16 nodes=  144 non-disc=  143 levels=11 cells[in-part=  396 spans=    0] unknown=  0 pass
  multipartite(1, 2, 3, 5, 5)        n= 16 nodes=  126 non-disc=  125 levels=11 cells[in-part=  333 spans=    6] unknown=  0 pass
  multipartite(1, 2, 4, 4, 5)        n= 16 nodes=  130 non-disc=  129 levels=11 cells[in-part=  339 spans=   10] unknown=  0 pass
  multipartite(1, 3, 3, 3, 6)        n= 16 nodes=   90 non-disc=   89 levels=11 cells[in-part=  201 spans=   18] unknown=  0 pass
  multipartite(1, 3, 3, 4, 5)        n= 16 nodes=  140 non-disc=  139 levels=11 cells[in-part=  357 spans=   20] unknown=  0 pass
  multipartite(1, 3, 4, 4, 4)        n= 16 nodes=  120 non-disc=  119 levels=11 cells[in-part=  311 spans=   12] unknown=  0 pass
  multipartite(2, 2, 2, 2, 8)        n= 16 nodes=   40 non-disc=   39 levels=11 cells[in-part=   43 spans=   24] unknown=  0 pass
  multipartite(2, 2, 2, 3, 7)        n= 16 nodes=   84 non-disc=   83 levels=11 cells[in-part=  149 spans=   42] unknown=  0 pass
  multipartite(2, 2, 2, 4, 6)        n= 16 nodes=   96 non-disc=   95 levels=11 cells[in-part=  176 spans=   48] unknown=  0 pass
  multipartite(2, 2, 2, 5, 5)        n= 16 nodes=   84 non-disc=   83 levels=11 cells[in-part=  145 spans=   46] unknown=  0 pass
  multipartite(2, 2, 3, 3, 6)        n= 16 nodes=  126 non-disc=  125 levels=11 cells[in-part=  273 spans=   60] unknown=  0 pass
  multipartite(2, 2, 3, 4, 5)        n= 16 nodes=  180 non-disc=  179 levels=11 cells[in-part=  459 spans=   60] unknown=  0 pass
  multipartite(2, 2, 4, 4, 4)        n= 16 nodes=  120 non-disc=  119 levels=11 cells[in-part=  271 spans=   52] unknown=  0 pass
  multipartite(2, 3, 3, 3, 5)        n= 16 nodes=  150 non-disc=  149 levels=11 cells[in-part=  405 spans=   30] unknown=  0 pass
  multipartite(2, 3, 3, 4, 4)        n= 16 nodes=  182 non-disc=  181 levels=11 cells[in-part=  511 spans=   40] unknown=  0 pass
  multipartite(3, 3, 3, 3, 4)        n= 16 nodes=  124 non-disc=  123 levels=11 cells[in-part=  321 spans=   28] unknown=  0 pass
  multipartite(1, 1, 1, 1, 1, 11)    n= 16 nodes=   55 non-disc=   54 levels=14 cells[in-part=   50 spans=   44] unknown=  0 pass
  multipartite(1, 1, 1, 1, 2, 10)    n= 16 nodes=   80 non-disc=   79 levels=13 cells[in-part=  112 spans=   60] unknown=  0 pass
  multipartite(1, 1, 1, 1, 3, 9)     n= 16 nodes=  108 non-disc=  107 levels=13 cells[in-part=  168 spans=   81] unknown=  0 pass
  multipartite(1, 1, 1, 1, 4, 8)     n= 16 nodes=  128 non-disc=  127 levels=13 cells[in-part=  208 spans=   96] unknown=  0 pass
  multipartite(1, 1, 1, 1, 5, 7)     n= 16 nodes=  140 non-disc=  139 levels=13 cells[in-part=  232 spans=  105] unknown=  0 pass
  multipartite(1, 1, 1, 1, 6, 6)     n= 16 nodes=  124 non-disc=  123 levels=13 cells[in-part=  196 spans=   97] unknown=  0 pass
  multipartite(1, 1, 1, 2, 2, 9)     n= 16 nodes=   81 non-disc=   80 levels=12 cells[in-part=   99 spans=   81] unknown=  0 pass
  multipartite(1, 1, 1, 2, 3, 8)     n= 16 nodes=  144 non-disc=  143 levels=12 cells[in-part=  294 spans=   96] unknown=  0 pass
  multipartite(1, 1, 1, 2, 4, 7)     n= 16 nodes=  168 non-disc=  167 levels=12 cells[in-part=  354 spans=  112] unknown=  0 pass
  multipartite(1, 1, 1, 2, 5, 6)     n= 16 nodes=  180 non-disc=  179 levels=12 cells[in-part=  384 spans=  120] unknown=  0 pass
  multipartite(1, 1, 1, 3, 3, 7)     n= 16 nodes=  147 non-disc=  146 levels=12 cells[in-part=  273 spans=  119] unknown=  0 pass
  multipartite(1, 1, 1, 3, 4, 6)     n= 16 nodes=  216 non-disc=  215 levels=12 cells[in-part=  486 spans=  144] unknown=  0 pass
  multipartite(1, 1, 1, 3, 5, 5)     n= 16 nodes=  189 non-disc=  188 levels=12 cells[in-part=  405 spans=  135] unknown=  0 pass
  multipartite(1, 1, 1, 4, 4, 5)     n= 16 nodes=  195 non-disc=  194 levels=12 cells[in-part=  411 spans=  145] unknown=  0 pass
  multipartite(1, 1, 2, 2, 2, 8)     n= 16 nodes=   64 non-disc=   63 levels=11 cells[in-part=   72 spans=   64] unknown=  0 pass
  multipartite(1, 1, 2, 2, 3, 7)     n= 16 nodes=  126 non-disc=  125 levels=11 cells[in-part=  234 spans=  105] unknown=  0 pass
  multipartite(1, 1, 2, 2, 4, 6)     n= 16 nodes=  144 non-disc=  143 levels=11 cells[in-part=  276 spans=  120] unknown=  0 pass
  multipartite(1, 1, 2, 2, 5, 5)     n= 16 nodes=  126 non-disc=  125 levels=11 cells[in-part=  228 spans=  111] unknown=  0 pass
  multipartite(1, 1, 2, 3, 3, 6)     n= 16 nodes=  168 non-disc=  167 levels=11 cells[in-part=  392 spans=  108] unknown=  0 pass
  multipartite(1, 1, 2, 3, 4, 5)     n= 16 nodes=  240 non-disc=  239 levels=11 cells[in-part=  652 spans=  120] unknown=  0 pass
  multipartite(1, 1, 2, 4, 4, 4)     n= 16 nodes=  160 non-disc=  159 levels=11 cells[in-part=  388 spans=   96] unknown=  0 pass
  multipartite(1, 1, 3, 3, 3, 5)     n= 16 nodes=  150 non-disc=  149 levels=11 cells[in-part=  330 spans=  105] unknown=  0 pass
  multipartite(1, 1, 3, 3, 4, 4)     n= 16 nodes=  182 non-disc=  181 levels=11 cells[in-part=  420 spans=  131] unknown=  0 pass
  multipartite(1, 2, 2, 2, 2, 7)     n= 16 nodes=   35 non-disc=   34 levels=10 cells[in-part=   37 spans=   21] unknown=  0 pass
  multipartite(1, 2, 2, 2, 3, 6)     n= 16 nodes=   72 non-disc=   71 levels=10 cells[in-part=  126 spans=   36] unknown=  0 pass
  multipartite(1, 2, 2, 2, 4, 5)     n= 16 nodes=   80 non-disc=   79 levels=10 cells[in-part=  144 spans=   40] unknown=  0 pass
  multipartite(1, 2, 2, 3, 3, 5)     n= 16 nodes=  105 non-disc=  104 levels=10 cells[in-part=  224 spans=   50] unknown=  0 pass
  multipartite(1, 2, 2, 3, 4, 4)     n= 16 nodes=  117 non-disc=  116 levels=10 cells[in-part=  270 spans=   48] unknown=  0 pass
  multipartite(1, 2, 3, 3, 3, 4)     n= 16 nodes=  120 non-disc=  119 levels=10 cells[in-part=  318 spans=   24] unknown=  0 pass
  multipartite(1, 3, 3, 3, 3, 3)     n= 16 nodes=   63 non-disc=   62 levels=10 cells[in-part=  145 spans=   15] unknown=  0 pass
  multipartite(2, 2, 2, 2, 2, 6)     n= 16 nodes=   36 non-disc=   35 levels=10 cells[in-part=   36 spans=   24] unknown=  0 pass
  multipartite(2, 2, 2, 2, 3, 5)     n= 16 nodes=   75 non-disc=   74 levels=10 cells[in-part=  125 spans=   45] unknown=  0 pass
  multipartite(2, 2, 2, 2, 4, 4)     n= 16 nodes=   65 non-disc=   64 levels=10 cells[in-part=   98 spans=   44] unknown=  0 pass
  multipartite(2, 2, 2, 3, 3, 4)     n= 16 nodes=  112 non-disc=  111 levels=10 cells[in-part=  224 spans=   72] unknown=  0 pass
  multipartite(2, 2, 3, 3, 3, 3)     n= 16 nodes=   93 non-disc=   92 levels=10 cells[in-part=  202 spans=   52] unknown=  0 pass
  multipartite(1, 1, 1, 1, 1, 1, 10) n= 16 nodes=   60 non-disc=   59 levels=14 cells[in-part=   54 spans=   50] unknown=  0 pass
  multipartite(1, 1, 1, 1, 1, 2, 9)  n= 16 nodes=   90 non-disc=   89 levels=13 cells[in-part=  125 spans=   72] unknown=  0 pass
  multipartite(1, 1, 1, 1, 1, 3, 8)  n= 16 nodes=  120 non-disc=  119 levels=13 cells[in-part=  185 spans=   96] unknown=  0 pass
  multipartite(1, 1, 1, 1, 1, 4, 7)  n= 16 nodes=  140 non-disc=  139 levels=13 cells[in-part=  225 spans=  112] unknown=  0 pass
  multipartite(1, 1, 1, 1, 1, 5, 6)  n= 16 nodes=  150 non-disc=  149 levels=13 cells[in-part=  245 spans=  120] unknown=  0 pass
  multipartite(1, 1, 1, 1, 2, 2, 8)  n= 16 nodes=   96 non-disc=   95 levels=12 cells[in-part=  116 spans=  104] unknown=  0 pass
  multipartite(1, 1, 1, 1, 2, 3, 7)  n= 16 nodes=  168 non-disc=  167 levels=12 cells[in-part=  340 spans=  126] unknown=  0 pass
  multipartite(1, 1, 1, 1, 2, 4, 6)  n= 16 nodes=  192 non-disc=  191 levels=12 cells[in-part=  400 spans=  144] unknown=  0 pass
  multipartite(1, 1, 1, 1, 2, 5, 5)  n= 16 nodes=  168 non-disc=  167 levels=12 cells[in-part=  332 spans=  134] unknown=  0 pass
  multipartite(1, 1, 1, 1, 3, 3, 6)  n= 16 nodes=  168 non-disc=  167 levels=12 cells[in-part=  308 spans=  150] unknown=  0 pass
  multipartite(1, 1, 1, 1, 3, 4, 5)  n= 16 nodes=  240 non-disc=  239 levels=12 cells[in-part=  532 spans=  180] unknown=  0 pass
  multipartite(1, 1, 1, 1, 4, 4, 4)  n= 16 nodes=  160 non-disc=  159 levels=12 cells[in-part=  308 spans=  136] unknown=  0 pass
  multipartite(1, 1, 1, 2, 2, 2, 7)  n= 16 nodes=   84 non-disc=   83 levels=11 cells[in-part=   93 spans=   98] unknown=  0 pass
  multipartite(1, 1, 1, 2, 2, 3, 6)  n= 16 nodes=  162 non-disc=  161 levels=11 cells[in-part=  297 spans=  162] unknown=  0 pass
  multipartite(1, 1, 1, 2, 2, 4, 5)  n= 16 nodes=  180 non-disc=  179 levels=11 cells[in-part=  339 spans=  180] unknown=  0 pass
  multipartite(1, 1, 1, 2, 3, 3, 5)  n= 16 nodes=  210 non-disc=  209 levels=11 cells[in-part=  483 spans=  170] unknown=  0 pass
  multipartite(1, 1, 1, 2, 3, 4, 4)  n= 16 nodes=  234 non-disc=  233 levels=11 cells[in-part=  579 spans=  174] unknown=  0 pass
  multipartite(1, 1, 1, 3, 3, 3, 4)  n= 16 nodes=  180 non-disc=  179 levels=11 cells[in-part=  387 spans=  156] unknown=  0 pass
  multipartite(1, 1, 2, 2, 2, 2, 6)  n= 16 nodes=   60 non-disc=   59 levels=10 cells[in-part=   62 spans=   66] unknown=  0 pass
  multipartite(1, 1, 2, 2, 2, 3, 5)  n= 16 nodes=  120 non-disc=  119 levels=10 cells[in-part=  206 spans=  120] unknown=  0 pass
  multipartite(1, 1, 2, 2, 2, 4, 4)  n= 16 nodes=  104 non-disc=  103 levels=10 cells[in-part=  162 spans=  112] unknown=  0 pass
  multipartite(1, 1, 2, 2, 3, 3, 4)  n= 16 nodes=  168 non-disc=  167 levels=10 cells[in-part=  350 spans=  164] unknown=  0 pass
  multipartite(1, 1, 2, 3, 3, 3, 3)  n= 16 nodes=  124 non-disc=  123 levels=10 cells[in-part=  290 spans=   90] unknown=  0 pass
  multipartite(1, 2, 2, 2, 2, 2, 5)  n= 16 nodes=   30 non-disc=   29 levels= 9 cells[in-part=   29 spans=   20] unknown=  0 pass
  multipartite(1, 2, 2, 2, 2, 3, 4)  n= 16 nodes=   60 non-disc=   59 levels= 9 cells[in-part=   97 spans=   36] unknown=  0 pass
  multipartite(1, 2, 2, 2, 3, 3, 3)  n= 16 nodes=   60 non-disc=   59 levels= 9 cells[in-part=   99 spans=   42] unknown=  0 pass
  multipartite(2, 2, 2, 2, 2, 2, 4)  n= 16 nodes=   28 non-disc=   27 levels= 9 cells[in-part=   25 spans=   20] unknown=  0 pass
  multipartite(2, 2, 2, 2, 2, 3, 3)  n= 16 nodes=   42 non-disc=   41 levels= 9 cells[in-part=   49 spans=   34] unknown=  0 pass
  multipartite(1, 1, 1, 1, 1, 1, 1, 9) n= 16 nodes=   63 non-disc=   62 levels=14 cells[in-part=   56 spans=   54] unknown=  0 pass
  multipartite(1, 1, 1, 1, 1, 1, 2, 8) n= 16 nodes=   96 non-disc=   95 levels=13 cells[in-part=  132 spans=   80] unknown=  0 pass
  multipartite(1, 1, 1, 1, 1, 1, 3, 7) n= 16 nodes=  126 non-disc=  125 levels=13 cells[in-part=  192 spans=  105] unknown=  0 pass
  multipartite(1, 1, 1, 1, 1, 1, 4, 6) n= 16 nodes=  144 non-disc=  143 levels=13 cells[in-part=  228 spans=  120] unknown=  0 pass
  multipartite(1, 1, 1, 1, 1, 1, 5, 5) n= 16 nodes=  126 non-disc=  125 levels=13 cells[in-part=  186 spans=  111] unknown=  0 pass
  multipartite(1, 1, 1, 1, 1, 2, 2, 7) n= 16 nodes=  105 non-disc=  104 levels=12 cells[in-part=  125 spans=  119] unknown=  0 pass
  multipartite(1, 1, 1, 1, 1, 2, 3, 6) n= 16 nodes=  180 non-disc=  179 levels=12 cells[in-part=  360 spans=  144] unknown=  0 pass
  multipartite(1, 1, 1, 1, 1, 2, 4, 5) n= 16 nodes=  200 non-disc=  199 levels=12 cells[in-part=  410 spans=  160] unknown=  0 pass
  multipartite(1, 1, 1, 1, 1, 3, 3, 5) n= 16 nodes=  175 non-disc=  174 levels=12 cells[in-part=  315 spans=  165] unknown=  0 pass
  multipartite(1, 1, 1, 1, 1, 3, 4, 4) n= 16 nodes=  195 non-disc=  194 levels=12 cells[in-part=  385 spans=  171] unknown=  0 pass
  multipartite(1, 1, 1, 1, 2, 2, 2, 6) n= 16 nodes=   96 non-disc=   95 levels=11 cells[in-part=  104 spans=  120] unknown=  0 pass
  multipartite(1, 1, 1, 1, 2, 2, 3, 5) n= 16 nodes=  180 non-disc=  179 levels=11 cells[in-part=  324 spans=  195] unknown=  0 pass
  multipartite(1, 1, 1, 1, 2, 2, 4, 4) n= 16 nodes=  156 non-disc=  155 levels=11 cells[in-part=  256 spans=  181] unknown=  0 pass
  multipartite(1, 1, 1, 1, 2, 3, 3, 4) n= 16 nodes=  224 non-disc=  223 levels=11 cells[in-part=  504 spans=  200] unknown=  0 pass
  multipartite(1, 1, 1, 1, 3, 3, 3, 3) n= 16 nodes=  124 non-disc=  123 levels=11 cells[in-part=  228 spans=  121] unknown=  0 pass
  multipartite(1, 1, 1, 2, 2, 2, 2, 5) n= 16 nodes=   75 non-disc=   74 levels=10 cells[in-part=   75 spans=   95] unknown=  0 pass
  multipartite(1, 1, 1, 2, 2, 2, 3, 4) n= 16 nodes=  144 non-disc=  143 levels=10 cells[in-part=  240 spans=  168] unknown=  0 pass
  multipartite(1, 1, 1, 2, 2, 3, 3, 3) n= 16 nodes=  135 non-disc=  134 levels=10 cells[in-part=  234 spans=  162] unknown=  0 pass
  multipartite(1, 1, 2, 2, 2, 2, 2, 4) n= 16 nodes=   48 non-disc=   47 levels= 9 cells[in-part=   44 spans=   56] unknown=  0 pass
  multipartite(1, 1, 2, 2, 2, 2, 3, 3) n= 16 nodes=   70 non-disc=   69 levels= 9 cells[in-part=   84 spans=   87] unknown=  0 pass
  multipartite(1, 2, 2, 2, 2, 2, 2, 3) n= 16 nodes=   21 non-disc=   20 levels= 8 cells[in-part=   17 spans=   15] unknown=  0 pass
  multipartite(2, 2, 2, 2, 2, 2, 2, 2) n= 16 nodes=    9 non-disc=    8 levels= 8 cells[in-part=    1 spans=    7] unknown=  0 pass
  multipartite(1, 1, 1, 1, 1, 1, 1, 1, 8) n= 16 nodes=   64 non-disc=   63 levels=14 cells[in-part=   56 spans=   56] unknown=  0 pass
  multipartite(1, 1, 1, 1, 1, 1, 1, 2, 7) n= 16 nodes=   98 non-disc=   97 levels=13 cells[in-part=  133 spans=   84] unknown=  0 pass
  multipartite(1, 1, 1, 1, 1, 1, 1, 3, 6) n= 16 nodes=  126 non-disc=  125 levels=13 cells[in-part=  189 spans=  108] unknown=  0 pass
  multipartite(1, 1, 1, 1, 1, 1, 1, 4, 5) n= 16 nodes=  140 non-disc=  139 levels=13 cells[in-part=  217 spans=  120] unknown=  0 pass
  multipartite(1, 1, 1, 1, 1, 1, 2, 2, 6) n= 16 nodes=  108 non-disc=  107 levels=12 cells[in-part=  126 spans=  126] unknown=  0 pass
  multipartite(1, 1, 1, 1, 1, 1, 2, 3, 5) n= 16 nodes=  180 non-disc=  179 levels=12 cells[in-part=  354 spans=  150] unknown=  0 pass
  multipartite(1, 1, 1, 1, 1, 1, 2, 4, 4) n= 16 nodes=  156 non-disc=  155 levels=12 cells[in-part=  282 spans=  142] unknown=  0 pass
  multipartite(1, 1, 1, 1, 1, 1, 3, 3, 4) n= 16 nodes=  168 non-disc=  167 levels=12 cells[in-part=  294 spans=  164] unknown=  0 pass
  multipartite(1, 1, 1, 1, 1, 2, 2, 2, 5) n= 16 nodes=  100 non-disc=   99 levels=11 cells[in-part=  105 spans=  130] unknown=  0 pass
  multipartite(1, 1, 1, 1, 1, 2, 2, 3, 4) n= 16 nodes=  180 non-disc=  179 levels=11 cells[in-part=  315 spans=  204] unknown=  0 pass
  multipartite(1, 1, 1, 1, 1, 2, 3, 3, 3) n= 16 nodes=  150 non-disc=  149 levels=11 cells[in-part=  285 spans=  150] unknown=  0 pass
  multipartite(1, 1, 1, 1, 2, 2, 2, 2, 4) n= 16 nodes=   80 non-disc=   79 levels=10 cells[in-part=   76 spans=  108] unknown=  0 pass
  multipartite(1, 1, 1, 1, 2, 2, 2, 3, 3) n= 16 nodes=  112 non-disc=  111 levels=10 cells[in-part=  140 spans=  156] unknown=  0 pass
  multipartite(1, 1, 1, 2, 2, 2, 2, 2, 3) n= 16 nodes=   54 non-disc=   53 levels= 9 cells[in-part=   45 spans=   72] unknown=  0 pass
  multipartite(1, 1, 2, 2, 2, 2, 2, 2, 2) n= 16 nodes=   16 non-disc=   15 levels= 8 cells[in-part=    2 spans=   20] unknown=  0 pass
  multipartite(1, 1, 1, 1, 1, 1, 1, 1, 1, 7) n= 16 nodes=   63 non-disc=   62 levels=14 cells[in-part=   54 spans=   56] unknown=  0 pass
  multipartite(1, 1, 1, 1, 1, 1, 1, 1, 2, 6) n= 16 nodes=   96 non-disc=   95 levels=13 cells[in-part=  128 spans=   84] unknown=  0 pass
  multipartite(1, 1, 1, 1, 1, 1, 1, 1, 3, 5) n= 16 nodes=  120 non-disc=  119 levels=13 cells[in-part=  176 spans=  105] unknown=  0 pass
  multipartite(1, 1, 1, 1, 1, 1, 1, 1, 4, 4) n= 16 nodes=  104 non-disc=  103 levels=13 cells[in-part=  136 spans=   99] unknown=  0 pass
  multipartite(1, 1, 1, 1, 1, 1, 1, 2, 2, 5) n= 16 nodes=  105 non-disc=  104 levels=12 cells[in-part=  119 spans=  125] unknown=  0 pass
  multipartite(1, 1, 1, 1, 1, 1, 1, 2, 3, 4) n= 16 nodes=  168 non-disc=  167 levels=12 cells[in-part=  322 spans=  144] unknown=  0 pass
  multipartite(1, 1, 1, 1, 1, 1, 1, 3, 3, 3) n= 16 nodes=  105 non-disc=  104 levels=12 cells[in-part=  147 spans=  111] unknown=  0 pass
  multipartite(1, 1, 1, 1, 1, 1, 2, 2, 2, 4) n= 16 nodes=   96 non-disc=   95 levels=11 cells[in-part=   96 spans=  128] unknown=  0 pass
  multipartite(1, 1, 1, 1, 1, 1, 2, 2, 3, 3) n= 16 nodes=  126 non-disc=  125 levels=11 cells[in-part=  168 spans=  165] unknown=  0 pass
  multipartite(1, 1, 1, 1, 1, 2, 2, 2, 2, 3) n= 16 nodes=   75 non-disc=   74 levels=10 cells[in-part=   65 spans=  105] unknown=  0 pass
  multipartite(1, 1, 1, 1, 2, 2, 2, 2, 2, 2) n= 16 nodes=   28 non-disc=   27 levels= 9 cells[in-part=    4 spans=   41] unknown=  0 pass
  multipartite(1, 1, 1, 1, 1, 1, 1, 1, 1, 1, 6) n= 16 nodes=   60 non-disc=   59 levels=14 cells[in-part=   50 spans=   54] unknown=  0 pass
  multipartite(1, 1, 1, 1, 1, 1, 1, 1, 1, 2, 5) n= 16 nodes=   90 non-disc=   89 levels=13 cells[in-part=  117 spans=   80] unknown=  0 pass
  multipartite(1, 1, 1, 1, 1, 1, 1, 1, 1, 3, 4) n= 16 nodes=  108 non-disc=  107 levels=13 cells[in-part=  153 spans=   96] unknown=  0 pass
  multipartite(1, 1, 1, 1, 1, 1, 1, 1, 2, 2, 4) n= 16 nodes=   96 non-disc=   95 levels=12 cells[in-part=  104 spans=  116] unknown=  0 pass
  multipartite(1, 1, 1, 1, 1, 1, 1, 1, 2, 3, 3) n= 16 nodes=  112 non-disc=  111 levels=12 cells[in-part=  168 spans=  114] unknown=  0 pass
  multipartite(1, 1, 1, 1, 1, 1, 1, 2, 2, 2, 3) n= 16 nodes=   84 non-disc=   83 levels=11 cells[in-part=   77 spans=  114] unknown=  0 pass
  multipartite(1, 1, 1, 1, 1, 1, 2, 2, 2, 2, 2) n= 16 nodes=   36 non-disc=   35 levels=10 cells[in-part=    6 spans=   54] unknown=  0 pass
  multipartite(1, 1, 1, 1, 1, 1, 1, 1, 1, 1, 1, 5) n= 16 nodes=   55 non-disc=   54 levels=14 cells[in-part=   44 spans=   50] unknown=  0 pass
  multipartite(1, 1, 1, 1, 1, 1, 1, 1, 1, 1, 2, 4) n= 16 nodes=   80 non-disc=   79 levels=13 cells[in-part=  100 spans=   72] unknown=  0 pass
  multipartite(1, 1, 1, 1, 1, 1, 1, 1, 1, 1, 3, 3) n= 16 nodes=   70 non-disc=   69 levels=13 cells[in-part=   70 spans=   73] unknown=  0 pass
  multipartite(1, 1, 1, 1, 1, 1, 1, 1, 1, 2, 2, 3) n= 16 nodes=   81 non-disc=   80 levels=12 cells[in-part=   81 spans=   99] unknown=  0 pass
  multipartite(1, 1, 1, 1, 1, 1, 1, 1, 2, 2, 2, 2) n= 16 nodes=   40 non-disc=   39 levels=11 cells[in-part=    8 spans=   59] unknown=  0 pass
  multipartite(1, 1, 1, 1, 1, 1, 1, 1, 1, 1, 1, 1, 4) n= 16 nodes=   48 non-disc=   47 levels=14 cells[in-part=   36 spans=   44] unknown=  0 pass
  multipartite(1, 1, 1, 1, 1, 1, 1, 1, 1, 1, 1, 2, 3) n= 16 nodes=   66 non-disc=   65 levels=13 cells[in-part=   77 spans=   60] unknown=  0 pass
  multipartite(1, 1, 1, 1, 1, 1, 1, 1, 1, 1, 2, 2, 2) n= 16 nodes=   40 non-disc=   39 levels=12 cells[in-part=   10 spans=   56] unknown=  0 pass
  multipartite(1, 1, 1, 1, 1, 1, 1, 1, 1, 1, 1, 1, 1, 3) n= 16 nodes=   39 non-disc=   38 levels=14 cells[in-part=   26 spans=   36] unknown=  0 pass
  multipartite(1, 1, 1, 1, 1, 1, 1, 1, 1, 1, 1, 1, 2, 2) n= 16 nodes=   36 non-disc=   35 levels=13 cells[in-part=   12 spans=   45] unknown=  0 pass
  multipartite(1, 1, 1, 1, 1, 1, 1, 1, 1, 1, 1, 1, 1, 1, 2) n= 16 nodes=   28 non-disc=   27 levels=14 cells[in-part=   14 spans=   26] unknown=  0 pass

--- cluster ---
  cluster(1, 2)                      n=  3 nodes=    2 non-disc=    1 levels= 1 cells[in-part=    1 spans=    0] unknown=  0 pass
  cluster(1, 3)                      n=  4 nodes=    3 non-disc=    2 levels= 2 cells[in-part=    2 spans=    0] unknown=  0 pass
  cluster(2, 2)                      n=  4 nodes=    3 non-disc=    2 levels= 2 cells[in-part=    1 spans=    1] unknown=  0 pass
  cluster(1, 1, 2)                   n=  4 nodes=    4 non-disc=    3 levels= 2 cells[in-part=    2 spans=    2] unknown=  0 pass
  cluster(1, 4)                      n=  5 nodes=    4 non-disc=    3 levels= 3 cells[in-part=    3 spans=    0] unknown=  0 pass
  cluster(2, 3)                      n=  5 nodes=    6 non-disc=    5 levels= 3 cells[in-part=    7 spans=    0] unknown=  0 pass
  cluster(1, 1, 3)                   n=  5 nodes=    6 non-disc=    5 levels= 3 cells[in-part=    4 spans=    3] unknown=  0 pass
  cluster(1, 2, 2)                   n=  5 nodes=    3 non-disc=    2 levels= 2 cells[in-part=    1 spans=    1] unknown=  0 pass
  cluster(1, 1, 1, 2)                n=  5 nodes=    6 non-disc=    5 levels= 3 cells[in-part=    3 spans=    4] unknown=  0 pass
  cluster(1, 5)                      n=  6 nodes=    5 non-disc=    4 levels= 4 cells[in-part=    4 spans=    0] unknown=  0 pass
  cluster(2, 4)                      n=  6 nodes=    8 non-disc=    7 levels= 4 cells[in-part=   10 spans=    0] unknown=  0 pass
  cluster(3, 3)                      n=  6 nodes=    7 non-disc=    6 levels= 4 cells[in-part=    7 spans=    1] unknown=  0 pass
  cluster(1, 1, 4)                   n=  6 nodes=    8 non-disc=    7 levels= 4 cells[in-part=    6 spans=    4] unknown=  0 pass
  cluster(1, 2, 3)                   n=  6 nodes=    6 non-disc=    5 levels= 3 cells[in-part=    7 spans=    0] unknown=  0 pass
  cluster(2, 2, 2)                   n=  6 nodes=    4 non-disc=    3 levels= 3 cells[in-part=    1 spans=    2] unknown=  0 pass
  cluster(1, 1, 1, 3)                n=  6 nodes=    9 non-disc=    8 levels= 4 cells[in-part=    6 spans=    6] unknown=  0 pass
  cluster(1, 1, 2, 2)                n=  6 nodes=    6 non-disc=    5 levels= 3 cells[in-part=    2 spans=    5] unknown=  0 pass
  cluster(1, 1, 1, 1, 2)             n=  6 nodes=    8 non-disc=    7 levels= 4 cells[in-part=    4 spans=    6] unknown=  0 pass
  cluster(1, 6)                      n=  7 nodes=    6 non-disc=    5 levels= 5 cells[in-part=    5 spans=    0] unknown=  0 pass
  cluster(2, 5)                      n=  7 nodes=   10 non-disc=    9 levels= 5 cells[in-part=   13 spans=    0] unknown=  0 pass
  cluster(3, 4)                      n=  7 nodes=   12 non-disc=   11 levels= 5 cells[in-part=   17 spans=    0] unknown=  0 pass
  cluster(1, 1, 5)                   n=  7 nodes=   10 non-disc=    9 levels= 5 cells[in-part=    8 spans=    5] unknown=  0 pass
  cluster(1, 2, 4)                   n=  7 nodes=    8 non-disc=    7 levels= 4 cells[in-part=   10 spans=    0] unknown=  0 pass
  cluster(1, 3, 3)                   n=  7 nodes=    7 non-disc=    6 levels= 4 cells[in-part=    7 spans=    1] unknown=  0 pass
  cluster(2, 2, 3)                   n=  7 nodes=    9 non-disc=    8 levels= 4 cells[in-part=    9 spans=    3] unknown=  0 pass
  cluster(1, 1, 1, 4)                n=  7 nodes=   12 non-disc=   11 levels= 5 cells[in-part=    9 spans=    8] unknown=  0 pass
  cluster(1, 1, 2, 3)                n=  7 nodes=   12 non-disc=   11 levels= 4 cells[in-part=   14 spans=    6] unknown=  0 pass
  cluster(1, 2, 2, 2)                n=  7 nodes=    4 non-disc=    3 levels= 3 cells[in-part=    1 spans=    2] unknown=  0 pass
  cluster(1, 1, 1, 1, 3)             n=  7 nodes=   12 non-disc=   11 levels= 5 cells[in-part=    8 spans=    9] unknown=  0 pass
  cluster(1, 1, 1, 2, 2)             n=  7 nodes=    9 non-disc=    8 levels= 4 cells[in-part=    3 spans=    9] unknown=  0 pass
  cluster(1, 1, 1, 1, 1, 2)          n=  7 nodes=   10 non-disc=    9 levels= 5 cells[in-part=    5 spans=    8] unknown=  0 pass
  cluster(1, 7)                      n=  8 nodes=    7 non-disc=    6 levels= 6 cells[in-part=    6 spans=    0] unknown=  0 pass
  cluster(2, 6)                      n=  8 nodes=   12 non-disc=   11 levels= 6 cells[in-part=   16 spans=    0] unknown=  0 pass
  cluster(3, 5)                      n=  8 nodes=   15 non-disc=   14 levels= 6 cells[in-part=   22 spans=    0] unknown=  0 pass
  cluster(4, 4)                      n=  8 nodes=   13 non-disc=   12 levels= 6 cells[in-part=   17 spans=    1] unknown=  0 pass
  cluster(1, 1, 6)                   n=  8 nodes=   12 non-disc=   11 levels= 6 cells[in-part=   10 spans=    6] unknown=  0 pass
  cluster(1, 2, 5)                   n=  8 nodes=   10 non-disc=    9 levels= 5 cells[in-part=   13 spans=    0] unknown=  0 pass
  cluster(1, 3, 4)                   n=  8 nodes=   12 non-disc=   11 levels= 5 cells[in-part=   17 spans=    0] unknown=  0 pass
  cluster(2, 2, 4)                   n=  8 nodes=   12 non-disc=   11 levels= 5 cells[in-part=   13 spans=    4] unknown=  0 pass
  cluster(2, 3, 3)                   n=  8 nodes=   14 non-disc=   13 levels= 5 cells[in-part=   21 spans=    2] unknown=  0 pass
  cluster(1, 1, 1, 5)                n=  8 nodes=   15 non-disc=   14 levels= 6 cells[in-part=   12 spans=   10] unknown=  0 pass
  cluster(1, 1, 2, 4)                n=  8 nodes=   16 non-disc=   15 levels= 5 cells[in-part=   20 spans=    8] unknown=  0 pass
  cluster(1, 1, 3, 3)                n=  8 nodes=   14 non-disc=   13 levels= 5 cells[in-part=   14 spans=    9] unknown=  0 pass
  cluster(1, 2, 2, 3)                n=  8 nodes=    9 non-disc=    8 levels= 4 cells[in-part=    9 spans=    3] unknown=  0 pass
  cluster(2, 2, 2, 2)                n=  8 nodes=    5 non-disc=    4 levels= 4 cells[in-part=    1 spans=    3] unknown=  0 pass
  cluster(1, 1, 1, 1, 4)             n=  8 nodes=   16 non-disc=   15 levels= 6 cells[in-part=   12 spans=   12] unknown=  0 pass
  cluster(1, 1, 1, 2, 3)             n=  8 nodes=   18 non-disc=   17 levels= 5 cells[in-part=   21 spans=   12] unknown=  0 pass
  cluster(1, 1, 2, 2, 2)             n=  8 nodes=    8 non-disc=    7 levels= 4 cells[in-part=    2 spans=    8] unknown=  0 pass
  cluster(1, 1, 1, 1, 1, 3)          n=  8 nodes=   15 non-disc=   14 levels= 6 cells[in-part=   10 spans=   12] unknown=  0 pass
  cluster(1, 1, 1, 1, 2, 2)          n=  8 nodes=   12 non-disc=   11 levels= 5 cells[in-part=    4 spans=   13] unknown=  0 pass
  cluster(1, 1, 1, 1, 1, 1, 2)       n=  8 nodes=   12 non-disc=   11 levels= 6 cells[in-part=    6 spans=   10] unknown=  0 pass
  cluster(1, 8)                      n=  9 nodes=    8 non-disc=    7 levels= 7 cells[in-part=    7 spans=    0] unknown=  0 pass
  cluster(2, 7)                      n=  9 nodes=   14 non-disc=   13 levels= 7 cells[in-part=   19 spans=    0] unknown=  0 pass
  cluster(3, 6)                      n=  9 nodes=   18 non-disc=   17 levels= 7 cells[in-part=   27 spans=    0] unknown=  0 pass
  cluster(4, 5)                      n=  9 nodes=   20 non-disc=   19 levels= 7 cells[in-part=   31 spans=    0] unknown=  0 pass
  cluster(1, 1, 7)                   n=  9 nodes=   14 non-disc=   13 levels= 7 cells[in-part=   12 spans=    7] unknown=  0 pass
  cluster(1, 2, 6)                   n=  9 nodes=   12 non-disc=   11 levels= 6 cells[in-part=   16 spans=    0] unknown=  0 pass
  cluster(1, 3, 5)                   n=  9 nodes=   15 non-disc=   14 levels= 6 cells[in-part=   22 spans=    0] unknown=  0 pass
  cluster(1, 4, 4)                   n=  9 nodes=   13 non-disc=   12 levels= 6 cells[in-part=   17 spans=    1] unknown=  0 pass
  cluster(2, 2, 5)                   n=  9 nodes=   15 non-disc=   14 levels= 6 cells[in-part=   17 spans=    5] unknown=  0 pass
  cluster(2, 3, 4)                   n=  9 nodes=   24 non-disc=   23 levels= 6 cells[in-part=   46 spans=    0] unknown=  0 pass
  cluster(3, 3, 3)                   n=  9 nodes=   15 non-disc=   14 levels= 6 cells[in-part=   21 spans=    3] unknown=  0 pass
  cluster(1, 1, 1, 6)                n=  9 nodes=   18 non-disc=   17 levels= 7 cells[in-part=   15 spans=   12] unknown=  0 pass
  cluster(1, 1, 2, 5)                n=  9 nodes=   20 non-disc=   19 levels= 6 cells[in-part=   26 spans=   10] unknown=  0 pass
  cluster(1, 1, 3, 4)                n=  9 nodes=   24 non-disc=   23 levels= 6 cells[in-part=   34 spans=   12] unknown=  0 pass
  cluster(1, 2, 2, 4)                n=  9 nodes=   12 non-disc=   11 levels= 5 cells[in-part=   13 spans=    4] unknown=  0 pass
  cluster(1, 2, 3, 3)                n=  9 nodes=   14 non-disc=   13 levels= 5 cells[in-part=   21 spans=    2] unknown=  0 pass
  cluster(2, 2, 2, 3)                n=  9 nodes=   12 non-disc=   11 levels= 5 cells[in-part=   11 spans=    6] unknown=  0 pass
  cluster(1, 1, 1, 1, 5)             n=  9 nodes=   20 non-disc=   19 levels= 7 cells[in-part=   16 spans=   15] unknown=  0 pass
  cluster(1, 1, 1, 2, 4)             n=  9 nodes=   24 non-disc=   23 levels= 6 cells[in-part=   30 spans=   16] unknown=  0 pass
  cluster(1, 1, 1, 3, 3)             n=  9 nodes=   21 non-disc=   20 levels= 6 cells[in-part=   21 spans=   17] unknown=  0 pass
  cluster(1, 1, 2, 2, 3)             n=  9 nodes=   18 non-disc=   17 levels= 5 cells[in-part=   18 spans=   15] unknown=  0 pass
  cluster(1, 2, 2, 2, 2)             n=  9 nodes=    5 non-disc=    4 levels= 4 cells[in-part=    1 spans=    3] unknown=  0 pass
  cluster(1, 1, 1, 1, 1, 4)          n=  9 nodes=   20 non-disc=   19 levels= 7 cells[in-part=   15 spans=   16] unknown=  0 pass
  cluster(1, 1, 1, 1, 2, 3)          n=  9 nodes=   24 non-disc=   23 levels= 6 cells[in-part=   28 spans=   18] unknown=  0 pass
  cluster(1, 1, 1, 2, 2, 2)          n=  9 nodes=   12 non-disc=   11 levels= 5 cells[in-part=    3 spans=   14] unknown=  0 pass
  cluster(1, 1, 1, 1, 1, 1, 3)       n=  9 nodes=   18 non-disc=   17 levels= 7 cells[in-part=   12 spans=   15] unknown=  0 pass
  cluster(1, 1, 1, 1, 1, 2, 2)       n=  9 nodes=   15 non-disc=   14 levels= 6 cells[in-part=    5 spans=   17] unknown=  0 pass
  cluster(1, 1, 1, 1, 1, 1, 1, 2)    n=  9 nodes=   14 non-disc=   13 levels= 7 cells[in-part=    7 spans=   12] unknown=  0 pass
  cluster(1, 9)                      n= 10 nodes=    9 non-disc=    8 levels= 8 cells[in-part=    8 spans=    0] unknown=  0 pass
  cluster(2, 8)                      n= 10 nodes=   16 non-disc=   15 levels= 8 cells[in-part=   22 spans=    0] unknown=  0 pass
  cluster(3, 7)                      n= 10 nodes=   21 non-disc=   20 levels= 8 cells[in-part=   32 spans=    0] unknown=  0 pass
  cluster(4, 6)                      n= 10 nodes=   24 non-disc=   23 levels= 8 cells[in-part=   38 spans=    0] unknown=  0 pass
  cluster(5, 5)                      n= 10 nodes=   21 non-disc=   20 levels= 8 cells[in-part=   31 spans=    1] unknown=  0 pass
  cluster(1, 1, 8)                   n= 10 nodes=   16 non-disc=   15 levels= 8 cells[in-part=   14 spans=    8] unknown=  0 pass
  cluster(1, 2, 7)                   n= 10 nodes=   14 non-disc=   13 levels= 7 cells[in-part=   19 spans=    0] unknown=  0 pass
  cluster(1, 3, 6)                   n= 10 nodes=   18 non-disc=   17 levels= 7 cells[in-part=   27 spans=    0] unknown=  0 pass
  cluster(1, 4, 5)                   n= 10 nodes=   20 non-disc=   19 levels= 7 cells[in-part=   31 spans=    0] unknown=  0 pass
  cluster(2, 2, 6)                   n= 10 nodes=   18 non-disc=   17 levels= 7 cells[in-part=   21 spans=    6] unknown=  0 pass
  cluster(2, 3, 5)                   n= 10 nodes=   30 non-disc=   29 levels= 7 cells[in-part=   59 spans=    0] unknown=  0 pass
  cluster(2, 4, 4)                   n= 10 nodes=   26 non-disc=   25 levels= 7 cells[in-part=   47 spans=    2] unknown=  0 pass
  cluster(3, 3, 4)                   n= 10 nodes=   28 non-disc=   27 levels= 7 cells[in-part=   49 spans=    4] unknown=  0 pass
  cluster(1, 1, 1, 7)                n= 10 nodes=   21 non-disc=   20 levels= 8 cells[in-part=   18 spans=   14] unknown=  0 pass
  cluster(1, 1, 2, 6)                n= 10 nodes=   24 non-disc=   23 levels= 7 cells[in-part=   32 spans=   12] unknown=  0 pass
  cluster(1, 1, 3, 5)                n= 10 nodes=   30 non-disc=   29 levels= 7 cells[in-part=   44 spans=   15] unknown=  0 pass
  cluster(1, 1, 4, 4)                n= 10 nodes=   26 non-disc=   25 levels= 7 cells[in-part=   34 spans=   15] unknown=  0 pass
  cluster(1, 2, 2, 5)                n= 10 nodes=   15 non-disc=   14 levels= 6 cells[in-part=   17 spans=    5] unknown=  0 pass
  cluster(1, 2, 3, 4)                n= 10 nodes=   24 non-disc=   23 levels= 6 cells[in-part=   46 spans=    0] unknown=  0 pass
  cluster(1, 3, 3, 3)                n= 10 nodes=   15 non-disc=   14 levels= 6 cells[in-part=   21 spans=    3] unknown=  0 pass
  cluster(2, 2, 2, 4)                n= 10 nodes=   16 non-disc=   15 levels= 6 cells[in-part=   16 spans=    8] unknown=  0 pass
  cluster(2, 2, 3, 3)                n= 10 nodes=   21 non-disc=   20 levels= 6 cells[in-part=   28 spans=   10] unknown=  0 pass
  cluster(1, 1, 1, 1, 6)             n= 10 nodes=   24 non-disc=   23 levels= 8 cells[in-part=   20 spans=   18] unknown=  0 pass
  cluster(1, 1, 1, 2, 5)             n= 10 nodes=   30 non-disc=   29 levels= 7 cells[in-part=   39 spans=   20] unknown=  0 pass
  cluster(1, 1, 1, 3, 4)             n= 10 nodes=   36 non-disc=   35 levels= 7 cells[in-part=   51 spans=   24] unknown=  0 pass
  cluster(1, 1, 2, 2, 4)             n= 10 nodes=   24 non-disc=   23 levels= 6 cells[in-part=   26 spans=   20] unknown=  0 pass
  cluster(1, 1, 2, 3, 3)             n= 10 nodes=   28 non-disc=   27 levels= 6 cells[in-part=   42 spans=   18] unknown=  0 pass
  cluster(1, 2, 2, 2, 3)             n= 10 nodes=   12 non-disc=   11 levels= 5 cells[in-part=   11 spans=    6] unknown=  0 pass
  cluster(2, 2, 2, 2, 2)             n= 10 nodes=    6 non-disc=    5 levels= 5 cells[in-part=    1 spans=    4] unknown=  0 pass
  cluster(1, 1, 1, 1, 1, 5)          n= 10 nodes=   25 non-disc=   24 levels= 8 cells[in-part=   20 spans=   20] unknown=  0 pass
  cluster(1, 1, 1, 1, 2, 4)          n= 10 nodes=   32 non-disc=   31 levels= 7 cells[in-part=   40 spans=   24] unknown=  0 pass
  cluster(1, 1, 1, 1, 3, 3)          n= 10 nodes=   28 non-disc=   27 levels= 7 cells[in-part=   28 spans=   25] unknown=  0 pass
  cluster(1, 1, 1, 2, 2, 3)          n= 10 nodes=   27 non-disc=   26 levels= 6 cells[in-part=   27 spans=   27] unknown=  0 pass
  cluster(1, 1, 2, 2, 2, 2)          n= 10 nodes=   10 non-disc=    9 levels= 5 cells[in-part=    2 spans=   11] unknown=  0 pass
  cluster(1, 1, 1, 1, 1, 1, 4)       n= 10 nodes=   24 non-disc=   23 levels= 8 cells[in-part=   18 spans=   20] unknown=  0 pass
  cluster(1, 1, 1, 1, 1, 2, 3)       n= 10 nodes=   30 non-disc=   29 levels= 7 cells[in-part=   35 spans=   24] unknown=  0 pass
  cluster(1, 1, 1, 1, 2, 2, 2)       n= 10 nodes=   16 non-disc=   15 levels= 6 cells[in-part=    4 spans=   20] unknown=  0 pass
  cluster(1, 1, 1, 1, 1, 1, 1, 3)    n= 10 nodes=   21 non-disc=   20 levels= 8 cells[in-part=   14 spans=   18] unknown=  0 pass
  cluster(1, 1, 1, 1, 1, 1, 2, 2)    n= 10 nodes=   18 non-disc=   17 levels= 7 cells[in-part=    6 spans=   21] unknown=  0 pass
  cluster(1, 1, 1, 1, 1, 1, 1, 1, 2) n= 10 nodes=   16 non-disc=   15 levels= 8 cells[in-part=    8 spans=   14] unknown=  0 pass
  cluster(1, 10)                     n= 11 nodes=   10 non-disc=    9 levels= 9 cells[in-part=    9 spans=    0] unknown=  0 pass
  cluster(2, 9)                      n= 11 nodes=   18 non-disc=   17 levels= 9 cells[in-part=   25 spans=    0] unknown=  0 pass
  cluster(3, 8)                      n= 11 nodes=   24 non-disc=   23 levels= 9 cells[in-part=   37 spans=    0] unknown=  0 pass
  cluster(4, 7)                      n= 11 nodes=   28 non-disc=   27 levels= 9 cells[in-part=   45 spans=    0] unknown=  0 pass
  cluster(5, 6)                      n= 11 nodes=   30 non-disc=   29 levels= 9 cells[in-part=   49 spans=    0] unknown=  0 pass
  cluster(1, 1, 9)                   n= 11 nodes=   18 non-disc=   17 levels= 9 cells[in-part=   16 spans=    9] unknown=  0 pass
  cluster(1, 2, 8)                   n= 11 nodes=   16 non-disc=   15 levels= 8 cells[in-part=   22 spans=    0] unknown=  0 pass
  cluster(1, 3, 7)                   n= 11 nodes=   21 non-disc=   20 levels= 8 cells[in-part=   32 spans=    0] unknown=  0 pass
  cluster(1, 4, 6)                   n= 11 nodes=   24 non-disc=   23 levels= 8 cells[in-part=   38 spans=    0] unknown=  0 pass
  cluster(1, 5, 5)                   n= 11 nodes=   21 non-disc=   20 levels= 8 cells[in-part=   31 spans=    1] unknown=  0 pass
  cluster(2, 2, 7)                   n= 11 nodes=   21 non-disc=   20 levels= 8 cells[in-part=   25 spans=    7] unknown=  0 pass
  cluster(2, 3, 6)                   n= 11 nodes=   36 non-disc=   35 levels= 8 cells[in-part=   72 spans=    0] unknown=  0 pass
  cluster(2, 4, 5)                   n= 11 nodes=   40 non-disc=   39 levels= 8 cells[in-part=   82 spans=    0] unknown=  0 pass
  cluster(3, 3, 5)                   n= 11 nodes=   35 non-disc=   34 levels= 8 cells[in-part=   63 spans=    5] unknown=  0 pass
  cluster(3, 4, 4)                   n= 11 nodes=   39 non-disc=   38 levels= 8 cells[in-part=   77 spans=    3] unknown=  0 pass
  cluster(1, 1, 1, 8)                n= 11 nodes=   24 non-disc=   23 levels= 9 cells[in-part=   21 spans=   16] unknown=  0 pass
  cluster(1, 1, 2, 7)                n= 11 nodes=   28 non-disc=   27 levels= 8 cells[in-part=   38 spans=   14] unknown=  0 pass
  cluster(1, 1, 3, 6)                n= 11 nodes=   36 non-disc=   35 levels= 8 cells[in-part=   54 spans=   18] unknown=  0 pass
  cluster(1, 1, 4, 5)                n= 11 nodes=   40 non-disc=   39 levels= 8 cells[in-part=   62 spans=   20] unknown=  0 pass
  cluster(1, 2, 2, 6)                n= 11 nodes=   18 non-disc=   17 levels= 7 cells[in-part=   21 spans=    6] unknown=  0 pass
  cluster(1, 2, 3, 5)                n= 11 nodes=   30 non-disc=   29 levels= 7 cells[in-part=   59 spans=    0] unknown=  0 pass
  cluster(1, 2, 4, 4)                n= 11 nodes=   26 non-disc=   25 levels= 7 cells[in-part=   47 spans=    2] unknown=  0 pass
  cluster(1, 3, 3, 4)                n= 11 nodes=   28 non-disc=   27 levels= 7 cells[in-part=   49 spans=    4] unknown=  0 pass
  cluster(2, 2, 2, 5)                n= 11 nodes=   20 non-disc=   19 levels= 7 cells[in-part=   21 spans=   10] unknown=  0 pass
  cluster(2, 2, 3, 4)                n= 11 nodes=   36 non-disc=   35 levels= 7 cells[in-part=   63 spans=   12] unknown=  0 pass
  cluster(2, 3, 3, 3)                n= 11 nodes=   30 non-disc=   29 levels= 7 cells[in-part=   57 spans=    6] unknown=  0 pass
  cluster(1, 1, 1, 1, 7)             n= 11 nodes=   28 non-disc=   27 levels= 9 cells[in-part=   24 spans=   21] unknown=  0 pass
  cluster(1, 1, 1, 2, 6)             n= 11 nodes=   36 non-disc=   35 levels= 8 cells[in-part=   48 spans=   24] unknown=  0 pass
  cluster(1, 1, 1, 3, 5)             n= 11 nodes=   45 non-disc=   44 levels= 8 cells[in-part=   66 spans=   30] unknown=  0 pass
  cluster(1, 1, 1, 4, 4)             n= 11 nodes=   39 non-disc=   38 levels= 8 cells[in-part=   51 spans=   29] unknown=  0 pass
  cluster(1, 1, 2, 2, 5)             n= 11 nodes=   30 non-disc=   29 levels= 7 cells[in-part=   34 spans=   25] unknown=  0 pass
  cluster(1, 1, 2, 3, 4)             n= 11 nodes=   48 non-disc=   47 levels= 7 cells[in-part=   92 spans=   24] unknown=  0 pass
  cluster(1, 1, 3, 3, 3)             n= 11 nodes=   30 non-disc=   29 levels= 7 cells[in-part=   42 spans=   21] unknown=  0 pass
  cluster(1, 2, 2, 2, 4)             n= 11 nodes=   16 non-disc=   15 levels= 6 cells[in-part=   16 spans=    8] unknown=  0 pass
  cluster(1, 2, 2, 3, 3)             n= 11 nodes=   21 non-disc=   20 levels= 6 cells[in-part=   28 spans=   10] unknown=  0 pass
  cluster(2, 2, 2, 2, 3)             n= 11 nodes=   15 non-disc=   14 levels= 6 cells[in-part=   13 spans=    9] unknown=  0 pass
  cluster(1, 1, 1, 1, 1, 6)          n= 11 nodes=   30 non-disc=   29 levels= 9 cells[in-part=   25 spans=   24] unknown=  0 pass
  cluster(1, 1, 1, 1, 2, 5)          n= 11 nodes=   40 non-disc=   39 levels= 8 cells[in-part=   52 spans=   30] unknown=  0 pass
  cluster(1, 1, 1, 1, 3, 4)          n= 11 nodes=   48 non-disc=   47 levels= 8 cells[in-part=   68 spans=   36] unknown=  0 pass
  cluster(1, 1, 1, 2, 2, 4)          n= 11 nodes=   36 non-disc=   35 levels= 7 cells[in-part=   39 spans=   36] unknown=  0 pass
  cluster(1, 1, 1, 2, 3, 3)          n= 11 nodes=   42 non-disc=   41 levels= 7 cells[in-part=   63 spans=   34] unknown=  0 pass
  cluster(1, 1, 2, 2, 2, 3)          n= 11 nodes=   24 non-disc=   23 levels= 6 cells[in-part=   22 spans=   24] unknown=  0 pass
  cluster(1, 2, 2, 2, 2, 2)          n= 11 nodes=    6 non-disc=    5 levels= 5 cells[in-part=    1 spans=    4] unknown=  0 pass
  cluster(1, 1, 1, 1, 1, 1, 5)       n= 11 nodes=   30 non-disc=   29 levels= 9 cells[in-part=   24 spans=   25] unknown=  0 pass
  cluster(1, 1, 1, 1, 1, 2, 4)       n= 11 nodes=   40 non-disc=   39 levels= 8 cells[in-part=   50 spans=   32] unknown=  0 pass
  cluster(1, 1, 1, 1, 1, 3, 3)       n= 11 nodes=   35 non-disc=   34 levels= 8 cells[in-part=   35 spans=   33] unknown=  0 pass
  cluster(1, 1, 1, 1, 2, 2, 3)       n= 11 nodes=   36 non-disc=   35 levels= 7 cells[in-part=   36 spans=   39] unknown=  0 pass
  cluster(1, 1, 1, 2, 2, 2, 2)       n= 11 nodes=   15 non-disc=   14 levels= 6 cells[in-part=    3 spans=   19] unknown=  0 pass
  cluster(1, 1, 1, 1, 1, 1, 1, 4)    n= 11 nodes=   28 non-disc=   27 levels= 9 cells[in-part=   21 spans=   24] unknown=  0 pass
  cluster(1, 1, 1, 1, 1, 1, 2, 3)    n= 11 nodes=   36 non-disc=   35 levels= 8 cells[in-part=   42 spans=   30] unknown=  0 pass
  cluster(1, 1, 1, 1, 1, 2, 2, 2)    n= 11 nodes=   20 non-disc=   19 levels= 7 cells[in-part=    5 spans=   26] unknown=  0 pass
  cluster(1, 1, 1, 1, 1, 1, 1, 1, 3) n= 11 nodes=   24 non-disc=   23 levels= 9 cells[in-part=   16 spans=   21] unknown=  0 pass
  cluster(1, 1, 1, 1, 1, 1, 1, 2, 2) n= 11 nodes=   21 non-disc=   20 levels= 8 cells[in-part=    7 spans=   25] unknown=  0 pass
  cluster(1, 1, 1, 1, 1, 1, 1, 1, 1, 2) n= 11 nodes=   18 non-disc=   17 levels= 9 cells[in-part=    9 spans=   16] unknown=  0 pass
  cluster(1, 11)                     n= 12 nodes=   11 non-disc=   10 levels=10 cells[in-part=   10 spans=    0] unknown=  0 pass
  cluster(2, 10)                     n= 12 nodes=   20 non-disc=   19 levels=10 cells[in-part=   28 spans=    0] unknown=  0 pass
  cluster(3, 9)                      n= 12 nodes=   27 non-disc=   26 levels=10 cells[in-part=   42 spans=    0] unknown=  0 pass
  cluster(4, 8)                      n= 12 nodes=   32 non-disc=   31 levels=10 cells[in-part=   52 spans=    0] unknown=  0 pass
  cluster(5, 7)                      n= 12 nodes=   35 non-disc=   34 levels=10 cells[in-part=   58 spans=    0] unknown=  0 pass
  cluster(6, 6)                      n= 12 nodes=   31 non-disc=   30 levels=10 cells[in-part=   49 spans=    1] unknown=  0 pass
  cluster(1, 1, 10)                  n= 12 nodes=   20 non-disc=   19 levels=10 cells[in-part=   18 spans=   10] unknown=  0 pass
  cluster(1, 2, 9)                   n= 12 nodes=   18 non-disc=   17 levels= 9 cells[in-part=   25 spans=    0] unknown=  0 pass
  cluster(1, 3, 8)                   n= 12 nodes=   24 non-disc=   23 levels= 9 cells[in-part=   37 spans=    0] unknown=  0 pass
  cluster(1, 4, 7)                   n= 12 nodes=   28 non-disc=   27 levels= 9 cells[in-part=   45 spans=    0] unknown=  0 pass
  cluster(1, 5, 6)                   n= 12 nodes=   30 non-disc=   29 levels= 9 cells[in-part=   49 spans=    0] unknown=  0 pass
  cluster(2, 2, 8)                   n= 12 nodes=   24 non-disc=   23 levels= 9 cells[in-part=   29 spans=    8] unknown=  0 pass
  cluster(2, 3, 7)                   n= 12 nodes=   42 non-disc=   41 levels= 9 cells[in-part=   85 spans=    0] unknown=  0 pass
  cluster(2, 4, 6)                   n= 12 nodes=   48 non-disc=   47 levels= 9 cells[in-part=  100 spans=    0] unknown=  0 pass
  cluster(2, 5, 5)                   n= 12 nodes=   42 non-disc=   41 levels= 9 cells[in-part=   83 spans=    2] unknown=  0 pass
  cluster(3, 3, 6)                   n= 12 nodes=   42 non-disc=   41 levels= 9 cells[in-part=   77 spans=    6] unknown=  0 pass
  cluster(3, 4, 5)                   n= 12 nodes=   60 non-disc=   59 levels= 9 cells[in-part=  133 spans=    0] unknown=  0 pass
  cluster(4, 4, 4)                   n= 12 nodes=   40 non-disc=   39 levels= 9 cells[in-part=   77 spans=    4] unknown=  0 pass
  cluster(1, 1, 1, 9)                n= 12 nodes=   27 non-disc=   26 levels=10 cells[in-part=   24 spans=   18] unknown=  0 pass
  cluster(1, 1, 2, 8)                n= 12 nodes=   32 non-disc=   31 levels= 9 cells[in-part=   44 spans=   16] unknown=  0 pass
  cluster(1, 1, 3, 7)                n= 12 nodes=   42 non-disc=   41 levels= 9 cells[in-part=   64 spans=   21] unknown=  0 pass
  cluster(1, 1, 4, 6)                n= 12 nodes=   48 non-disc=   47 levels= 9 cells[in-part=   76 spans=   24] unknown=  0 pass
  cluster(1, 1, 5, 5)                n= 12 nodes=   42 non-disc=   41 levels= 9 cells[in-part=   62 spans=   23] unknown=  0 pass
  cluster(1, 2, 2, 7)                n= 12 nodes=   21 non-disc=   20 levels= 8 cells[in-part=   25 spans=    7] unknown=  0 pass
  cluster(1, 2, 3, 6)                n= 12 nodes=   36 non-disc=   35 levels= 8 cells[in-part=   72 spans=    0] unknown=  0 pass
  cluster(1, 2, 4, 5)                n= 12 nodes=   40 non-disc=   39 levels= 8 cells[in-part=   82 spans=    0] unknown=  0 pass
  cluster(1, 3, 3, 5)                n= 12 nodes=   35 non-disc=   34 levels= 8 cells[in-part=   63 spans=    5] unknown=  0 pass
  cluster(1, 3, 4, 4)                n= 12 nodes=   39 non-disc=   38 levels= 8 cells[in-part=   77 spans=    3] unknown=  0 pass
  cluster(2, 2, 2, 6)                n= 12 nodes=   24 non-disc=   23 levels= 8 cells[in-part=   26 spans=   12] unknown=  0 pass
  cluster(2, 2, 3, 5)                n= 12 nodes=   45 non-disc=   44 levels= 8 cells[in-part=   81 spans=   15] unknown=  0 pass
  cluster(2, 2, 4, 4)                n= 12 nodes=   39 non-disc=   38 levels= 8 cells[in-part=   64 spans=   16] unknown=  0 pass
  cluster(2, 3, 3, 4)                n= 12 nodes=   56 non-disc=   55 levels= 8 cells[in-part=  126 spans=    8] unknown=  0 pass
  cluster(3, 3, 3, 3)                n= 12 nodes=   31 non-disc=   30 levels= 8 cells[in-part=   57 spans=    7] unknown=  0 pass
  cluster(1, 1, 1, 1, 8)             n= 12 nodes=   32 non-disc=   31 levels=10 cells[in-part=   28 spans=   24] unknown=  0 pass
  cluster(1, 1, 1, 2, 7)             n= 12 nodes=   42 non-disc=   41 levels= 9 cells[in-part=   57 spans=   28] unknown=  0 pass
  cluster(1, 1, 1, 3, 6)             n= 12 nodes=   54 non-disc=   53 levels= 9 cells[in-part=   81 spans=   36] unknown=  0 pass
  cluster(1, 1, 1, 4, 5)             n= 12 nodes=   60 non-disc=   59 levels= 9 cells[in-part=   93 spans=   40] unknown=  0 pass
  cluster(1, 1, 2, 2, 6)             n= 12 nodes=   36 non-disc=   35 levels= 8 cells[in-part=   42 spans=   30] unknown=  0 pass
  cluster(1, 1, 2, 3, 5)             n= 12 nodes=   60 non-disc=   59 levels= 8 cells[in-part=  118 spans=   30] unknown=  0 pass
  cluster(1, 1, 2, 4, 4)             n= 12 nodes=   52 non-disc=   51 levels= 8 cells[in-part=   94 spans=   30] unknown=  0 pass
  cluster(1, 1, 3, 3, 4)             n= 12 nodes=   56 non-disc=   55 levels= 8 cells[in-part=   98 spans=   36] unknown=  0 pass
  cluster(1, 2, 2, 2, 5)             n= 12 nodes=   20 non-disc=   19 levels= 7 cells[in-part=   21 spans=   10] unknown=  0 pass
  cluster(1, 2, 2, 3, 4)             n= 12 nodes=   36 non-disc=   35 levels= 7 cells[in-part=   63 spans=   12] unknown=  0 pass
  cluster(1, 2, 3, 3, 3)             n= 12 nodes=   30 non-disc=   29 levels= 7 cells[in-part=   57 spans=    6] unknown=  0 pass
  cluster(2, 2, 2, 2, 4)             n= 12 nodes=   20 non-disc=   19 levels= 7 cells[in-part=   19 spans=   12] unknown=  0 pass
  cluster(2, 2, 2, 3, 3)             n= 12 nodes=   28 non-disc=   27 levels= 7 cells[in-part=   35 spans=   18] unknown=  0 pass
  cluster(1, 1, 1, 1, 1, 7)          n= 12 nodes=   35 non-disc=   34 levels=10 cells[in-part=   30 spans=   28] unknown=  0 pass
  cluster(1, 1, 1, 1, 2, 6)          n= 12 nodes=   48 non-disc=   47 levels= 9 cells[in-part=   64 spans=   36] unknown=  0 pass
  cluster(1, 1, 1, 1, 3, 5)          n= 12 nodes=   60 non-disc=   59 levels= 9 cells[in-part=   88 spans=   45] unknown=  0 pass
  cluster(1, 1, 1, 1, 4, 4)          n= 12 nodes=   52 non-disc=   51 levels= 9 cells[in-part=   68 spans=   43] unknown=  0 pass
  cluster(1, 1, 1, 2, 2, 5)          n= 12 nodes=   45 non-disc=   44 levels= 8 cells[in-part=   51 spans=   45] unknown=  0 pass
  cluster(1, 1, 1, 2, 3, 4)          n= 12 nodes=   72 non-disc=   71 levels= 8 cells[in-part=  138 spans=   48] unknown=  0 pass
  cluster(1, 1, 1, 3, 3, 3)          n= 12 nodes=   45 non-disc=   44 levels= 8 cells[in-part=   63 spans=   39] unknown=  0 pass
  cluster(1, 1, 2, 2, 2, 4)          n= 12 nodes=   32 non-disc=   31 levels= 7 cells[in-part=   32 spans=   32] unknown=  0 pass
  cluster(1, 1, 2, 2, 3, 3)          n= 12 nodes=   42 non-disc=   41 levels= 7 cells[in-part=   56 spans=   41] unknown=  0 pass
  cluster(1, 2, 2, 2, 2, 3)          n= 12 nodes=   15 non-disc=   14 levels= 6 cells[in-part=   13 spans=    9] unknown=  0 pass
  cluster(2, 2, 2, 2, 2, 2)          n= 12 nodes=    7 non-disc=    6 levels= 6 cells[in-part=    1 spans=    5] unknown=  0 pass
  cluster(1, 1, 1, 1, 1, 1, 6)       n= 12 nodes=   36 non-disc=   35 levels=10 cells[in-part=   30 spans=   30] unknown=  0 pass
  cluster(1, 1, 1, 1, 1, 2, 5)       n= 12 nodes=   50 non-disc=   49 levels= 9 cells[in-part=   65 spans=   40] unknown=  0 pass
  cluster(1, 1, 1, 1, 1, 3, 4)       n= 12 nodes=   60 non-disc=   59 levels= 9 cells[in-part=   85 spans=   48] unknown=  0 pass
  cluster(1, 1, 1, 1, 2, 2, 4)       n= 12 nodes=   48 non-disc=   47 levels= 8 cells[in-part=   52 spans=   52] unknown=  0 pass
  cluster(1, 1, 1, 1, 2, 3, 3)       n= 12 nodes=   56 non-disc=   55 levels= 8 cells[in-part=   84 spans=   50] unknown=  0 pass
  cluster(1, 1, 1, 2, 2, 2, 3)       n= 12 nodes=   36 non-disc=   35 levels= 7 cells[in-part=   33 spans=   42] unknown=  0 pass
  cluster(1, 1, 2, 2, 2, 2, 2)       n= 12 nodes=   12 non-disc=   11 levels= 6 cells[in-part=    2 spans=   14] unknown=  0 pass
  cluster(1, 1, 1, 1, 1, 1, 1, 5)    n= 12 nodes=   35 non-disc=   34 levels=10 cells[in-part=   28 spans=   30] unknown=  0 pass
  cluster(1, 1, 1, 1, 1, 1, 2, 4)    n= 12 nodes=   48 non-disc=   47 levels= 9 cells[in-part=   60 spans=   40] unknown=  0 pass
  cluster(1, 1, 1, 1, 1, 1, 3, 3)    n= 12 nodes=   42 non-disc=   41 levels= 9 cells[in-part=   42 spans=   41] unknown=  0 pass
  cluster(1, 1, 1, 1, 1, 2, 2, 3)    n= 12 nodes=   45 non-disc=   44 levels= 8 cells[in-part=   45 spans=   51] unknown=  0 pass
  cluster(1, 1, 1, 1, 2, 2, 2, 2)    n= 12 nodes=   20 non-disc=   19 levels= 7 cells[in-part=    4 spans=   27] unknown=  0 pass
  cluster(1, 1, 1, 1, 1, 1, 1, 1, 4) n= 12 nodes=   32 non-disc=   31 levels=10 cells[in-part=   24 spans=   28] unknown=  0 pass
  cluster(1, 1, 1, 1, 1, 1, 1, 2, 3) n= 12 nodes=   42 non-disc=   41 levels= 9 cells[in-part=   49 spans=   36] unknown=  0 pass
  cluster(1, 1, 1, 1, 1, 1, 2, 2, 2) n= 12 nodes=   24 non-disc=   23 levels= 8 cells[in-part=    6 spans=   32] unknown=  0 pass
  cluster(1, 1, 1, 1, 1, 1, 1, 1, 1, 3) n= 12 nodes=   27 non-disc=   26 levels=10 cells[in-part=   18 spans=   24] unknown=  0 pass
  cluster(1, 1, 1, 1, 1, 1, 1, 1, 2, 2) n= 12 nodes=   24 non-disc=   23 levels= 9 cells[in-part=    8 spans=   29] unknown=  0 pass
  cluster(1, 1, 1, 1, 1, 1, 1, 1, 1, 1, 2) n= 12 nodes=   20 non-disc=   19 levels=10 cells[in-part=   10 spans=   18] unknown=  0 pass
  cluster(1, 12)                     n= 13 nodes=   12 non-disc=   11 levels=11 cells[in-part=   11 spans=    0] unknown=  0 pass
  cluster(2, 11)                     n= 13 nodes=   22 non-disc=   21 levels=11 cells[in-part=   31 spans=    0] unknown=  0 pass
  cluster(3, 10)                     n= 13 nodes=   30 non-disc=   29 levels=11 cells[in-part=   47 spans=    0] unknown=  0 pass
  cluster(4, 9)                      n= 13 nodes=   36 non-disc=   35 levels=11 cells[in-part=   59 spans=    0] unknown=  0 pass
  cluster(5, 8)                      n= 13 nodes=   40 non-disc=   39 levels=11 cells[in-part=   67 spans=    0] unknown=  0 pass
  cluster(6, 7)                      n= 13 nodes=   42 non-disc=   41 levels=11 cells[in-part=   71 spans=    0] unknown=  0 pass
  cluster(1, 1, 11)                  n= 13 nodes=   22 non-disc=   21 levels=11 cells[in-part=   20 spans=   11] unknown=  0 pass
  cluster(1, 2, 10)                  n= 13 nodes=   20 non-disc=   19 levels=10 cells[in-part=   28 spans=    0] unknown=  0 pass
  cluster(1, 3, 9)                   n= 13 nodes=   27 non-disc=   26 levels=10 cells[in-part=   42 spans=    0] unknown=  0 pass
  cluster(1, 4, 8)                   n= 13 nodes=   32 non-disc=   31 levels=10 cells[in-part=   52 spans=    0] unknown=  0 pass
  cluster(1, 5, 7)                   n= 13 nodes=   35 non-disc=   34 levels=10 cells[in-part=   58 spans=    0] unknown=  0 pass
  cluster(1, 6, 6)                   n= 13 nodes=   31 non-disc=   30 levels=10 cells[in-part=   49 spans=    1] unknown=  0 pass
  cluster(2, 2, 9)                   n= 13 nodes=   27 non-disc=   26 levels=10 cells[in-part=   33 spans=    9] unknown=  0 pass
  cluster(2, 3, 8)                   n= 13 nodes=   48 non-disc=   47 levels=10 cells[in-part=   98 spans=    0] unknown=  0 pass
  cluster(2, 4, 7)                   n= 13 nodes=   56 non-disc=   55 levels=10 cells[in-part=  118 spans=    0] unknown=  0 pass
  cluster(2, 5, 6)                   n= 13 nodes=   60 non-disc=   59 levels=10 cells[in-part=  128 spans=    0] unknown=  0 pass
  cluster(3, 3, 7)                   n= 13 nodes=   49 non-disc=   48 levels=10 cells[in-part=   91 spans=    7] unknown=  0 pass
  cluster(3, 4, 6)                   n= 13 nodes=   72 non-disc=   71 levels=10 cells[in-part=  162 spans=    0] unknown=  0 pass
  cluster(3, 5, 5)                   n= 13 nodes=   63 non-disc=   62 levels=10 cells[in-part=  135 spans=    3] unknown=  0 pass
  cluster(4, 4, 5)                   n= 13 nodes=   65 non-disc=   64 levels=10 cells[in-part=  137 spans=    5] unknown=  0 pass
  cluster(1, 1, 1, 10)               n= 13 nodes=   30 non-disc=   29 levels=11 cells[in-part=   27 spans=   20] unknown=  0 pass
  cluster(1, 1, 2, 9)                n= 13 nodes=   36 non-disc=   35 levels=10 cells[in-part=   50 spans=   18] unknown=  0 pass
  cluster(1, 1, 3, 8)                n= 13 nodes=   48 non-disc=   47 levels=10 cells[in-part=   74 spans=   24] unknown=  0 pass
  cluster(1, 1, 4, 7)                n= 13 nodes=   56 non-disc=   55 levels=10 cells[in-part=   90 spans=   28] unknown=  0 pass
  cluster(1, 1, 5, 6)                n= 13 nodes=   60 non-disc=   59 levels=10 cells[in-part=   98 spans=   30] unknown=  0 pass
  cluster(1, 2, 2, 8)                n= 13 nodes=   24 non-disc=   23 levels= 9 cells[in-part=   29 spans=    8] unknown=  0 pass
  cluster(1, 2, 3, 7)                n= 13 nodes=   42 non-disc=   41 levels= 9 cells[in-part=   85 spans=    0] unknown=  0 pass
  cluster(1, 2, 4, 6)                n= 13 nodes=   48 non-disc=   47 levels= 9 cells[in-part=  100 spans=    0] unknown=  0 pass
  cluster(1, 2, 5, 5)                n= 13 nodes=   42 non-disc=   41 levels= 9 cells[in-part=   83 spans=    2] unknown=  0 pass
  cluster(1, 3, 3, 6)                n= 13 nodes=   42 non-disc=   41 levels= 9 cells[in-part=   77 spans=    6] unknown=  0 pass
  cluster(1, 3, 4, 5)                n= 13 nodes=   60 non-disc=   59 levels= 9 cells[in-part=  133 spans=    0] unknown=  0 pass
  cluster(1, 4, 4, 4)                n= 13 nodes=   40 non-disc=   39 levels= 9 cells[in-part=   77 spans=    4] unknown=  0 pass
  cluster(2, 2, 2, 7)                n= 13 nodes=   28 non-disc=   27 levels= 9 cells[in-part=   31 spans=   14] unknown=  0 pass
  cluster(2, 2, 3, 6)                n= 13 nodes=   54 non-disc=   53 levels= 9 cells[in-part=   99 spans=   18] unknown=  0 pass
  cluster(2, 2, 4, 5)                n= 13 nodes=   60 non-disc=   59 levels= 9 cells[in-part=  113 spans=   20] unknown=  0 pass
  cluster(2, 3, 3, 5)                n= 13 nodes=   70 non-disc=   69 levels= 9 cells[in-part=  161 spans=   10] unknown=  0 pass
  cluster(2, 3, 4, 4)                n= 13 nodes=   78 non-disc=   77 levels= 9 cells[in-part=  193 spans=    6] unknown=  0 pass
  cluster(3, 3, 3, 4)                n= 13 nodes=   60 non-disc=   59 levels= 9 cells[in-part=  129 spans=   12] unknown=  0 pass
  cluster(1, 1, 1, 1, 9)             n= 13 nodes=   36 non-disc=   35 levels=11 cells[in-part=   32 spans=   27] unknown=  0 pass
  cluster(1, 1, 1, 2, 8)             n= 13 nodes=   48 non-disc=   47 levels=10 cells[in-part=   66 spans=   32] unknown=  0 pass
  cluster(1, 1, 1, 3, 7)             n= 13 nodes=   63 non-disc=   62 levels=10 cells[in-part=   96 spans=   42] unknown=  0 pass
  cluster(1, 1, 1, 4, 6)             n= 13 nodes=   72 non-disc=   71 levels=10 cells[in-part=  114 spans=   48] unknown=  0 pass
  cluster(1, 1, 1, 5, 5)             n= 13 nodes=   63 non-disc=   62 levels=10 cells[in-part=   93 spans=   45] unknown=  0 pass
  cluster(1, 1, 2, 2, 7)             n= 13 nodes=   42 non-disc=   41 levels= 9 cells[in-part=   50 spans=   35] unknown=  0 pass
  cluster(1, 1, 2, 3, 6)             n= 13 nodes=   72 non-disc=   71 levels= 9 cells[in-part=  144 spans=   36] unknown=  0 pass
  cluster(1, 1, 2, 4, 5)             n= 13 nodes=   80 non-disc=   79 levels= 9 cells[in-part=  164 spans=   40] unknown=  0 pass
  cluster(1, 1, 3, 3, 5)             n= 13 nodes=   70 non-disc=   69 levels= 9 cells[in-part=  126 spans=   45] unknown=  0 pass
  cluster(1, 1, 3, 4, 4)             n= 13 nodes=   78 non-disc=   77 levels= 9 cells[in-part=  154 spans=   45] unknown=  0 pass
  cluster(1, 2, 2, 2, 6)             n= 13 nodes=   24 non-disc=   23 levels= 8 cells[in-part=   26 spans=   12] unknown=  0 pass
  cluster(1, 2, 2, 3, 5)             n= 13 nodes=   45 non-disc=   44 levels= 8 cells[in-part=   81 spans=   15] unknown=  0 pass
  cluster(1, 2, 2, 4, 4)             n= 13 nodes=   39 non-disc=   38 levels= 8 cells[in-part=   64 spans=   16] unknown=  0 pass
  cluster(1, 2, 3, 3, 4)             n= 13 nodes=   56 non-disc=   55 levels= 8 cells[in-part=  126 spans=    8] unknown=  0 pass
  cluster(1, 3, 3, 3, 3)             n= 13 nodes=   31 non-disc=   30 levels= 8 cells[in-part=   57 spans=    7] unknown=  0 pass
  cluster(2, 2, 2, 2, 5)             n= 13 nodes=   25 non-disc=   24 levels= 8 cells[in-part=   25 spans=   15] unknown=  0 pass
  cluster(2, 2, 2, 3, 4)             n= 13 nodes=   48 non-disc=   47 levels= 8 cells[in-part=   80 spans=   24] unknown=  0 pass
  cluster(2, 2, 3, 3, 3)             n= 13 nodes=   45 non-disc=   44 levels= 8 cells[in-part=   78 spans=   24] unknown=  0 pass
  cluster(1, 1, 1, 1, 1, 8)          n= 13 nodes=   40 non-disc=   39 levels=11 cells[in-part=   35 spans=   32] unknown=  0 pass
  cluster(1, 1, 1, 1, 2, 7)          n= 13 nodes=   56 non-disc=   55 levels=10 cells[in-part=   76 spans=   42] unknown=  0 pass
  cluster(1, 1, 1, 1, 3, 6)          n= 13 nodes=   72 non-disc=   71 levels=10 cells[in-part=  108 spans=   54] unknown=  0 pass
  cluster(1, 1, 1, 1, 4, 5)          n= 13 nodes=   80 non-disc=   79 levels=10 cells[in-part=  124 spans=   60] unknown=  0 pass
  cluster(1, 1, 1, 2, 2, 6)          n= 13 nodes=   54 non-disc=   53 levels= 9 cells[in-part=   63 spans=   54] unknown=  0 pass
  cluster(1, 1, 1, 2, 3, 5)          n= 13 nodes=   90 non-disc=   89 levels= 9 cells[in-part=  177 spans=   60] unknown=  0 pass
  cluster(1, 1, 1, 2, 4, 4)          n= 13 nodes=   78 non-disc=   77 levels= 9 cells[in-part=  141 spans=   58] unknown=  0 pass
  cluster(1, 1, 1, 3, 3, 4)          n= 13 nodes=   84 non-disc=   83 levels= 9 cells[in-part=  147 spans=   68] unknown=  0 pass
  cluster(1, 1, 2, 2, 2, 5)          n= 13 nodes=   40 non-disc=   39 levels= 8 cells[in-part=   42 spans=   40] unknown=  0 pass
  cluster(1, 1, 2, 2, 3, 4)          n= 13 nodes=   72 non-disc=   71 levels= 8 cells[in-part=  126 spans=   60] unknown=  0 pass
  cluster(1, 1, 2, 3, 3, 3)          n= 13 nodes=   60 non-disc=   59 levels= 8 cells[in-part=  114 spans=   42] unknown=  0 pass
  cluster(1, 2, 2, 2, 2, 4)          n= 13 nodes=   20 non-disc=   19 levels= 7 cells[in-part=   19 spans=   12] unknown=  0 pass
  cluster(1, 2, 2, 2, 3, 3)          n= 13 nodes=   28 non-disc=   27 levels= 7 cells[in-part=   35 spans=   18] unknown=  0 pass
  cluster(2, 2, 2, 2, 2, 3)          n= 13 nodes=   18 non-disc=   17 levels= 7 cells[in-part=   15 spans=   12] unknown=  0 pass
  cluster(1, 1, 1, 1, 1, 1, 7)       n= 13 nodes=   42 non-disc=   41 levels=11 cells[in-part=   36 spans=   35] unknown=  0 pass
  cluster(1, 1, 1, 1, 1, 2, 6)       n= 13 nodes=   60 non-disc=   59 levels=10 cells[in-part=   80 spans=   48] unknown=  0 pass
  cluster(1, 1, 1, 1, 1, 3, 5)       n= 13 nodes=   75 non-disc=   74 levels=10 cells[in-part=  110 spans=   60] unknown=  0 pass
  cluster(1, 1, 1, 1, 1, 4, 4)       n= 13 nodes=   65 non-disc=   64 levels=10 cells[in-part=   85 spans=   57] unknown=  0 pass
  cluster(1, 1, 1, 1, 2, 2, 5)       n= 13 nodes=   60 non-disc=   59 levels= 9 cells[in-part=   68 spans=   65] unknown=  0 pass
  cluster(1, 1, 1, 1, 2, 3, 4)       n= 13 nodes=   96 non-disc=   95 levels= 9 cells[in-part=  184 spans=   72] unknown=  0 pass
  cluster(1, 1, 1, 1, 3, 3, 3)       n= 13 nodes=   60 non-disc=   59 levels= 9 cells[in-part=   84 spans=   57] unknown=  0 pass
  cluster(1, 1, 1, 2, 2, 2, 4)       n= 13 nodes=   48 non-disc=   47 levels= 8 cells[in-part=   48 spans=   56] unknown=  0 pass
  cluster(1, 1, 1, 2, 2, 3, 3)       n= 13 nodes=   63 non-disc=   62 levels= 8 cells[in-part=   84 spans=   72] unknown=  0 pass
  cluster(1, 1, 2, 2, 2, 2, 3)       n= 13 nodes=   30 non-disc=   29 levels= 7 cells[in-part=   26 spans=   33] unknown=  0 pass
  cluster(1, 2, 2, 2, 2, 2, 2)       n= 13 nodes=    7 non-disc=    6 levels= 6 cells[in-part=    1 spans=    5] unknown=  0 pass
  cluster(1, 1, 1, 1, 1, 1, 1, 6)    n= 13 nodes=   42 non-disc=   41 levels=11 cells[in-part=   35 spans=   36] unknown=  0 pass
  cluster(1, 1, 1, 1, 1, 1, 2, 5)    n= 13 nodes=   60 non-disc=   59 levels=10 cells[in-part=   78 spans=   50] unknown=  0 pass
  cluster(1, 1, 1, 1, 1, 1, 3, 4)    n= 13 nodes=   72 non-disc=   71 levels=10 cells[in-part=  102 spans=   60] unknown=  0 pass
  cluster(1, 1, 1, 1, 1, 2, 2, 4)    n= 13 nodes=   60 non-disc=   59 levels= 9 cells[in-part=   65 spans=   68] unknown=  0 pass
  cluster(1, 1, 1, 1, 1, 2, 3, 3)    n= 13 nodes=   70 non-disc=   69 levels= 9 cells[in-part=  105 spans=   66] unknown=  0 pass
  cluster(1, 1, 1, 1, 2, 2, 2, 3)    n= 13 nodes=   48 non-disc=   47 levels= 8 cells[in-part=   44 spans=   60] unknown=  0 pass
  cluster(1, 1, 1, 2, 2, 2, 2, 2)    n= 13 nodes=   18 non-disc=   17 levels= 7 cells[in-part=    3 spans=   24] unknown=  0 pass
  cluster(1, 1, 1, 1, 1, 1, 1, 1, 5) n= 13 nodes=   40 non-disc=   39 levels=11 cells[in-part=   32 spans=   35] unknown=  0 pass
  cluster(1, 1, 1, 1, 1, 1, 1, 2, 4) n= 13 nodes=   56 non-disc=   55 levels=10 cells[in-part=   70 spans=   48] unknown=  0 pass
  cluster(1, 1, 1, 1, 1, 1, 1, 3, 3) n= 13 nodes=   49 non-disc=   48 levels=10 cells[in-part=   49 spans=   49] unknown=  0 pass
  cluster(1, 1, 1, 1, 1, 1, 2, 2, 3) n= 13 nodes=   54 non-disc=   53 levels= 9 cells[in-part=   54 spans=   63] unknown=  0 pass
  cluster(1, 1, 1, 1, 1, 2, 2, 2, 2) n= 13 nodes=   25 non-disc=   24 levels= 8 cells[in-part=    5 spans=   35] unknown=  0 pass
  cluster(1, 1, 1, 1, 1, 1, 1, 1, 1, 4) n= 13 nodes=   36 non-disc=   35 levels=11 cells[in-part=   27 spans=   32] unknown=  0 pass
  cluster(1, 1, 1, 1, 1, 1, 1, 1, 2, 3) n= 13 nodes=   48 non-disc=   47 levels=10 cells[in-part=   56 spans=   42] unknown=  0 pass
  cluster(1, 1, 1, 1, 1, 1, 1, 2, 2, 2) n= 13 nodes=   28 non-disc=   27 levels= 9 cells[in-part=    7 spans=   38] unknown=  0 pass
  cluster(1, 1, 1, 1, 1, 1, 1, 1, 1, 1, 3) n= 13 nodes=   30 non-disc=   29 levels=11 cells[in-part=   20 spans=   27] unknown=  0 pass
  cluster(1, 1, 1, 1, 1, 1, 1, 1, 1, 2, 2) n= 13 nodes=   27 non-disc=   26 levels=10 cells[in-part=    9 spans=   33] unknown=  0 pass
  cluster(1, 1, 1, 1, 1, 1, 1, 1, 1, 1, 1, 2) n= 13 nodes=   22 non-disc=   21 levels=11 cells[in-part=   11 spans=   20] unknown=  0 pass
  cluster(1, 13)                     n= 14 nodes=   13 non-disc=   12 levels=12 cells[in-part=   12 spans=    0] unknown=  0 pass
  cluster(2, 12)                     n= 14 nodes=   24 non-disc=   23 levels=12 cells[in-part=   34 spans=    0] unknown=  0 pass
  cluster(3, 11)                     n= 14 nodes=   33 non-disc=   32 levels=12 cells[in-part=   52 spans=    0] unknown=  0 pass
  cluster(4, 10)                     n= 14 nodes=   40 non-disc=   39 levels=12 cells[in-part=   66 spans=    0] unknown=  0 pass
  cluster(5, 9)                      n= 14 nodes=   45 non-disc=   44 levels=12 cells[in-part=   76 spans=    0] unknown=  0 pass
  cluster(6, 8)                      n= 14 nodes=   48 non-disc=   47 levels=12 cells[in-part=   82 spans=    0] unknown=  0 pass
  cluster(7, 7)                      n= 14 nodes=   43 non-disc=   42 levels=12 cells[in-part=   71 spans=    1] unknown=  0 pass
  cluster(1, 1, 12)                  n= 14 nodes=   24 non-disc=   23 levels=12 cells[in-part=   22 spans=   12] unknown=  0 pass
  cluster(1, 2, 11)                  n= 14 nodes=   22 non-disc=   21 levels=11 cells[in-part=   31 spans=    0] unknown=  0 pass
  cluster(1, 3, 10)                  n= 14 nodes=   30 non-disc=   29 levels=11 cells[in-part=   47 spans=    0] unknown=  0 pass
  cluster(1, 4, 9)                   n= 14 nodes=   36 non-disc=   35 levels=11 cells[in-part=   59 spans=    0] unknown=  0 pass
  cluster(1, 5, 8)                   n= 14 nodes=   40 non-disc=   39 levels=11 cells[in-part=   67 spans=    0] unknown=  0 pass
  cluster(1, 6, 7)                   n= 14 nodes=   42 non-disc=   41 levels=11 cells[in-part=   71 spans=    0] unknown=  0 pass
  cluster(2, 2, 10)                  n= 14 nodes=   30 non-disc=   29 levels=11 cells[in-part=   37 spans=   10] unknown=  0 pass
  cluster(2, 3, 9)                   n= 14 nodes=   54 non-disc=   53 levels=11 cells[in-part=  111 spans=    0] unknown=  0 pass
  cluster(2, 4, 8)                   n= 14 nodes=   64 non-disc=   63 levels=11 cells[in-part=  136 spans=    0] unknown=  0 pass
  cluster(2, 5, 7)                   n= 14 nodes=   70 non-disc=   69 levels=11 cells[in-part=  151 spans=    0] unknown=  0 pass
  cluster(2, 6, 6)                   n= 14 nodes=   62 non-disc=   61 levels=11 cells[in-part=  129 spans=    2] unknown=  0 pass
  cluster(3, 3, 8)                   n= 14 nodes=   56 non-disc=   55 levels=11 cells[in-part=  105 spans=    8] unknown=  0 pass
  cluster(3, 4, 7)                   n= 14 nodes=   84 non-disc=   83 levels=11 cells[in-part=  191 spans=    0] unknown=  0 pass
  cluster(3, 5, 6)                   n= 14 nodes=   90 non-disc=   89 levels=11 cells[in-part=  207 spans=    0] unknown=  0 pass
  cluster(4, 4, 6)                   n= 14 nodes=   78 non-disc=   77 levels=11 cells[in-part=  167 spans=    6] unknown=  0 pass
  cluster(4, 5, 5)                   n= 14 nodes=   84 non-disc=   83 levels=11 cells[in-part=  187 spans=    4] unknown=  0 pass
  cluster(1, 1, 1, 11)               n= 14 nodes=   33 non-disc=   32 levels=12 cells[in-part=   30 spans=   22] unknown=  0 pass
  cluster(1, 1, 2, 10)               n= 14 nodes=   40 non-disc=   39 levels=11 cells[in-part=   56 spans=   20] unknown=  0 pass
  cluster(1, 1, 3, 9)                n= 14 nodes=   54 non-disc=   53 levels=11 cells[in-part=   84 spans=   27] unknown=  0 pass
  cluster(1, 1, 4, 8)                n= 14 nodes=   64 non-disc=   63 levels=11 cells[in-part=  104 spans=   32] unknown=  0 pass
  cluster(1, 1, 5, 7)                n= 14 nodes=   70 non-disc=   69 levels=11 cells[in-part=  116 spans=   35] unknown=  0 pass
  cluster(1, 1, 6, 6)                n= 14 nodes=   62 non-disc=   61 levels=11 cells[in-part=   98 spans=   33] unknown=  0 pass
  cluster(1, 2, 2, 9)                n= 14 nodes=   27 non-disc=   26 levels=10 cells[in-part=   33 spans=    9] unknown=  0 pass
  cluster(1, 2, 3, 8)                n= 14 nodes=   48 non-disc=   47 levels=10 cells[in-part=   98 spans=    0] unknown=  0 pass
  cluster(1, 2, 4, 7)                n= 14 nodes=   56 non-disc=   55 levels=10 cells[in-part=  118 spans=    0] unknown=  0 pass
  cluster(1, 2, 5, 6)                n= 14 nodes=   60 non-disc=   59 levels=10 cells[in-part=  128 spans=    0] unknown=  0 pass
  cluster(1, 3, 3, 7)                n= 14 nodes=   49 non-disc=   48 levels=10 cells[in-part=   91 spans=    7] unknown=  0 pass
  cluster(1, 3, 4, 6)                n= 14 nodes=   72 non-disc=   71 levels=10 cells[in-part=  162 spans=    0] unknown=  0 pass
  cluster(1, 3, 5, 5)                n= 14 nodes=   63 non-disc=   62 levels=10 cells[in-part=  135 spans=    3] unknown=  0 pass
  cluster(1, 4, 4, 5)                n= 14 nodes=   65 non-disc=   64 levels=10 cells[in-part=  137 spans=    5] unknown=  0 pass
  cluster(2, 2, 2, 8)                n= 14 nodes=   32 non-disc=   31 levels=10 cells[in-part=   36 spans=   16] unknown=  0 pass
  cluster(2, 2, 3, 7)                n= 14 nodes=   63 non-disc=   62 levels=10 cells[in-part=  117 spans=   21] unknown=  0 pass
  cluster(2, 2, 4, 6)                n= 14 nodes=   72 non-disc=   71 levels=10 cells[in-part=  138 spans=   24] unknown=  0 pass
  cluster(2, 2, 5, 5)                n= 14 nodes=   63 non-disc=   62 levels=10 cells[in-part=  114 spans=   24] unknown=  0 pass
  cluster(2, 3, 3, 6)                n= 14 nodes=   84 non-disc=   83 levels=10 cells[in-part=  196 spans=   12] unknown=  0 pass
  cluster(2, 3, 4, 5)                n= 14 nodes=  120 non-disc=  119 levels=10 cells[in-part=  326 spans=    0] unknown=  0 pass
  cluster(2, 4, 4, 4)                n= 14 nodes=   80 non-disc=   79 levels=10 cells[in-part=  194 spans=    8] unknown=  0 pass
  cluster(3, 3, 3, 5)                n= 14 nodes=   75 non-disc=   74 levels=10 cells[in-part=  165 spans=   15] unknown=  0 pass
  cluster(3, 3, 4, 4)                n= 14 nodes=   91 non-disc=   90 levels=10 cells[in-part=  210 spans=   20] unknown=  0 pass
  cluster(1, 1, 1, 1, 10)            n= 14 nodes=   40 non-disc=   39 levels=12 cells[in-part=   36 spans=   30] unknown=  0 pass
  cluster(1, 1, 1, 2, 9)             n= 14 nodes=   54 non-disc=   53 levels=11 cells[in-part=   75 spans=   36] unknown=  0 pass
  cluster(1, 1, 1, 3, 8)             n= 14 nodes=   72 non-disc=   71 levels=11 cells[in-part=  111 spans=   48] unknown=  0 pass
  cluster(1, 1, 1, 4, 7)             n= 14 nodes=   84 non-disc=   83 levels=11 cells[in-part=  135 spans=   56] unknown=  0 pass
  cluster(1, 1, 1, 5, 6)             n= 14 nodes=   90 non-disc=   89 levels=11 cells[in-part=  147 spans=   60] unknown=  0 pass
  cluster(1, 1, 2, 2, 8)             n= 14 nodes=   48 non-disc=   47 levels=10 cells[in-part=   58 spans=   40] unknown=  0 pass
  cluster(1, 1, 2, 3, 7)             n= 14 nodes=   84 non-disc=   83 levels=10 cells[in-part=  170 spans=   42] unknown=  0 pass
  cluster(1, 1, 2, 4, 6)             n= 14 nodes=   96 non-disc=   95 levels=10 cells[in-part=  200 spans=   48] unknown=  0 pass
  cluster(1, 1, 2, 5, 5)             n= 14 nodes=   84 non-disc=   83 levels=10 cells[in-part=  166 spans=   46] unknown=  0 pass
  cluster(1, 1, 3, 3, 6)             n= 14 nodes=   84 non-disc=   83 levels=10 cells[in-part=  154 spans=   54] unknown=  0 pass
  cluster(1, 1, 3, 4, 5)             n= 14 nodes=  120 non-disc=  119 levels=10 cells[in-part=  266 spans=   60] unknown=  0 pass
  cluster(1, 1, 4, 4, 4)             n= 14 nodes=   80 non-disc=   79 levels=10 cells[in-part=  154 spans=   48] unknown=  0 pass
  cluster(1, 2, 2, 2, 7)             n= 14 nodes=   28 non-disc=   27 levels= 9 cells[in-part=   31 spans=   14] unknown=  0 pass
  cluster(1, 2, 2, 3, 6)             n= 14 nodes=   54 non-disc=   53 levels= 9 cells[in-part=   99 spans=   18] unknown=  0 pass
  cluster(1, 2, 2, 4, 5)             n= 14 nodes=   60 non-disc=   59 levels= 9 cells[in-part=  113 spans=   20] unknown=  0 pass
  cluster(1, 2, 3, 3, 5)             n= 14 nodes=   70 non-disc=   69 levels= 9 cells[in-part=  161 spans=   10] unknown=  0 pass
  cluster(1, 2, 3, 4, 4)             n= 14 nodes=   78 non-disc=   77 levels= 9 cells[in-part=  193 spans=    6] unknown=  0 pass
  cluster(1, 3, 3, 3, 4)             n= 14 nodes=   60 non-disc=   59 levels= 9 cells[in-part=  129 spans=   12] unknown=  0 pass
  cluster(2, 2, 2, 2, 6)             n= 14 nodes=   30 non-disc=   29 levels= 9 cells[in-part=   31 spans=   18] unknown=  0 pass
  cluster(2, 2, 2, 3, 5)             n= 14 nodes=   60 non-disc=   59 levels= 9 cells[in-part=  103 spans=   30] unknown=  0 pass
  cluster(2, 2, 2, 4, 4)             n= 14 nodes=   52 non-disc=   51 levels= 9 cells[in-part=   81 spans=   30] unknown=  0 pass
  cluster(2, 2, 3, 3, 4)             n= 14 nodes=   84 non-disc=   83 levels= 9 cells[in-part=  175 spans=   40] unknown=  0 pass
  cluster(2, 3, 3, 3, 3)             n= 14 nodes=   62 non-disc=   61 levels= 9 cells[in-part=  145 spans=   14] unknown=  0 pass
  cluster(1, 1, 1, 1, 1, 9)          n= 14 nodes=   45 non-disc=   44 levels=12 cells[in-part=   40 spans=   36] unknown=  0 pass
  cluster(1, 1, 1, 1, 2, 8)          n= 14 nodes=   64 non-disc=   63 levels=11 cells[in-part=   88 spans=   48] unknown=  0 pass
  cluster(1, 1, 1, 1, 3, 7)          n= 14 nodes=   84 non-disc=   83 levels=11 cells[in-part=  128 spans=   63] unknown=  0 pass
  cluster(1, 1, 1, 1, 4, 6)          n= 14 nodes=   96 non-disc=   95 levels=11 cells[in-part=  152 spans=   72] unknown=  0 pass
  cluster(1, 1, 1, 1, 5, 5)          n= 14 nodes=   84 non-disc=   83 levels=11 cells[in-part=  124 spans=   67] unknown=  0 pass
  cluster(1, 1, 1, 2, 2, 7)          n= 14 nodes=   63 non-disc=   62 levels=10 cells[in-part=   75 spans=   63] unknown=  0 pass
  cluster(1, 1, 1, 2, 3, 6)          n= 14 nodes=  108 non-disc=  107 levels=10 cells[in-part=  216 spans=   72] unknown=  0 pass
  cluster(1, 1, 1, 2, 4, 5)          n= 14 nodes=  120 non-disc=  119 levels=10 cells[in-part=  246 spans=   80] unknown=  0 pass
  cluster(1, 1, 1, 3, 3, 5)          n= 14 nodes=  105 non-disc=  104 levels=10 cells[in-part=  189 spans=   85] unknown=  0 pass
  cluster(1, 1, 1, 3, 4, 4)          n= 14 nodes=  117 non-disc=  116 levels=10 cells[in-part=  231 spans=   87] unknown=  0 pass
  cluster(1, 1, 2, 2, 2, 6)          n= 14 nodes=   48 non-disc=   47 levels= 9 cells[in-part=   52 spans=   48] unknown=  0 pass
  cluster(1, 1, 2, 2, 3, 5)          n= 14 nodes=   90 non-disc=   89 levels= 9 cells[in-part=  162 spans=   75] unknown=  0 pass
  cluster(1, 1, 2, 2, 4, 4)          n= 14 nodes=   78 non-disc=   77 levels= 9 cells[in-part=  128 spans=   71] unknown=  0 pass
  cluster(1, 1, 2, 3, 3, 4)          n= 14 nodes=  112 non-disc=  111 levels= 9 cells[in-part=  252 spans=   72] unknown=  0 pass
  cluster(1, 1, 3, 3, 3, 3)          n= 14 nodes=   62 non-disc=   61 levels= 9 cells[in-part=  114 spans=   45] unknown=  0 pass
  cluster(1, 2, 2, 2, 2, 5)          n= 14 nodes=   25 non-disc=   24 levels= 8 cells[in-part=   25 spans=   15] unknown=  0 pass
  cluster(1, 2, 2, 2, 3, 4)          n= 14 nodes=   48 non-disc=   47 levels= 8 cells[in-part=   80 spans=   24] unknown=  0 pass
  cluster(1, 2, 2, 3, 3, 3)          n= 14 nodes=   45 non-disc=   44 levels= 8 cells[in-part=   78 spans=   24] unknown=  0 pass
  cluster(2, 2, 2, 2, 2, 4)          n= 14 nodes=   24 non-disc=   23 levels= 8 cells[in-part=   22 spans=   16] unknown=  0 pass
  cluster(2, 2, 2, 2, 3, 3)          n= 14 nodes=   35 non-disc=   34 levels= 8 cells[in-part=   42 spans=   26] unknown=  0 pass
  cluster(1, 1, 1, 1, 1, 1, 8)       n= 14 nodes=   48 non-disc=   47 levels=12 cells[in-part=   42 spans=   40] unknown=  0 pass
  cluster(1, 1, 1, 1, 1, 2, 7)       n= 14 nodes=   70 non-disc=   69 levels=11 cells[in-part=   95 spans=   56] unknown=  0 pass
  cluster(1, 1, 1, 1, 1, 3, 6)       n= 14 nodes=   90 non-disc=   89 levels=11 cells[in-part=  135 spans=   72] unknown=  0 pass
  cluster(1, 1, 1, 1, 1, 4, 5)       n= 14 nodes=  100 non-disc=   99 levels=11 cells[in-part=  155 spans=   80] unknown=  0 pass
  cluster(1, 1, 1, 1, 2, 2, 6)       n= 14 nodes=   72 non-disc=   71 levels=10 cells[in-part=   84 spans=   78] unknown=  0 pass
  cluster(1, 1, 1, 1, 2, 3, 5)       n= 14 nodes=  120 non-disc=  119 levels=10 cells[in-part=  236 spans=   90] unknown=  0 pass
  cluster(1, 1, 1, 1, 2, 4, 4)       n= 14 nodes=  104 non-disc=  103 levels=10 cells[in-part=  188 spans=   86] unknown=  0 pass
  cluster(1, 1, 1, 1, 3, 3, 4)       n= 14 nodes=  112 non-disc=  111 levels=10 cells[in-part=  196 spans=  100] unknown=  0 pass
  cluster(1, 1, 1, 2, 2, 2, 5)       n= 14 nodes=   60 non-disc=   59 levels= 9 cells[in-part=   63 spans=   70] unknown=  0 pass
  cluster(1, 1, 1, 2, 2, 3, 4)       n= 14 nodes=  108 non-disc=  107 levels= 9 cells[in-part=  189 spans=  108] unknown=  0 pass
  cluster(1, 1, 1, 2, 3, 3, 3)       n= 14 nodes=   90 non-disc=   89 levels= 9 cells[in-part=  171 spans=   78] unknown=  0 pass
  cluster(1, 1, 2, 2, 2, 2, 4)       n= 14 nodes=   40 non-disc=   39 levels= 8 cells[in-part=   38 spans=   44] unknown=  0 pass
  cluster(1, 1, 2, 2, 2, 3, 3)       n= 14 nodes=   56 non-disc=   55 levels= 8 cells[in-part=   70 spans=   64] unknown=  0 pass
  cluster(1, 2, 2, 2, 2, 2, 3)       n= 14 nodes=   18 non-disc=   17 levels= 7 cells[in-part=   15 spans=   12] unknown=  0 pass
  cluster(2, 2, 2, 2, 2, 2, 2)       n= 14 nodes=    8 non-disc=    7 levels= 7 cells[in-part=    1 spans=    6] unknown=  0 pass
  cluster(1, 1, 1, 1, 1, 1, 1, 7)    n= 14 nodes=   49 non-disc=   48 levels=12 cells[in-part=   42 spans=   42] unknown=  0 pass
  cluster(1, 1, 1, 1, 1, 1, 2, 6)    n= 14 nodes=   72 non-disc=   71 levels=11 cells[in-part=   96 spans=   60] unknown=  0 pass
  cluster(1, 1, 1, 1, 1, 1, 3, 5)    n= 14 nodes=   90 non-disc=   89 levels=11 cells[in-part=  132 spans=   75] unknown=  0 pass
  cluster(1, 1, 1, 1, 1, 1, 4, 4)    n= 14 nodes=   78 non-disc=   77 levels=11 cells[in-part=  102 spans=   71] unknown=  0 pass
  cluster(1, 1, 1, 1, 1, 2, 2, 5)    n= 14 nodes=   75 non-disc=   74 levels=10 cells[in-part=   85 spans=   85] unknown=  0 pass
  cluster(1, 1, 1, 1, 1, 2, 3, 4)    n= 14 nodes=  120 non-disc=  119 levels=10 cells[in-part=  230 spans=   96] unknown=  0 pass
  cluster(1, 1, 1, 1, 1, 3, 3, 3)    n= 14 nodes=   75 non-disc=   74 levels=10 cells[in-part=  105 spans=   75] unknown=  0 pass
  cluster(1, 1, 1, 1, 2, 2, 2, 4)    n= 14 nodes=   64 non-disc=   63 levels= 9 cells[in-part=   64 spans=   80] unknown=  0 pass
  cluster(1, 1, 1, 1, 2, 2, 3, 3)    n= 14 nodes=   84 non-disc=   83 levels= 9 cells[in-part=  112 spans=  103] unknown=  0 pass
  cluster(1, 1, 1, 2, 2, 2, 2, 3)    n= 14 nodes=   45 non-disc=   44 levels= 8 cells[in-part=   39 spans=   57] unknown=  0 pass
  cluster(1, 1, 2, 2, 2, 2, 2, 2)    n= 14 nodes=   14 non-disc=   13 levels= 7 cells[in-part=    2 spans=   17] unknown=  0 pass
  cluster(1, 1, 1, 1, 1, 1, 1, 1, 6) n= 14 nodes=   48 non-disc=   47 levels=12 cells[in-part=   40 spans=   42] unknown=  0 pass
  cluster(1, 1, 1, 1, 1, 1, 1, 2, 5) n= 14 nodes=   70 non-disc=   69 levels=11 cells[in-part=   91 spans=   60] unknown=  0 pass
  cluster(1, 1, 1, 1, 1, 1, 1, 3, 4) n= 14 nodes=   84 non-disc=   83 levels=11 cells[in-part=  119 spans=   72] unknown=  0 pass
  cluster(1, 1, 1, 1, 1, 1, 2, 2, 4) n= 14 nodes=   72 non-disc=   71 levels=10 cells[in-part=   78 spans=   84] unknown=  0 pass
  cluster(1, 1, 1, 1, 1, 1, 2, 3, 3) n= 14 nodes=   84 non-disc=   83 levels=10 cells[in-part=  126 spans=   82] unknown=  0 pass
  cluster(1, 1, 1, 1, 1, 2, 2, 2, 3) n= 14 nodes=   60 non-disc=   59 levels= 9 cells[in-part=   55 spans=   78] unknown=  0 pass
  cluster(1, 1, 1, 1, 2, 2, 2, 2, 2) n= 14 nodes=   24 non-disc=   23 levels= 8 cells[in-part=    4 spans=   34] unknown=  0 pass
  cluster(1, 1, 1, 1, 1, 1, 1, 1, 1, 5) n= 14 nodes=   45 non-disc=   44 levels=12 cells[in-part=   36 spans=   40] unknown=  0 pass
  cluster(1, 1, 1, 1, 1, 1, 1, 1, 2, 4) n= 14 nodes=   64 non-disc=   63 levels=11 cells[in-part=   80 spans=   56] unknown=  0 pass
  cluster(1, 1, 1, 1, 1, 1, 1, 1, 3, 3) n= 14 nodes=   56 non-disc=   55 levels=11 cells[in-part=   56 spans=   57] unknown=  0 pass
  cluster(1, 1, 1, 1, 1, 1, 1, 2, 2, 3) n= 14 nodes=   63 non-disc=   62 levels=10 cells[in-part=   63 spans=   75] unknown=  0 pass
  cluster(1, 1, 1, 1, 1, 1, 2, 2, 2, 2) n= 14 nodes=   30 non-disc=   29 levels= 9 cells[in-part=    6 spans=   43] unknown=  0 pass
  cluster(1, 1, 1, 1, 1, 1, 1, 1, 1, 1, 4) n= 14 nodes=   40 non-disc=   39 levels=12 cells[in-part=   30 spans=   36] unknown=  0 pass
  cluster(1, 1, 1, 1, 1, 1, 1, 1, 1, 2, 3) n= 14 nodes=   54 non-disc=   53 levels=11 cells[in-part=   63 spans=   48] unknown=  0 pass
  cluster(1, 1, 1, 1, 1, 1, 1, 1, 2, 2, 2) n= 14 nodes=   32 non-disc=   31 levels=10 cells[in-part=    8 spans=   44] unknown=  0 pass
  cluster(1, 1, 1, 1, 1, 1, 1, 1, 1, 1, 1, 3) n= 14 nodes=   33 non-disc=   32 levels=12 cells[in-part=   22 spans=   30] unknown=  0 pass
  cluster(1, 1, 1, 1, 1, 1, 1, 1, 1, 1, 2, 2) n= 14 nodes=   30 non-disc=   29 levels=11 cells[in-part=   10 spans=   37] unknown=  0 pass
  cluster(1, 1, 1, 1, 1, 1, 1, 1, 1, 1, 1, 1, 2) n= 14 nodes=   24 non-disc=   23 levels=12 cells[in-part=   12 spans=   22] unknown=  0 pass
  cluster(1, 14)                     n= 15 nodes=   14 non-disc=   13 levels=13 cells[in-part=   13 spans=    0] unknown=  0 pass
  cluster(2, 13)                     n= 15 nodes=   26 non-disc=   25 levels=13 cells[in-part=   37 spans=    0] unknown=  0 pass
  cluster(3, 12)                     n= 15 nodes=   36 non-disc=   35 levels=13 cells[in-part=   57 spans=    0] unknown=  0 pass
  cluster(4, 11)                     n= 15 nodes=   44 non-disc=   43 levels=13 cells[in-part=   73 spans=    0] unknown=  0 pass
  cluster(5, 10)                     n= 15 nodes=   50 non-disc=   49 levels=13 cells[in-part=   85 spans=    0] unknown=  0 pass
  cluster(6, 9)                      n= 15 nodes=   54 non-disc=   53 levels=13 cells[in-part=   93 spans=    0] unknown=  0 pass
  cluster(7, 8)                      n= 15 nodes=   56 non-disc=   55 levels=13 cells[in-part=   97 spans=    0] unknown=  0 pass
  cluster(1, 1, 13)                  n= 15 nodes=   26 non-disc=   25 levels=13 cells[in-part=   24 spans=   13] unknown=  0 pass
  cluster(1, 2, 12)                  n= 15 nodes=   24 non-disc=   23 levels=12 cells[in-part=   34 spans=    0] unknown=  0 pass
  cluster(1, 3, 11)                  n= 15 nodes=   33 non-disc=   32 levels=12 cells[in-part=   52 spans=    0] unknown=  0 pass
  cluster(1, 4, 10)                  n= 15 nodes=   40 non-disc=   39 levels=12 cells[in-part=   66 spans=    0] unknown=  0 pass
  cluster(1, 5, 9)                   n= 15 nodes=   45 non-disc=   44 levels=12 cells[in-part=   76 spans=    0] unknown=  0 pass
  cluster(1, 6, 8)                   n= 15 nodes=   48 non-disc=   47 levels=12 cells[in-part=   82 spans=    0] unknown=  0 pass
  cluster(1, 7, 7)                   n= 15 nodes=   43 non-disc=   42 levels=12 cells[in-part=   71 spans=    1] unknown=  0 pass
  cluster(2, 2, 11)                  n= 15 nodes=   33 non-disc=   32 levels=12 cells[in-part=   41 spans=   11] unknown=  0 pass
  cluster(2, 3, 10)                  n= 15 nodes=   60 non-disc=   59 levels=12 cells[in-part=  124 spans=    0] unknown=  0 pass
  cluster(2, 4, 9)                   n= 15 nodes=   72 non-disc=   71 levels=12 cells[in-part=  154 spans=    0] unknown=  0 pass
  cluster(2, 5, 8)                   n= 15 nodes=   80 non-disc=   79 levels=12 cells[in-part=  174 spans=    0] unknown=  0 pass
  cluster(2, 6, 7)                   n= 15 nodes=   84 non-disc=   83 levels=12 cells[in-part=  184 spans=    0] unknown=  0 pass
  cluster(3, 3, 9)                   n= 15 nodes=   63 non-disc=   62 levels=12 cells[in-part=  119 spans=    9] unknown=  0 pass
  cluster(3, 4, 8)                   n= 15 nodes=   96 non-disc=   95 levels=12 cells[in-part=  220 spans=    0] unknown=  0 pass
  cluster(3, 5, 7)                   n= 15 nodes=  105 non-disc=  104 levels=12 cells[in-part=  244 spans=    0] unknown=  0 pass
  cluster(3, 6, 6)                   n= 15 nodes=   93 non-disc=   92 levels=12 cells[in-part=  209 spans=    3] unknown=  0 pass
  cluster(4, 4, 7)                   n= 15 nodes=   91 non-disc=   90 levels=12 cells[in-part=  197 spans=    7] unknown=  0 pass
  cluster(4, 5, 6)                   n= 15 nodes=  120 non-disc=  119 levels=12 cells[in-part=  286 spans=    0] unknown=  0 pass
  cluster(5, 5, 5)                   n= 15 nodes=   85 non-disc=   84 levels=12 cells[in-part=  187 spans=    5] unknown=  0 pass
  cluster(1, 1, 1, 12)               n= 15 nodes=   36 non-disc=   35 levels=13 cells[in-part=   33 spans=   24] unknown=  0 pass
  cluster(1, 1, 2, 11)               n= 15 nodes=   44 non-disc=   43 levels=12 cells[in-part=   62 spans=   22] unknown=  0 pass
  cluster(1, 1, 3, 10)               n= 15 nodes=   60 non-disc=   59 levels=12 cells[in-part=   94 spans=   30] unknown=  0 pass
  cluster(1, 1, 4, 9)                n= 15 nodes=   72 non-disc=   71 levels=12 cells[in-part=  118 spans=   36] unknown=  0 pass
  cluster(1, 1, 5, 8)                n= 15 nodes=   80 non-disc=   79 levels=12 cells[in-part=  134 spans=   40] unknown=  0 pass
  cluster(1, 1, 6, 7)                n= 15 nodes=   84 non-disc=   83 levels=12 cells[in-part=  142 spans=   42] unknown=  0 pass
  cluster(1, 2, 2, 10)               n= 15 nodes=   30 non-disc=   29 levels=11 cells[in-part=   37 spans=   10] unknown=  0 pass
  cluster(1, 2, 3, 9)                n= 15 nodes=   54 non-disc=   53 levels=11 cells[in-part=  111 spans=    0] unknown=  0 pass
  cluster(1, 2, 4, 8)                n= 15 nodes=   64 non-disc=   63 levels=11 cells[in-part=  136 spans=    0] unknown=  0 pass
  cluster(1, 2, 5, 7)                n= 15 nodes=   70 non-disc=   69 levels=11 cells[in-part=  151 spans=    0] unknown=  0 pass
  cluster(1, 2, 6, 6)                n= 15 nodes=   62 non-disc=   61 levels=11 cells[in-part=  129 spans=    2] unknown=  0 pass
  cluster(1, 3, 3, 8)                n= 15 nodes=   56 non-disc=   55 levels=11 cells[in-part=  105 spans=    8] unknown=  0 pass
  cluster(1, 3, 4, 7)                n= 15 nodes=   84 non-disc=   83 levels=11 cells[in-part=  191 spans=    0] unknown=  0 pass
  cluster(1, 3, 5, 6)                n= 15 nodes=   90 non-disc=   89 levels=11 cells[in-part=  207 spans=    0] unknown=  0 pass
  cluster(1, 4, 4, 6)                n= 15 nodes=   78 non-disc=   77 levels=11 cells[in-part=  167 spans=    6] unknown=  0 pass
  cluster(1, 4, 5, 5)                n= 15 nodes=   84 non-disc=   83 levels=11 cells[in-part=  187 spans=    4] unknown=  0 pass
  cluster(2, 2, 2, 9)                n= 15 nodes=   36 non-disc=   35 levels=11 cells[in-part=   41 spans=   18] unknown=  0 pass
  cluster(2, 2, 3, 8)                n= 15 nodes=   72 non-disc=   71 levels=11 cells[in-part=  135 spans=   24] unknown=  0 pass
  cluster(2, 2, 4, 7)                n= 15 nodes=   84 non-disc=   83 levels=11 cells[in-part=  163 spans=   28] unknown=  0 pass
  cluster(2, 2, 5, 6)                n= 15 nodes=   90 non-disc=   89 levels=11 cells[in-part=  177 spans=   30] unknown=  0 pass
  cluster(2, 3, 3, 7)                n= 15 nodes=   98 non-disc=   97 levels=11 cells[in-part=  231 spans=   14] unknown=  0 pass
  cluster(2, 3, 4, 6)                n= 15 nodes=  144 non-disc=  143 levels=11 cells[in-part=  396 spans=    0] unknown=  0 pass
  cluster(2, 3, 5, 5)                n= 15 nodes=  126 non-disc=  125 levels=11 cells[in-part=  333 spans=    6] unknown=  0 pass
  cluster(2, 4, 4, 5)                n= 15 nodes=  130 non-disc=  129 levels=11 cells[in-part=  339 spans=   10] unknown=  0 pass
  cluster(3, 3, 3, 6)                n= 15 nodes=   90 non-disc=   89 levels=11 cells[in-part=  201 spans=   18] unknown=  0 pass
  cluster(3, 3, 4, 5)                n= 15 nodes=  140 non-disc=  139 levels=11 cells[in-part=  357 spans=   20] unknown=  0 pass
  cluster(3, 4, 4, 4)                n= 15 nodes=  120 non-disc=  119 levels=11 cells[in-part=  311 spans=   12] unknown=  0 pass
  cluster(1, 1, 1, 1, 11)            n= 15 nodes=   44 non-disc=   43 levels=13 cells[in-part=   40 spans=   33] unknown=  0 pass
  cluster(1, 1, 1, 2, 10)            n= 15 nodes=   60 non-disc=   59 levels=12 cells[in-part=   84 spans=   40] unknown=  0 pass
  cluster(1, 1, 1, 3, 9)             n= 15 nodes=   81 non-disc=   80 levels=12 cells[in-part=  126 spans=   54] unknown=  0 pass
  cluster(1, 1, 1, 4, 8)             n= 15 nodes=   96 non-disc=   95 levels=12 cells[in-part=  156 spans=   64] unknown=  0 pass
  cluster(1, 1, 1, 5, 7)             n= 15 nodes=  105 non-disc=  104 levels=12 cells[in-part=  174 spans=   70] unknown=  0 pass
  cluster(1, 1, 1, 6, 6)             n= 15 nodes=   93 non-disc=   92 levels=12 cells[in-part=  147 spans=   65] unknown=  0 pass
  cluster(1, 1, 2, 2, 9)             n= 15 nodes=   54 non-disc=   53 levels=11 cells[in-part=   66 spans=   45] unknown=  0 pass
  cluster(1, 1, 2, 3, 8)             n= 15 nodes=   96 non-disc=   95 levels=11 cells[in-part=  196 spans=   48] unknown=  0 pass
  cluster(1, 1, 2, 4, 7)             n= 15 nodes=  112 non-disc=  111 levels=11 cells[in-part=  236 spans=   56] unknown=  0 pass
  cluster(1, 1, 2, 5, 6)             n= 15 nodes=  120 non-disc=  119 levels=11 cells[in-part=  256 spans=   60] unknown=  0 pass
  cluster(1, 1, 3, 3, 7)             n= 15 nodes=   98 non-disc=   97 levels=11 cells[in-part=  182 spans=   63] unknown=  0 pass
  cluster(1, 1, 3, 4, 6)             n= 15 nodes=  144 non-disc=  143 levels=11 cells[in-part=  324 spans=   72] unknown=  0 pass
  cluster(1, 1, 3, 5, 5)             n= 15 nodes=  126 non-disc=  125 levels=11 cells[in-part=  270 spans=   69] unknown=  0 pass
  cluster(1, 1, 4, 4, 5)             n= 15 nodes=  130 non-disc=  129 levels=11 cells[in-part=  274 spans=   75] unknown=  0 pass
  cluster(1, 2, 2, 2, 8)             n= 15 nodes=   32 non-disc=   31 levels=10 cells[in-part=   36 spans=   16] unknown=  0 pass
  cluster(1, 2, 2, 3, 7)             n= 15 nodes=   63 non-disc=   62 levels=10 cells[in-part=  117 spans=   21] unknown=  0 pass
  cluster(1, 2, 2, 4, 6)             n= 15 nodes=   72 non-disc=   71 levels=10 cells[in-part=  138 spans=   24] unknown=  0 pass
  cluster(1, 2, 2, 5, 5)             n= 15 nodes=   63 non-disc=   62 levels=10 cells[in-part=  114 spans=   24] unknown=  0 pass
  cluster(1, 2, 3, 3, 6)             n= 15 nodes=   84 non-disc=   83 levels=10 cells[in-part=  196 spans=   12] unknown=  0 pass
  cluster(1, 2, 3, 4, 5)             n= 15 nodes=  120 non-disc=  119 levels=10 cells[in-part=  326 spans=    0] unknown=  0 pass
  cluster(1, 2, 4, 4, 4)             n= 15 nodes=   80 non-disc=   79 levels=10 cells[in-part=  194 spans=    8] unknown=  0 pass
  cluster(1, 3, 3, 3, 5)             n= 15 nodes=   75 non-disc=   74 levels=10 cells[in-part=  165 spans=   15] unknown=  0 pass
  cluster(1, 3, 3, 4, 4)             n= 15 nodes=   91 non-disc=   90 levels=10 cells[in-part=  210 spans=   20] unknown=  0 pass
  cluster(2, 2, 2, 2, 7)             n= 15 nodes=   35 non-disc=   34 levels=10 cells[in-part=   37 spans=   21] unknown=  0 pass
  cluster(2, 2, 2, 3, 6)             n= 15 nodes=   72 non-disc=   71 levels=10 cells[in-part=  126 spans=   36] unknown=  0 pass
  cluster(2, 2, 2, 4, 5)             n= 15 nodes=   80 non-disc=   79 levels=10 cells[in-part=  144 spans=   40] unknown=  0 pass
  cluster(2, 2, 3, 3, 5)             n= 15 nodes=  105 non-disc=  104 levels=10 cells[in-part=  224 spans=   50] unknown=  0 pass
  cluster(2, 2, 3, 4, 4)             n= 15 nodes=  117 non-disc=  116 levels=10 cells[in-part=  270 spans=   48] unknown=  0 pass
  cluster(2, 3, 3, 3, 4)             n= 15 nodes=  120 non-disc=  119 levels=10 cells[in-part=  318 spans=   24] unknown=  0 pass
  cluster(3, 3, 3, 3, 3)             n= 15 nodes=   63 non-disc=   62 levels=10 cells[in-part=  145 spans=   15] unknown=  0 pass
  cluster(1, 1, 1, 1, 1, 10)         n= 15 nodes=   50 non-disc=   49 levels=13 cells[in-part=   45 spans=   40] unknown=  0 pass
  cluster(1, 1, 1, 1, 2, 9)          n= 15 nodes=   72 non-disc=   71 levels=12 cells[in-part=  100 spans=   54] unknown=  0 pass
  cluster(1, 1, 1, 1, 3, 8)          n= 15 nodes=   96 non-disc=   95 levels=12 cells[in-part=  148 spans=   72] unknown=  0 pass
  cluster(1, 1, 1, 1, 4, 7)          n= 15 nodes=  112 non-disc=  111 levels=12 cells[in-part=  180 spans=   84] unknown=  0 pass
  cluster(1, 1, 1, 1, 5, 6)          n= 15 nodes=  120 non-disc=  119 levels=12 cells[in-part=  196 spans=   90] unknown=  0 pass
  cluster(1, 1, 1, 2, 2, 8)          n= 15 nodes=   72 non-disc=   71 levels=11 cells[in-part=   87 spans=   72] unknown=  0 pass
  cluster(1, 1, 1, 2, 3, 7)          n= 15 nodes=  126 non-disc=  125 levels=11 cells[in-part=  255 spans=   84] unknown=  0 pass
  cluster(1, 1, 1, 2, 4, 6)          n= 15 nodes=  144 non-disc=  143 levels=11 cells[in-part=  300 spans=   96] unknown=  0 pass
  cluster(1, 1, 1, 2, 5, 5)          n= 15 nodes=  126 non-disc=  125 levels=11 cells[in-part=  249 spans=   90] unknown=  0 pass
  cluster(1, 1, 1, 3, 3, 6)          n= 15 nodes=  126 non-disc=  125 levels=11 cells[in-part=  231 spans=  102] unknown=  0 pass
  cluster(1, 1, 1, 3, 4, 5)          n= 15 nodes=  180 non-disc=  179 levels=11 cells[in-part=  399 spans=  120] unknown=  0 pass
  cluster(1, 1, 1, 4, 4, 4)          n= 15 nodes=  120 non-disc=  119 levels=11 cells[in-part=  231 spans=   92] unknown=  0 pass
  cluster(1, 1, 2, 2, 2, 7)          n= 15 nodes=   56 non-disc=   55 levels=10 cells[in-part=   62 spans=   56] unknown=  0 pass
  cluster(1, 1, 2, 2, 3, 6)          n= 15 nodes=  108 non-disc=  107 levels=10 cells[in-part=  198 spans=   90] unknown=  0 pass
  cluster(1, 1, 2, 2, 4, 5)          n= 15 nodes=  120 non-disc=  119 levels=10 cells[in-part=  226 spans=  100] unknown=  0 pass
  cluster(1, 1, 2, 3, 3, 5)          n= 15 nodes=  140 non-disc=  139 levels=10 cells[in-part=  322 spans=   90] unknown=  0 pass
  cluster(1, 1, 2, 3, 4, 4)          n= 15 nodes=  156 non-disc=  155 levels=10 cells[in-part=  386 spans=   90] unknown=  0 pass
  cluster(1, 1, 3, 3, 3, 4)          n= 15 nodes=  120 non-disc=  119 levels=10 cells[in-part=  258 spans=   84] unknown=  0 pass
  cluster(1, 2, 2, 2, 2, 6)          n= 15 nodes=   30 non-disc=   29 levels= 9 cells[in-part=   31 spans=   18] unknown=  0 pass
  cluster(1, 2, 2, 2, 3, 5)          n= 15 nodes=   60 non-disc=   59 levels= 9 cells[in-part=  103 spans=   30] unknown=  0 pass
  cluster(1, 2, 2, 2, 4, 4)          n= 15 nodes=   52 non-disc=   51 levels= 9 cells[in-part=   81 spans=   30] unknown=  0 pass
  cluster(1, 2, 2, 3, 3, 4)          n= 15 nodes=   84 non-disc=   83 levels= 9 cells[in-part=  175 spans=   40] unknown=  0 pass
  cluster(1, 2, 3, 3, 3, 3)          n= 15 nodes=   62 non-disc=   61 levels= 9 cells[in-part=  145 spans=   14] unknown=  0 pass
  cluster(2, 2, 2, 2, 2, 5)          n= 15 nodes=   30 non-disc=   29 levels= 9 cells[in-part=   29 spans=   20] unknown=  0 pass
  cluster(2, 2, 2, 2, 3, 4)          n= 15 nodes=   60 non-disc=   59 levels= 9 cells[in-part=   97 spans=   36] unknown=  0 pass
  cluster(2, 2, 2, 3, 3, 3)          n= 15 nodes=   60 non-disc=   59 levels= 9 cells[in-part=   99 spans=   42] unknown=  0 pass
  cluster(1, 1, 1, 1, 1, 1, 9)       n= 15 nodes=   54 non-disc=   53 levels=13 cells[in-part=   48 spans=   45] unknown=  0 pass
  cluster(1, 1, 1, 1, 1, 2, 8)       n= 15 nodes=   80 non-disc=   79 levels=12 cells[in-part=  110 spans=   64] unknown=  0 pass
  cluster(1, 1, 1, 1, 1, 3, 7)       n= 15 nodes=  105 non-disc=  104 levels=12 cells[in-part=  160 spans=   84] unknown=  0 pass
  cluster(1, 1, 1, 1, 1, 4, 6)       n= 15 nodes=  120 non-disc=  119 levels=12 cells[in-part=  190 spans=   96] unknown=  0 pass
  cluster(1, 1, 1, 1, 1, 5, 5)       n= 15 nodes=  105 non-disc=  104 levels=12 cells[in-part=  155 spans=   89] unknown=  0 pass
  cluster(1, 1, 1, 1, 2, 2, 7)       n= 15 nodes=   84 non-disc=   83 levels=11 cells[in-part=  100 spans=   91] unknown=  0 pass
  cluster(1, 1, 1, 1, 2, 3, 6)       n= 15 nodes=  144 non-disc=  143 levels=11 cells[in-part=  288 spans=  108] unknown=  0 pass
  cluster(1, 1, 1, 1, 2, 4, 5)       n= 15 nodes=  160 non-disc=  159 levels=11 cells[in-part=  328 spans=  120] unknown=  0 pass
  cluster(1, 1, 1, 1, 3, 3, 5)       n= 15 nodes=  140 non-disc=  139 levels=11 cells[in-part=  252 spans=  125] unknown=  0 pass
  cluster(1, 1, 1, 1, 3, 4, 4)       n= 15 nodes=  156 non-disc=  155 levels=11 cells[in-part=  308 spans=  129] unknown=  0 pass
  cluster(1, 1, 1, 2, 2, 2, 6)       n= 15 nodes=   72 non-disc=   71 levels=10 cells[in-part=   78 spans=   84] unknown=  0 pass
  cluster(1, 1, 1, 2, 2, 3, 5)       n= 15 nodes=  135 non-disc=  134 levels=10 cells[in-part=  243 spans=  135] unknown=  0 pass
  cluster(1, 1, 1, 2, 2, 4, 4)       n= 15 nodes=  117 non-disc=  116 levels=10 cells[in-part=  192 spans=  126] unknown=  0 pass
  cluster(1, 1, 1, 2, 3, 3, 4)       n= 15 nodes=  168 non-disc=  167 levels=10 cells[in-part=  378 spans=  136] unknown=  0 pass
  cluster(1, 1, 1, 3, 3, 3, 3)       n= 15 nodes=   93 non-disc=   92 levels=10 cells[in-part=  171 spans=   83] unknown=  0 pass
  cluster(1, 1, 2, 2, 2, 2, 5)       n= 15 nodes=   50 non-disc=   49 levels= 9 cells[in-part=   50 spans=   55] unknown=  0 pass
  cluster(1, 1, 2, 2, 2, 3, 4)       n= 15 nodes=   96 non-disc=   95 levels= 9 cells[in-part=  160 spans=   96] unknown=  0 pass
  cluster(1, 1, 2, 2, 3, 3, 3)       n= 15 nodes=   90 non-disc=   89 levels= 9 cells[in-part=  156 spans=   93] unknown=  0 pass
  cluster(1, 2, 2, 2, 2, 2, 4)       n= 15 nodes=   24 non-disc=   23 levels= 8 cells[in-part=   22 spans=   16] unknown=  0 pass
  cluster(1, 2, 2, 2, 2, 3, 3)       n= 15 nodes=   35 non-disc=   34 levels= 8 cells[in-part=   42 spans=   26] unknown=  0 pass
  cluster(2, 2, 2, 2, 2, 2, 3)       n= 15 nodes=   21 non-disc=   20 levels= 8 cells[in-part=   17 spans=   15] unknown=  0 pass
  cluster(1, 1, 1, 1, 1, 1, 1, 8)    n= 15 nodes=   56 non-disc=   55 levels=13 cells[in-part=   49 spans=   48] unknown=  0 pass
  cluster(1, 1, 1, 1, 1, 1, 2, 7)    n= 15 nodes=   84 non-disc=   83 levels=12 cells[in-part=  114 spans=   70] unknown=  0 pass
  cluster(1, 1, 1, 1, 1, 1, 3, 6)    n= 15 nodes=  108 non-disc=  107 levels=12 cells[in-part=  162 spans=   90] unknown=  0 pass
  cluster(1, 1, 1, 1, 1, 1, 4, 5)    n= 15 nodes=  120 non-disc=  119 levels=12 cells[in-part=  186 spans=  100] unknown=  0 pass
  cluster(1, 1, 1, 1, 1, 2, 2, 6)    n= 15 nodes=   90 non-disc=   89 levels=11 cells[in-part=  105 spans=  102] unknown=  0 pass
  cluster(1, 1, 1, 1, 1, 2, 3, 5)    n= 15 nodes=  150 non-disc=  149 levels=11 cells[in-part=  295 spans=  120] unknown=  0 pass
  cluster(1, 1, 1, 1, 1, 2, 4, 4)    n= 15 nodes=  130 non-disc=  129 levels=11 cells[in-part=  235 spans=  114] unknown=  0 pass
  cluster(1, 1, 1, 1, 1, 3, 3, 4)    n= 15 nodes=  140 non-disc=  139 levels=11 cells[in-part=  245 spans=  132] unknown=  0 pass
  cluster(1, 1, 1, 1, 2, 2, 2, 5)    n= 15 nodes=   80 non-disc=   79 levels=10 cells[in-part=   84 spans=  100] unknown=  0 pass
  cluster(1, 1, 1, 1, 2, 2, 3, 4)    n= 15 nodes=  144 non-disc=  143 levels=10 cells[in-part=  252 spans=  156] unknown=  0 pass
  cluster(1, 1, 1, 1, 2, 3, 3, 3)    n= 15 nodes=  120 non-disc=  119 levels=10 cells[in-part=  228 spans=  114] unknown=  0 pass
  cluster(1, 1, 1, 2, 2, 2, 2, 4)    n= 15 nodes=   60 non-disc=   59 levels= 9 cells[in-part=   57 spans=   76] unknown=  0 pass
  cluster(1, 1, 1, 2, 2, 2, 3, 3)    n= 15 nodes=   84 non-disc=   83 levels= 9 cells[in-part=  105 spans=  110] unknown=  0 pass
  cluster(1, 1, 2, 2, 2, 2, 2, 3)    n= 15 nodes=   36 non-disc=   35 levels= 8 cells[in-part=   30 spans=   42] unknown=  0 pass
  cluster(1, 2, 2, 2, 2, 2, 2, 2)    n= 15 nodes=    8 non-disc=    7 levels= 7 cells[in-part=    1 spans=    6] unknown=  0 pass
  cluster(1, 1, 1, 1, 1, 1, 1, 1, 7) n= 15 nodes=   56 non-disc=   55 levels=13 cells[in-part=   48 spans=   49] unknown=  0 pass
  cluster(1, 1, 1, 1, 1, 1, 1, 2, 6) n= 15 nodes=   84 non-disc=   83 levels=12 cells[in-part=  112 spans=   72] unknown=  0 pass
  cluster(1, 1, 1, 1, 1, 1, 1, 3, 5) n= 15 nodes=  105 non-disc=  104 levels=12 cells[in-part=  154 spans=   90] unknown=  0 pass
  cluster(1, 1, 1, 1, 1, 1, 1, 4, 4) n= 15 nodes=   91 non-disc=   90 levels=12 cells[in-part=  119 spans=   85] unknown=  0 pass
  cluster(1, 1, 1, 1, 1, 1, 2, 2, 5) n= 15 nodes=   90 non-disc=   89 levels=11 cells[in-part=  102 spans=  105] unknown=  0 pass
  cluster(1, 1, 1, 1, 1, 1, 2, 3, 4) n= 15 nodes=  144 non-disc=  143 levels=11 cells[in-part=  276 spans=  120] unknown=  0 pass
  cluster(1, 1, 1, 1, 1, 1, 3, 3, 3) n= 15 nodes=   90 non-disc=   89 levels=11 cells[in-part=  126 spans=   93] unknown=  0 pass
  cluster(1, 1, 1, 1, 1, 2, 2, 2, 4) n= 15 nodes=   80 non-disc=   79 levels=10 cells[in-part=   80 spans=  104] unknown=  0 pass
  cluster(1, 1, 1, 1, 1, 2, 2, 3, 3) n= 15 nodes=  105 non-disc=  104 levels=10 cells[in-part=  140 spans=  134] unknown=  0 pass
  cluster(1, 1, 1, 1, 2, 2, 2, 2, 3) n= 15 nodes=   60 non-disc=   59 levels= 9 cells[in-part=   52 spans=   81] unknown=  0 pass
  cluster(1, 1, 1, 2, 2, 2, 2, 2, 2) n= 15 nodes=   21 non-disc=   20 levels= 8 cells[in-part=    3 spans=   29] unknown=  0 pass
  cluster(1, 1, 1, 1, 1, 1, 1, 1, 1, 6) n= 15 nodes=   54 non-disc=   53 levels=13 cells[in-part=   45 spans=   48] unknown=  0 pass
  cluster(1, 1, 1, 1, 1, 1, 1, 1, 2, 5) n= 15 nodes=   80 non-disc=   79 levels=12 cells[in-part=  104 spans=   70] unknown=  0 pass
  cluster(1, 1, 1, 1, 1, 1, 1, 1, 3, 4) n= 15 nodes=   96 non-disc=   95 levels=12 cells[in-part=  136 spans=   84] unknown=  0 pass
  cluster(1, 1, 1, 1, 1, 1, 1, 2, 2, 4) n= 15 nodes=   84 non-disc=   83 levels=11 cells[in-part=   91 spans=  100] unknown=  0 pass
  cluster(1, 1, 1, 1, 1, 1, 1, 2, 3, 3) n= 15 nodes=   98 non-disc=   97 levels=11 cells[in-part=  147 spans=   98] unknown=  0 pass
  cluster(1, 1, 1, 1, 1, 1, 2, 2, 2, 3) n= 15 nodes=   72 non-disc=   71 levels=10 cells[in-part=   66 spans=   96] unknown=  0 pass
  cluster(1, 1, 1, 1, 1, 2, 2, 2, 2, 2) n= 15 nodes=   30 non-disc=   29 levels= 9 cells[in-part=    5 spans=   44] unknown=  0 pass
  cluster(1, 1, 1, 1, 1, 1, 1, 1, 1, 1, 5) n= 15 nodes=   50 non-disc=   49 levels=13 cells[in-part=   40 spans=   45] unknown=  0 pass
  cluster(1, 1, 1, 1, 1, 1, 1, 1, 1, 2, 4) n= 15 nodes=   72 non-disc=   71 levels=12 cells[in-part=   90 spans=   64] unknown=  0 pass
  cluster(1, 1, 1, 1, 1, 1, 1, 1, 1, 3, 3) n= 15 nodes=   63 non-disc=   62 levels=12 cells[in-part=   63 spans=   65] unknown=  0 pass
  cluster(1, 1, 1, 1, 1, 1, 1, 1, 2, 2, 3) n= 15 nodes=   72 non-disc=   71 levels=11 cells[in-part=   72 spans=   87] unknown=  0 pass
  cluster(1, 1, 1, 1, 1, 1, 1, 2, 2, 2, 2) n= 15 nodes=   35 non-disc=   34 levels=10 cells[in-part=    7 spans=   51] unknown=  0 pass
  cluster(1, 1, 1, 1, 1, 1, 1, 1, 1, 1, 1, 4) n= 15 nodes=   44 non-disc=   43 levels=13 cells[in-part=   33 spans=   40] unknown=  0 pass
  cluster(1, 1, 1, 1, 1, 1, 1, 1, 1, 1, 2, 3) n= 15 nodes=   60 non-disc=   59 levels=12 cells[in-part=   70 spans=   54] unknown=  0 pass
  cluster(1, 1, 1, 1, 1, 1, 1, 1, 1, 2, 2, 2) n= 15 nodes=   36 non-disc=   35 levels=11 cells[in-part=    9 spans=   50] unknown=  0 pass
  cluster(1, 1, 1, 1, 1, 1, 1, 1, 1, 1, 1, 1, 3) n= 15 nodes=   36 non-disc=   35 levels=13 cells[in-part=   24 spans=   33] unknown=  0 pass
  cluster(1, 1, 1, 1, 1, 1, 1, 1, 1, 1, 1, 2, 2) n= 15 nodes=   33 non-disc=   32 levels=12 cells[in-part=   11 spans=   41] unknown=  0 pass
  cluster(1, 1, 1, 1, 1, 1, 1, 1, 1, 1, 1, 1, 1, 2) n= 15 nodes=   26 non-disc=   25 levels=13 cells[in-part=   13 spans=   24] unknown=  0 pass
  cluster(1, 15)                     n= 16 nodes=   15 non-disc=   14 levels=14 cells[in-part=   14 spans=    0] unknown=  0 pass
  cluster(2, 14)                     n= 16 nodes=   28 non-disc=   27 levels=14 cells[in-part=   40 spans=    0] unknown=  0 pass
  cluster(3, 13)                     n= 16 nodes=   39 non-disc=   38 levels=14 cells[in-part=   62 spans=    0] unknown=  0 pass
  cluster(4, 12)                     n= 16 nodes=   48 non-disc=   47 levels=14 cells[in-part=   80 spans=    0] unknown=  0 pass
  cluster(5, 11)                     n= 16 nodes=   55 non-disc=   54 levels=14 cells[in-part=   94 spans=    0] unknown=  0 pass
  cluster(6, 10)                     n= 16 nodes=   60 non-disc=   59 levels=14 cells[in-part=  104 spans=    0] unknown=  0 pass
  cluster(7, 9)                      n= 16 nodes=   63 non-disc=   62 levels=14 cells[in-part=  110 spans=    0] unknown=  0 pass
  cluster(8, 8)                      n= 16 nodes=   57 non-disc=   56 levels=14 cells[in-part=   97 spans=    1] unknown=  0 pass
  cluster(1, 1, 14)                  n= 16 nodes=   28 non-disc=   27 levels=14 cells[in-part=   26 spans=   14] unknown=  0 pass
  cluster(1, 2, 13)                  n= 16 nodes=   26 non-disc=   25 levels=13 cells[in-part=   37 spans=    0] unknown=  0 pass
  cluster(1, 3, 12)                  n= 16 nodes=   36 non-disc=   35 levels=13 cells[in-part=   57 spans=    0] unknown=  0 pass
  cluster(1, 4, 11)                  n= 16 nodes=   44 non-disc=   43 levels=13 cells[in-part=   73 spans=    0] unknown=  0 pass
  cluster(1, 5, 10)                  n= 16 nodes=   50 non-disc=   49 levels=13 cells[in-part=   85 spans=    0] unknown=  0 pass
  cluster(1, 6, 9)                   n= 16 nodes=   54 non-disc=   53 levels=13 cells[in-part=   93 spans=    0] unknown=  0 pass
  cluster(1, 7, 8)                   n= 16 nodes=   56 non-disc=   55 levels=13 cells[in-part=   97 spans=    0] unknown=  0 pass
  cluster(2, 2, 12)                  n= 16 nodes=   36 non-disc=   35 levels=13 cells[in-part=   45 spans=   12] unknown=  0 pass
  cluster(2, 3, 11)                  n= 16 nodes=   66 non-disc=   65 levels=13 cells[in-part=  137 spans=    0] unknown=  0 pass
  cluster(2, 4, 10)                  n= 16 nodes=   80 non-disc=   79 levels=13 cells[in-part=  172 spans=    0] unknown=  0 pass
  cluster(2, 5, 9)                   n= 16 nodes=   90 non-disc=   89 levels=13 cells[in-part=  197 spans=    0] unknown=  0 pass
  cluster(2, 6, 8)                   n= 16 nodes=   96 non-disc=   95 levels=13 cells[in-part=  212 spans=    0] unknown=  0 pass
  cluster(2, 7, 7)                   n= 16 nodes=   86 non-disc=   85 levels=13 cells[in-part=  185 spans=    2] unknown=  0 pass
  cluster(3, 3, 10)                  n= 16 nodes=   70 non-disc=   69 levels=13 cells[in-part=  133 spans=   10] unknown=  0 pass
  cluster(3, 4, 9)                   n= 16 nodes=  108 non-disc=  107 levels=13 cells[in-part=  249 spans=    0] unknown=  0 pass
  cluster(3, 5, 8)                   n= 16 nodes=  120 non-disc=  119 levels=13 cells[in-part=  281 spans=    0] unknown=  0 pass
  cluster(3, 6, 7)                   n= 16 nodes=  126 non-disc=  125 levels=13 cells[in-part=  297 spans=    0] unknown=  0 pass
  cluster(4, 4, 8)                   n= 16 nodes=  104 non-disc=  103 levels=13 cells[in-part=  227 spans=    8] unknown=  0 pass
  cluster(4, 5, 7)                   n= 16 nodes=  140 non-disc=  139 levels=13 cells[in-part=  337 spans=    0] unknown=  0 pass
  cluster(4, 6, 6)                   n= 16 nodes=  124 non-disc=  123 levels=13 cells[in-part=  289 spans=    4] unknown=  0 pass
  cluster(5, 5, 6)                   n= 16 nodes=  126 non-disc=  125 levels=13 cells[in-part=  291 spans=    6] unknown=  0 pass
  cluster(1, 1, 1, 13)               n= 16 nodes=   39 non-disc=   38 levels=14 cells[in-part=   36 spans=   26] unknown=  0 pass
  cluster(1, 1, 2, 12)               n= 16 nodes=   48 non-disc=   47 levels=13 cells[in-part=   68 spans=   24] unknown=  0 pass
  cluster(1, 1, 3, 11)               n= 16 nodes=   66 non-disc=   65 levels=13 cells[in-part=  104 spans=   33] unknown=  0 pass
  cluster(1, 1, 4, 10)               n= 16 nodes=   80 non-disc=   79 levels=13 cells[in-part=  132 spans=   40] unknown=  0 pass
  cluster(1, 1, 5, 9)                n= 16 nodes=   90 non-disc=   89 levels=13 cells[in-part=  152 spans=   45] unknown=  0 pass
  cluster(1, 1, 6, 8)                n= 16 nodes=   96 non-disc=   95 levels=13 cells[in-part=  164 spans=   48] unknown=  0 pass
  cluster(1, 1, 7, 7)                n= 16 nodes=   86 non-disc=   85 levels=13 cells[in-part=  142 spans=   45] unknown=  0 pass
  cluster(1, 2, 2, 11)               n= 16 nodes=   33 non-disc=   32 levels=12 cells[in-part=   41 spans=   11] unknown=  0 pass
  cluster(1, 2, 3, 10)               n= 16 nodes=   60 non-disc=   59 levels=12 cells[in-part=  124 spans=    0] unknown=  0 pass
  cluster(1, 2, 4, 9)                n= 16 nodes=   72 non-disc=   71 levels=12 cells[in-part=  154 spans=    0] unknown=  0 pass
  cluster(1, 2, 5, 8)                n= 16 nodes=   80 non-disc=   79 levels=12 cells[in-part=  174 spans=    0] unknown=  0 pass
  cluster(1, 2, 6, 7)                n= 16 nodes=   84 non-disc=   83 levels=12 cells[in-part=  184 spans=    0] unknown=  0 pass
  cluster(1, 3, 3, 9)                n= 16 nodes=   63 non-disc=   62 levels=12 cells[in-part=  119 spans=    9] unknown=  0 pass
  cluster(1, 3, 4, 8)                n= 16 nodes=   96 non-disc=   95 levels=12 cells[in-part=  220 spans=    0] unknown=  0 pass
  cluster(1, 3, 5, 7)                n= 16 nodes=  105 non-disc=  104 levels=12 cells[in-part=  244 spans=    0] unknown=  0 pass
  cluster(1, 3, 6, 6)                n= 16 nodes=   93 non-disc=   92 levels=12 cells[in-part=  209 spans=    3] unknown=  0 pass
  cluster(1, 4, 4, 7)                n= 16 nodes=   91 non-disc=   90 levels=12 cells[in-part=  197 spans=    7] unknown=  0 pass
  cluster(1, 4, 5, 6)                n= 16 nodes=  120 non-disc=  119 levels=12 cells[in-part=  286 spans=    0] unknown=  0 pass
  cluster(1, 5, 5, 5)                n= 16 nodes=   85 non-disc=   84 levels=12 cells[in-part=  187 spans=    5] unknown=  0 pass
  cluster(2, 2, 2, 10)               n= 16 nodes=   40 non-disc=   39 levels=12 cells[in-part=   46 spans=   20] unknown=  0 pass
  cluster(2, 2, 3, 9)                n= 16 nodes=   81 non-disc=   80 levels=12 cells[in-part=  153 spans=   27] unknown=  0 pass
  cluster(2, 2, 4, 8)                n= 16 nodes=   96 non-disc=   95 levels=12 cells[in-part=  188 spans=   32] unknown=  0 pass
  cluster(2, 2, 5, 7)                n= 16 nodes=  105 non-disc=  104 levels=12 cells[in-part=  209 spans=   35] unknown=  0 pass
  cluster(2, 2, 6, 6)                n= 16 nodes=   93 non-disc=   92 levels=12 cells[in-part=  178 spans=   34] unknown=  0 pass
  cluster(2, 3, 3, 8)                n= 16 nodes=  112 non-disc=  111 levels=12 cells[in-part=  266 spans=   16] unknown=  0 pass
  cluster(2, 3, 4, 7)                n= 16 nodes=  168 non-disc=  167 levels=12 cells[in-part=  466 spans=    0] unknown=  0 pass
  cluster(2, 3, 5, 6)                n= 16 nodes=  180 non-disc=  179 levels=12 cells[in-part=  504 spans=    0] unknown=  0 pass
  cluster(2, 4, 4, 6)                n= 16 nodes=  156 non-disc=  155 levels=12 cells[in-part=  412 spans=   12] unknown=  0 pass
  cluster(2, 4, 5, 5)                n= 16 nodes=  168 non-disc=  167 levels=12 cells[in-part=  458 spans=    8] unknown=  0 pass
  cluster(3, 3, 3, 7)                n= 16 nodes=  105 non-disc=  104 levels=12 cells[in-part=  237 spans=   21] unknown=  0 pass
  cluster(3, 3, 4, 6)                n= 16 nodes=  168 non-disc=  167 levels=12 cells[in-part=  434 spans=   24] unknown=  0 pass
  cluster(3, 3, 5, 5)                n= 16 nodes=  147 non-disc=  146 levels=12 cells[in-part=  364 spans=   28] unknown=  0 pass
  cluster(3, 4, 4, 5)                n= 16 nodes=  195 non-disc=  194 levels=12 cells[in-part=  541 spans=   15] unknown=  0 pass
  cluster(4, 4, 4, 4)                n= 16 nodes=  121 non-disc=  120 levels=12 cells[in-part=  311 spans=   13] unknown=  0 pass
  cluster(1, 1, 1, 1, 12)            n= 16 nodes=   48 non-disc=   47 levels=14 cells[in-part=   44 spans=   36] unknown=  0 pass
  cluster(1, 1, 1, 2, 11)            n= 16 nodes=   66 non-disc=   65 levels=13 cells[in-part=   93 spans=   44] unknown=  0 pass
  cluster(1, 1, 1, 3, 10)            n= 16 nodes=   90 non-disc=   89 levels=13 cells[in-part=  141 spans=   60] unknown=  0 pass
  cluster(1, 1, 1, 4, 9)             n= 16 nodes=  108 non-disc=  107 levels=13 cells[in-part=  177 spans=   72] unknown=  0 pass
  cluster(1, 1, 1, 5, 8)             n= 16 nodes=  120 non-disc=  119 levels=13 cells[in-part=  201 spans=   80] unknown=  0 pass
  cluster(1, 1, 1, 6, 7)             n= 16 nodes=  126 non-disc=  125 levels=13 cells[in-part=  213 spans=   84] unknown=  0 pass
  cluster(1, 1, 2, 2, 10)            n= 16 nodes=   60 non-disc=   59 levels=12 cells[in-part=   74 spans=   50] unknown=  0 pass
  cluster(1, 1, 2, 3, 9)             n= 16 nodes=  108 non-disc=  107 levels=12 cells[in-part=  222 spans=   54] unknown=  0 pass
  cluster(1, 1, 2, 4, 8)             n= 16 nodes=  128 non-disc=  127 levels=12 cells[in-part=  272 spans=   64] unknown=  0 pass
  cluster(1, 1, 2, 5, 7)             n= 16 nodes=  140 non-disc=  139 levels=12 cells[in-part=  302 spans=   70] unknown=  0 pass
  cluster(1, 1, 2, 6, 6)             n= 16 nodes=  124 non-disc=  123 levels=12 cells[in-part=  258 spans=   66] unknown=  0 pass
  cluster(1, 1, 3, 3, 8)             n= 16 nodes=  112 non-disc=  111 levels=12 cells[in-part=  210 spans=   72] unknown=  0 pass
  cluster(1, 1, 3, 4, 7)             n= 16 nodes=  168 non-disc=  167 levels=12 cells[in-part=  382 spans=   84] unknown=  0 pass
  cluster(1, 1, 3, 5, 6)             n= 16 nodes=  180 non-disc=  179 levels=12 cells[in-part=  414 spans=   90] unknown=  0 pass
  cluster(1, 1, 4, 4, 6)             n= 16 nodes=  156 non-disc=  155 levels=12 cells[in-part=  334 spans=   90] unknown=  0 pass
  cluster(1, 1, 4, 5, 5)             n= 16 nodes=  168 non-disc=  167 levels=12 cells[in-part=  374 spans=   92] unknown=  0 pass
  cluster(1, 2, 2, 2, 9)             n= 16 nodes=   36 non-disc=   35 levels=11 cells[in-part=   41 spans=   18] unknown=  0 pass
  cluster(1, 2, 2, 3, 8)             n= 16 nodes=   72 non-disc=   71 levels=11 cells[in-part=  135 spans=   24] unknown=  0 pass
  cluster(1, 2, 2, 4, 7)             n= 16 nodes=   84 non-disc=   83 levels=11 cells[in-part=  163 spans=   28] unknown=  0 pass
  cluster(1, 2, 2, 5, 6)             n= 16 nodes=   90 non-disc=   89 levels=11 cells[in-part=  177 spans=   30] unknown=  0 pass
  cluster(1, 2, 3, 3, 7)             n= 16 nodes=   98 non-disc=   97 levels=11 cells[in-part=  231 spans=   14] unknown=  0 pass
  cluster(1, 2, 3, 4, 6)             n= 16 nodes=  144 non-disc=  143 levels=11 cells[in-part=  396 spans=    0] unknown=  0 pass
  cluster(1, 2, 3, 5, 5)             n= 16 nodes=  126 non-disc=  125 levels=11 cells[in-part=  333 spans=    6] unknown=  0 pass
  cluster(1, 2, 4, 4, 5)             n= 16 nodes=  130 non-disc=  129 levels=11 cells[in-part=  339 spans=   10] unknown=  0 pass
  cluster(1, 3, 3, 3, 6)             n= 16 nodes=   90 non-disc=   89 levels=11 cells[in-part=  201 spans=   18] unknown=  0 pass
  cluster(1, 3, 3, 4, 5)             n= 16 nodes=  140 non-disc=  139 levels=11 cells[in-part=  357 spans=   20] unknown=  0 pass
  cluster(1, 3, 4, 4, 4)             n= 16 nodes=  120 non-disc=  119 levels=11 cells[in-part=  311 spans=   12] unknown=  0 pass
  cluster(2, 2, 2, 2, 8)             n= 16 nodes=   40 non-disc=   39 levels=11 cells[in-part=   43 spans=   24] unknown=  0 pass
  cluster(2, 2, 2, 3, 7)             n= 16 nodes=   84 non-disc=   83 levels=11 cells[in-part=  149 spans=   42] unknown=  0 pass
  cluster(2, 2, 2, 4, 6)             n= 16 nodes=   96 non-disc=   95 levels=11 cells[in-part=  176 spans=   48] unknown=  0 pass
  cluster(2, 2, 2, 5, 5)             n= 16 nodes=   84 non-disc=   83 levels=11 cells[in-part=  145 spans=   46] unknown=  0 pass
  cluster(2, 2, 3, 3, 6)             n= 16 nodes=  126 non-disc=  125 levels=11 cells[in-part=  273 spans=   60] unknown=  0 pass
  cluster(2, 2, 3, 4, 5)             n= 16 nodes=  180 non-disc=  179 levels=11 cells[in-part=  459 spans=   60] unknown=  0 pass
  cluster(2, 2, 4, 4, 4)             n= 16 nodes=  120 non-disc=  119 levels=11 cells[in-part=  271 spans=   52] unknown=  0 pass
  cluster(2, 3, 3, 3, 5)             n= 16 nodes=  150 non-disc=  149 levels=11 cells[in-part=  405 spans=   30] unknown=  0 pass
  cluster(2, 3, 3, 4, 4)             n= 16 nodes=  182 non-disc=  181 levels=11 cells[in-part=  511 spans=   40] unknown=  0 pass
  cluster(3, 3, 3, 3, 4)             n= 16 nodes=  124 non-disc=  123 levels=11 cells[in-part=  321 spans=   28] unknown=  0 pass
  cluster(1, 1, 1, 1, 1, 11)         n= 16 nodes=   55 non-disc=   54 levels=14 cells[in-part=   50 spans=   44] unknown=  0 pass
  cluster(1, 1, 1, 1, 2, 10)         n= 16 nodes=   80 non-disc=   79 levels=13 cells[in-part=  112 spans=   60] unknown=  0 pass
  cluster(1, 1, 1, 1, 3, 9)          n= 16 nodes=  108 non-disc=  107 levels=13 cells[in-part=  168 spans=   81] unknown=  0 pass
  cluster(1, 1, 1, 1, 4, 8)          n= 16 nodes=  128 non-disc=  127 levels=13 cells[in-part=  208 spans=   96] unknown=  0 pass
  cluster(1, 1, 1, 1, 5, 7)          n= 16 nodes=  140 non-disc=  139 levels=13 cells[in-part=  232 spans=  105] unknown=  0 pass
  cluster(1, 1, 1, 1, 6, 6)          n= 16 nodes=  124 non-disc=  123 levels=13 cells[in-part=  196 spans=   97] unknown=  0 pass
  cluster(1, 1, 1, 2, 2, 9)          n= 16 nodes=   81 non-disc=   80 levels=12 cells[in-part=   99 spans=   81] unknown=  0 pass
  cluster(1, 1, 1, 2, 3, 8)          n= 16 nodes=  144 non-disc=  143 levels=12 cells[in-part=  294 spans=   96] unknown=  0 pass
  cluster(1, 1, 1, 2, 4, 7)          n= 16 nodes=  168 non-disc=  167 levels=12 cells[in-part=  354 spans=  112] unknown=  0 pass
  cluster(1, 1, 1, 2, 5, 6)          n= 16 nodes=  180 non-disc=  179 levels=12 cells[in-part=  384 spans=  120] unknown=  0 pass
  cluster(1, 1, 1, 3, 3, 7)          n= 16 nodes=  147 non-disc=  146 levels=12 cells[in-part=  273 spans=  119] unknown=  0 pass
  cluster(1, 1, 1, 3, 4, 6)          n= 16 nodes=  216 non-disc=  215 levels=12 cells[in-part=  486 spans=  144] unknown=  0 pass
  cluster(1, 1, 1, 3, 5, 5)          n= 16 nodes=  189 non-disc=  188 levels=12 cells[in-part=  405 spans=  135] unknown=  0 pass
  cluster(1, 1, 1, 4, 4, 5)          n= 16 nodes=  195 non-disc=  194 levels=12 cells[in-part=  411 spans=  145] unknown=  0 pass
  cluster(1, 1, 2, 2, 2, 8)          n= 16 nodes=   64 non-disc=   63 levels=11 cells[in-part=   72 spans=   64] unknown=  0 pass
  cluster(1, 1, 2, 2, 3, 7)          n= 16 nodes=  126 non-disc=  125 levels=11 cells[in-part=  234 spans=  105] unknown=  0 pass
  cluster(1, 1, 2, 2, 4, 6)          n= 16 nodes=  144 non-disc=  143 levels=11 cells[in-part=  276 spans=  120] unknown=  0 pass
  cluster(1, 1, 2, 2, 5, 5)          n= 16 nodes=  126 non-disc=  125 levels=11 cells[in-part=  228 spans=  111] unknown=  0 pass
  cluster(1, 1, 2, 3, 3, 6)          n= 16 nodes=  168 non-disc=  167 levels=11 cells[in-part=  392 spans=  108] unknown=  0 pass
  cluster(1, 1, 2, 3, 4, 5)          n= 16 nodes=  240 non-disc=  239 levels=11 cells[in-part=  652 spans=  120] unknown=  0 pass
  cluster(1, 1, 2, 4, 4, 4)          n= 16 nodes=  160 non-disc=  159 levels=11 cells[in-part=  388 spans=   96] unknown=  0 pass
  cluster(1, 1, 3, 3, 3, 5)          n= 16 nodes=  150 non-disc=  149 levels=11 cells[in-part=  330 spans=  105] unknown=  0 pass
  cluster(1, 1, 3, 3, 4, 4)          n= 16 nodes=  182 non-disc=  181 levels=11 cells[in-part=  420 spans=  131] unknown=  0 pass
  cluster(1, 2, 2, 2, 2, 7)          n= 16 nodes=   35 non-disc=   34 levels=10 cells[in-part=   37 spans=   21] unknown=  0 pass
  cluster(1, 2, 2, 2, 3, 6)          n= 16 nodes=   72 non-disc=   71 levels=10 cells[in-part=  126 spans=   36] unknown=  0 pass
  cluster(1, 2, 2, 2, 4, 5)          n= 16 nodes=   80 non-disc=   79 levels=10 cells[in-part=  144 spans=   40] unknown=  0 pass
  cluster(1, 2, 2, 3, 3, 5)          n= 16 nodes=  105 non-disc=  104 levels=10 cells[in-part=  224 spans=   50] unknown=  0 pass
  cluster(1, 2, 2, 3, 4, 4)          n= 16 nodes=  117 non-disc=  116 levels=10 cells[in-part=  270 spans=   48] unknown=  0 pass
  cluster(1, 2, 3, 3, 3, 4)          n= 16 nodes=  120 non-disc=  119 levels=10 cells[in-part=  318 spans=   24] unknown=  0 pass
  cluster(1, 3, 3, 3, 3, 3)          n= 16 nodes=   63 non-disc=   62 levels=10 cells[in-part=  145 spans=   15] unknown=  0 pass
  cluster(2, 2, 2, 2, 2, 6)          n= 16 nodes=   36 non-disc=   35 levels=10 cells[in-part=   36 spans=   24] unknown=  0 pass
  cluster(2, 2, 2, 2, 3, 5)          n= 16 nodes=   75 non-disc=   74 levels=10 cells[in-part=  125 spans=   45] unknown=  0 pass
  cluster(2, 2, 2, 2, 4, 4)          n= 16 nodes=   65 non-disc=   64 levels=10 cells[in-part=   98 spans=   44] unknown=  0 pass
  cluster(2, 2, 2, 3, 3, 4)          n= 16 nodes=  112 non-disc=  111 levels=10 cells[in-part=  224 spans=   72] unknown=  0 pass
  cluster(2, 2, 3, 3, 3, 3)          n= 16 nodes=   93 non-disc=   92 levels=10 cells[in-part=  202 spans=   52] unknown=  0 pass
  cluster(1, 1, 1, 1, 1, 1, 10)      n= 16 nodes=   60 non-disc=   59 levels=14 cells[in-part=   54 spans=   50] unknown=  0 pass
  cluster(1, 1, 1, 1, 1, 2, 9)       n= 16 nodes=   90 non-disc=   89 levels=13 cells[in-part=  125 spans=   72] unknown=  0 pass
  cluster(1, 1, 1, 1, 1, 3, 8)       n= 16 nodes=  120 non-disc=  119 levels=13 cells[in-part=  185 spans=   96] unknown=  0 pass
  cluster(1, 1, 1, 1, 1, 4, 7)       n= 16 nodes=  140 non-disc=  139 levels=13 cells[in-part=  225 spans=  112] unknown=  0 pass
  cluster(1, 1, 1, 1, 1, 5, 6)       n= 16 nodes=  150 non-disc=  149 levels=13 cells[in-part=  245 spans=  120] unknown=  0 pass
  cluster(1, 1, 1, 1, 2, 2, 8)       n= 16 nodes=   96 non-disc=   95 levels=12 cells[in-part=  116 spans=  104] unknown=  0 pass
  cluster(1, 1, 1, 1, 2, 3, 7)       n= 16 nodes=  168 non-disc=  167 levels=12 cells[in-part=  340 spans=  126] unknown=  0 pass
  cluster(1, 1, 1, 1, 2, 4, 6)       n= 16 nodes=  192 non-disc=  191 levels=12 cells[in-part=  400 spans=  144] unknown=  0 pass
  cluster(1, 1, 1, 1, 2, 5, 5)       n= 16 nodes=  168 non-disc=  167 levels=12 cells[in-part=  332 spans=  134] unknown=  0 pass
  cluster(1, 1, 1, 1, 3, 3, 6)       n= 16 nodes=  168 non-disc=  167 levels=12 cells[in-part=  308 spans=  150] unknown=  0 pass
  cluster(1, 1, 1, 1, 3, 4, 5)       n= 16 nodes=  240 non-disc=  239 levels=12 cells[in-part=  532 spans=  180] unknown=  0 pass
  cluster(1, 1, 1, 1, 4, 4, 4)       n= 16 nodes=  160 non-disc=  159 levels=12 cells[in-part=  308 spans=  136] unknown=  0 pass
  cluster(1, 1, 1, 2, 2, 2, 7)       n= 16 nodes=   84 non-disc=   83 levels=11 cells[in-part=   93 spans=   98] unknown=  0 pass
  cluster(1, 1, 1, 2, 2, 3, 6)       n= 16 nodes=  162 non-disc=  161 levels=11 cells[in-part=  297 spans=  162] unknown=  0 pass
  cluster(1, 1, 1, 2, 2, 4, 5)       n= 16 nodes=  180 non-disc=  179 levels=11 cells[in-part=  339 spans=  180] unknown=  0 pass
  cluster(1, 1, 1, 2, 3, 3, 5)       n= 16 nodes=  210 non-disc=  209 levels=11 cells[in-part=  483 spans=  170] unknown=  0 pass
  cluster(1, 1, 1, 2, 3, 4, 4)       n= 16 nodes=  234 non-disc=  233 levels=11 cells[in-part=  579 spans=  174] unknown=  0 pass
  cluster(1, 1, 1, 3, 3, 3, 4)       n= 16 nodes=  180 non-disc=  179 levels=11 cells[in-part=  387 spans=  156] unknown=  0 pass
  cluster(1, 1, 2, 2, 2, 2, 6)       n= 16 nodes=   60 non-disc=   59 levels=10 cells[in-part=   62 spans=   66] unknown=  0 pass
  cluster(1, 1, 2, 2, 2, 3, 5)       n= 16 nodes=  120 non-disc=  119 levels=10 cells[in-part=  206 spans=  120] unknown=  0 pass
  cluster(1, 1, 2, 2, 2, 4, 4)       n= 16 nodes=  104 non-disc=  103 levels=10 cells[in-part=  162 spans=  112] unknown=  0 pass
  cluster(1, 1, 2, 2, 3, 3, 4)       n= 16 nodes=  168 non-disc=  167 levels=10 cells[in-part=  350 spans=  164] unknown=  0 pass
  cluster(1, 1, 2, 3, 3, 3, 3)       n= 16 nodes=  124 non-disc=  123 levels=10 cells[in-part=  290 spans=   90] unknown=  0 pass
  cluster(1, 2, 2, 2, 2, 2, 5)       n= 16 nodes=   30 non-disc=   29 levels= 9 cells[in-part=   29 spans=   20] unknown=  0 pass
  cluster(1, 2, 2, 2, 2, 3, 4)       n= 16 nodes=   60 non-disc=   59 levels= 9 cells[in-part=   97 spans=   36] unknown=  0 pass
  cluster(1, 2, 2, 2, 3, 3, 3)       n= 16 nodes=   60 non-disc=   59 levels= 9 cells[in-part=   99 spans=   42] unknown=  0 pass
  cluster(2, 2, 2, 2, 2, 2, 4)       n= 16 nodes=   28 non-disc=   27 levels= 9 cells[in-part=   25 spans=   20] unknown=  0 pass
  cluster(2, 2, 2, 2, 2, 3, 3)       n= 16 nodes=   42 non-disc=   41 levels= 9 cells[in-part=   49 spans=   34] unknown=  0 pass
  cluster(1, 1, 1, 1, 1, 1, 1, 9)    n= 16 nodes=   63 non-disc=   62 levels=14 cells[in-part=   56 spans=   54] unknown=  0 pass
  cluster(1, 1, 1, 1, 1, 1, 2, 8)    n= 16 nodes=   96 non-disc=   95 levels=13 cells[in-part=  132 spans=   80] unknown=  0 pass
  cluster(1, 1, 1, 1, 1, 1, 3, 7)    n= 16 nodes=  126 non-disc=  125 levels=13 cells[in-part=  192 spans=  105] unknown=  0 pass
  cluster(1, 1, 1, 1, 1, 1, 4, 6)    n= 16 nodes=  144 non-disc=  143 levels=13 cells[in-part=  228 spans=  120] unknown=  0 pass
  cluster(1, 1, 1, 1, 1, 1, 5, 5)    n= 16 nodes=  126 non-disc=  125 levels=13 cells[in-part=  186 spans=  111] unknown=  0 pass
  cluster(1, 1, 1, 1, 1, 2, 2, 7)    n= 16 nodes=  105 non-disc=  104 levels=12 cells[in-part=  125 spans=  119] unknown=  0 pass
  cluster(1, 1, 1, 1, 1, 2, 3, 6)    n= 16 nodes=  180 non-disc=  179 levels=12 cells[in-part=  360 spans=  144] unknown=  0 pass
  cluster(1, 1, 1, 1, 1, 2, 4, 5)    n= 16 nodes=  200 non-disc=  199 levels=12 cells[in-part=  410 spans=  160] unknown=  0 pass
  cluster(1, 1, 1, 1, 1, 3, 3, 5)    n= 16 nodes=  175 non-disc=  174 levels=12 cells[in-part=  315 spans=  165] unknown=  0 pass
  cluster(1, 1, 1, 1, 1, 3, 4, 4)    n= 16 nodes=  195 non-disc=  194 levels=12 cells[in-part=  385 spans=  171] unknown=  0 pass
  cluster(1, 1, 1, 1, 2, 2, 2, 6)    n= 16 nodes=   96 non-disc=   95 levels=11 cells[in-part=  104 spans=  120] unknown=  0 pass
  cluster(1, 1, 1, 1, 2, 2, 3, 5)    n= 16 nodes=  180 non-disc=  179 levels=11 cells[in-part=  324 spans=  195] unknown=  0 pass
  cluster(1, 1, 1, 1, 2, 2, 4, 4)    n= 16 nodes=  156 non-disc=  155 levels=11 cells[in-part=  256 spans=  181] unknown=  0 pass
  cluster(1, 1, 1, 1, 2, 3, 3, 4)    n= 16 nodes=  224 non-disc=  223 levels=11 cells[in-part=  504 spans=  200] unknown=  0 pass
  cluster(1, 1, 1, 1, 3, 3, 3, 3)    n= 16 nodes=  124 non-disc=  123 levels=11 cells[in-part=  228 spans=  121] unknown=  0 pass
  cluster(1, 1, 1, 2, 2, 2, 2, 5)    n= 16 nodes=   75 non-disc=   74 levels=10 cells[in-part=   75 spans=   95] unknown=  0 pass
  cluster(1, 1, 1, 2, 2, 2, 3, 4)    n= 16 nodes=  144 non-disc=  143 levels=10 cells[in-part=  240 spans=  168] unknown=  0 pass
  cluster(1, 1, 1, 2, 2, 3, 3, 3)    n= 16 nodes=  135 non-disc=  134 levels=10 cells[in-part=  234 spans=  162] unknown=  0 pass
  cluster(1, 1, 2, 2, 2, 2, 2, 4)    n= 16 nodes=   48 non-disc=   47 levels= 9 cells[in-part=   44 spans=   56] unknown=  0 pass
  cluster(1, 1, 2, 2, 2, 2, 3, 3)    n= 16 nodes=   70 non-disc=   69 levels= 9 cells[in-part=   84 spans=   87] unknown=  0 pass
  cluster(1, 2, 2, 2, 2, 2, 2, 3)    n= 16 nodes=   21 non-disc=   20 levels= 8 cells[in-part=   17 spans=   15] unknown=  0 pass
  cluster(2, 2, 2, 2, 2, 2, 2, 2)    n= 16 nodes=    9 non-disc=    8 levels= 8 cells[in-part=    1 spans=    7] unknown=  0 pass
  cluster(1, 1, 1, 1, 1, 1, 1, 1, 8) n= 16 nodes=   64 non-disc=   63 levels=14 cells[in-part=   56 spans=   56] unknown=  0 pass
  cluster(1, 1, 1, 1, 1, 1, 1, 2, 7) n= 16 nodes=   98 non-disc=   97 levels=13 cells[in-part=  133 spans=   84] unknown=  0 pass
  cluster(1, 1, 1, 1, 1, 1, 1, 3, 6) n= 16 nodes=  126 non-disc=  125 levels=13 cells[in-part=  189 spans=  108] unknown=  0 pass
  cluster(1, 1, 1, 1, 1, 1, 1, 4, 5) n= 16 nodes=  140 non-disc=  139 levels=13 cells[in-part=  217 spans=  120] unknown=  0 pass
  cluster(1, 1, 1, 1, 1, 1, 2, 2, 6) n= 16 nodes=  108 non-disc=  107 levels=12 cells[in-part=  126 spans=  126] unknown=  0 pass
  cluster(1, 1, 1, 1, 1, 1, 2, 3, 5) n= 16 nodes=  180 non-disc=  179 levels=12 cells[in-part=  354 spans=  150] unknown=  0 pass
  cluster(1, 1, 1, 1, 1, 1, 2, 4, 4) n= 16 nodes=  156 non-disc=  155 levels=12 cells[in-part=  282 spans=  142] unknown=  0 pass
  cluster(1, 1, 1, 1, 1, 1, 3, 3, 4) n= 16 nodes=  168 non-disc=  167 levels=12 cells[in-part=  294 spans=  164] unknown=  0 pass
  cluster(1, 1, 1, 1, 1, 2, 2, 2, 5) n= 16 nodes=  100 non-disc=   99 levels=11 cells[in-part=  105 spans=  130] unknown=  0 pass
  cluster(1, 1, 1, 1, 1, 2, 2, 3, 4) n= 16 nodes=  180 non-disc=  179 levels=11 cells[in-part=  315 spans=  204] unknown=  0 pass
  cluster(1, 1, 1, 1, 1, 2, 3, 3, 3) n= 16 nodes=  150 non-disc=  149 levels=11 cells[in-part=  285 spans=  150] unknown=  0 pass
  cluster(1, 1, 1, 1, 2, 2, 2, 2, 4) n= 16 nodes=   80 non-disc=   79 levels=10 cells[in-part=   76 spans=  108] unknown=  0 pass
  cluster(1, 1, 1, 1, 2, 2, 2, 3, 3) n= 16 nodes=  112 non-disc=  111 levels=10 cells[in-part=  140 spans=  156] unknown=  0 pass
  cluster(1, 1, 1, 2, 2, 2, 2, 2, 3) n= 16 nodes=   54 non-disc=   53 levels= 9 cells[in-part=   45 spans=   72] unknown=  0 pass
  cluster(1, 1, 2, 2, 2, 2, 2, 2, 2) n= 16 nodes=   16 non-disc=   15 levels= 8 cells[in-part=    2 spans=   20] unknown=  0 pass
  cluster(1, 1, 1, 1, 1, 1, 1, 1, 1, 7) n= 16 nodes=   63 non-disc=   62 levels=14 cells[in-part=   54 spans=   56] unknown=  0 pass
  cluster(1, 1, 1, 1, 1, 1, 1, 1, 2, 6) n= 16 nodes=   96 non-disc=   95 levels=13 cells[in-part=  128 spans=   84] unknown=  0 pass
  cluster(1, 1, 1, 1, 1, 1, 1, 1, 3, 5) n= 16 nodes=  120 non-disc=  119 levels=13 cells[in-part=  176 spans=  105] unknown=  0 pass
  cluster(1, 1, 1, 1, 1, 1, 1, 1, 4, 4) n= 16 nodes=  104 non-disc=  103 levels=13 cells[in-part=  136 spans=   99] unknown=  0 pass
  cluster(1, 1, 1, 1, 1, 1, 1, 2, 2, 5) n= 16 nodes=  105 non-disc=  104 levels=12 cells[in-part=  119 spans=  125] unknown=  0 pass
  cluster(1, 1, 1, 1, 1, 1, 1, 2, 3, 4) n= 16 nodes=  168 non-disc=  167 levels=12 cells[in-part=  322 spans=  144] unknown=  0 pass
  cluster(1, 1, 1, 1, 1, 1, 1, 3, 3, 3) n= 16 nodes=  105 non-disc=  104 levels=12 cells[in-part=  147 spans=  111] unknown=  0 pass
  cluster(1, 1, 1, 1, 1, 1, 2, 2, 2, 4) n= 16 nodes=   96 non-disc=   95 levels=11 cells[in-part=   96 spans=  128] unknown=  0 pass
  cluster(1, 1, 1, 1, 1, 1, 2, 2, 3, 3) n= 16 nodes=  126 non-disc=  125 levels=11 cells[in-part=  168 spans=  165] unknown=  0 pass
  cluster(1, 1, 1, 1, 1, 2, 2, 2, 2, 3) n= 16 nodes=   75 non-disc=   74 levels=10 cells[in-part=   65 spans=  105] unknown=  0 pass
  cluster(1, 1, 1, 1, 2, 2, 2, 2, 2, 2) n= 16 nodes=   28 non-disc=   27 levels= 9 cells[in-part=    4 spans=   41] unknown=  0 pass
  cluster(1, 1, 1, 1, 1, 1, 1, 1, 1, 1, 6) n= 16 nodes=   60 non-disc=   59 levels=14 cells[in-part=   50 spans=   54] unknown=  0 pass
  cluster(1, 1, 1, 1, 1, 1, 1, 1, 1, 2, 5) n= 16 nodes=   90 non-disc=   89 levels=13 cells[in-part=  117 spans=   80] unknown=  0 pass
  cluster(1, 1, 1, 1, 1, 1, 1, 1, 1, 3, 4) n= 16 nodes=  108 non-disc=  107 levels=13 cells[in-part=  153 spans=   96] unknown=  0 pass
  cluster(1, 1, 1, 1, 1, 1, 1, 1, 2, 2, 4) n= 16 nodes=   96 non-disc=   95 levels=12 cells[in-part=  104 spans=  116] unknown=  0 pass
  cluster(1, 1, 1, 1, 1, 1, 1, 1, 2, 3, 3) n= 16 nodes=  112 non-disc=  111 levels=12 cells[in-part=  168 spans=  114] unknown=  0 pass
  cluster(1, 1, 1, 1, 1, 1, 1, 2, 2, 2, 3) n= 16 nodes=   84 non-disc=   83 levels=11 cells[in-part=   77 spans=  114] unknown=  0 pass
  cluster(1, 1, 1, 1, 1, 1, 2, 2, 2, 2, 2) n= 16 nodes=   36 non-disc=   35 levels=10 cells[in-part=    6 spans=   54] unknown=  0 pass
  cluster(1, 1, 1, 1, 1, 1, 1, 1, 1, 1, 1, 5) n= 16 nodes=   55 non-disc=   54 levels=14 cells[in-part=   44 spans=   50] unknown=  0 pass
  cluster(1, 1, 1, 1, 1, 1, 1, 1, 1, 1, 2, 4) n= 16 nodes=   80 non-disc=   79 levels=13 cells[in-part=  100 spans=   72] unknown=  0 pass
  cluster(1, 1, 1, 1, 1, 1, 1, 1, 1, 1, 3, 3) n= 16 nodes=   70 non-disc=   69 levels=13 cells[in-part=   70 spans=   73] unknown=  0 pass
  cluster(1, 1, 1, 1, 1, 1, 1, 1, 1, 2, 2, 3) n= 16 nodes=   81 non-disc=   80 levels=12 cells[in-part=   81 spans=   99] unknown=  0 pass
  cluster(1, 1, 1, 1, 1, 1, 1, 1, 2, 2, 2, 2) n= 16 nodes=   40 non-disc=   39 levels=11 cells[in-part=    8 spans=   59] unknown=  0 pass
  cluster(1, 1, 1, 1, 1, 1, 1, 1, 1, 1, 1, 1, 4) n= 16 nodes=   48 non-disc=   47 levels=14 cells[in-part=   36 spans=   44] unknown=  0 pass
  cluster(1, 1, 1, 1, 1, 1, 1, 1, 1, 1, 1, 2, 3) n= 16 nodes=   66 non-disc=   65 levels=13 cells[in-part=   77 spans=   60] unknown=  0 pass
  cluster(1, 1, 1, 1, 1, 1, 1, 1, 1, 1, 2, 2, 2) n= 16 nodes=   40 non-disc=   39 levels=12 cells[in-part=   10 spans=   56] unknown=  0 pass
  cluster(1, 1, 1, 1, 1, 1, 1, 1, 1, 1, 1, 1, 1, 3) n= 16 nodes=   39 non-disc=   38 levels=14 cells[in-part=   26 spans=   36] unknown=  0 pass
  cluster(1, 1, 1, 1, 1, 1, 1, 1, 1, 1, 1, 1, 2, 2) n= 16 nodes=   36 non-disc=   35 levels=13 cells[in-part=   12 spans=   45] unknown=  0 pass
  cluster(1, 1, 1, 1, 1, 1, 1, 1, 1, 1, 1, 1, 1, 1, 2) n= 16 nodes=   28 non-disc=   27 levels=14 cells[in-part=   14 spans=   26] unknown=  0 pass

================================================================================================
graphs run          : 1766
clean pass          : 1766
FAILURES            : 0   []
unknown (budget)    : 0   []
NON-VACUITY levels>=2: 1764 of 1766   max levels = 14
cells spanning >=2 parts seen in: 1462 graphs (total 69210 cells)  <- the part-swap case
cells inside one part          : total 201764   <- the twin-transposition case
truncated at NODE_CAP=4000: []
SKIPPED (logged)    : []
wall clock          : 250.3s

GATE: PASS  (needs zero failures, zero unknowns, and non-vacuous descents)
