groups: 38  (all verified associative, latin, with identity)
stage 1 = S-ring filter (cheap) | stage 2 = real 2-WL | stage 3 = exact Aut_e
----------------------------------------------------------------------------------------------------
  -- Z8: 12 S-ring-nondiscrete of 15 sets
  -- Z2^3: 92 S-ring-nondiscrete of 127 sets
  -- Z4xZ2: 20 S-ring-nondiscrete of 31 sets
  -- D8: 48 S-ring-nondiscrete of 63 sets
  -- Q8: 8 S-ring-nondiscrete of 15 sets
  -- Z9: 14 S-ring-nondiscrete of 15 sets
  -- Z3^2: 11 S-ring-nondiscrete of 15 sets
  -- Z12: 54 S-ring-nondiscrete of 63 sets
  -- D12: 416 S-ring-nondiscrete of 511 sets
  -- Dic3: 50 S-ring-nondiscrete of 63 sets
  -- Z6xZ2: 104 S-ring-nondiscrete of 127 sets
  -- A4: 116 S-ring-nondiscrete of 127 sets
  -- Z16: 240 S-ring-nondiscrete of 255 sets
  -- Z2^4: 3803 S-ring-nondiscrete of 4000 sets
  Z4^2       n= 16 |S|=  6 S=[1, 3, 4, 5, 12, 15]  S-ring sizes [1, 6, 9]  2-WL cells [1, 3, 6, 6]
  Z4^2       n= 16 |S|=  7 S=[1, 2, 3, 4, 5, 12, 15]  S-ring sizes [1, 1, 2, 4, 4, 4]  2-WL cells [1, 1, 2, 2, 2, 4, 4]
  Z4^2       n= 16 |S|=  6 S=[1, 3, 5, 6, 14, 15]  S-ring sizes [1, 6, 9]  2-WL cells [1, 3, 6, 6]
  Z4^2       n= 16 |S|=  7 S=[1, 2, 3, 5, 6, 14, 15]  S-ring sizes [1, 1, 2, 4, 4, 4]  2-WL cells [1, 1, 2, 2, 2, 4, 4]
  Z4^2       n= 16 |S|=  6 S=[1, 3, 4, 7, 12, 13]  S-ring sizes [1, 6, 9]  2-WL cells [1, 3, 6, 6]
  Z4^2       n= 16 |S|=  7 S=[1, 2, 3, 4, 7, 12, 13]  S-ring sizes [1, 1, 2, 4, 4, 4]  2-WL cells [1, 1, 2, 2, 2, 4, 4]
  Z4^2       n= 16 |S|=  6 S=[1, 3, 6, 7, 13, 14]  S-ring sizes [1, 6, 9]  2-WL cells [1, 3, 6, 6]
  Z4^2       n= 16 |S|=  7 S=[1, 2, 3, 6, 7, 13, 14]  S-ring sizes [1, 1, 2, 4, 4, 4]  2-WL cells [1, 1, 2, 2, 2, 4, 4]
  Z4^2       n= 16 |S|=  7 S=[1, 3, 4, 5, 8, 12, 15]  S-ring sizes [1, 1, 2, 4, 4, 4]  2-WL cells [1, 1, 2, 2, 2, 4, 4]
  Z4^2       n= 16 |S|=  8 S=[1, 2, 3, 4, 5, 8, 12, 15]  S-ring sizes [1, 1, 2, 4, 4, 4]  2-WL cells [1, 1, 2, 2, 2, 4, 4]
  Z4^2       n= 16 |S|=  7 S=[1, 3, 5, 6, 8, 14, 15]  S-ring sizes [1, 1, 2, 4, 4, 4]  2-WL cells [1, 1, 2, 2, 2, 4, 4]
  Z4^2       n= 16 |S|=  8 S=[1, 2, 3, 5, 6, 8, 14, 15]  S-ring sizes [1, 1, 2, 4, 4, 4]  2-WL cells [1, 1, 2, 2, 2, 4, 4]
  Z4^2       n= 16 |S|=  7 S=[1, 3, 4, 7, 8, 12, 13]  S-ring sizes [1, 1, 2, 4, 4, 4]  2-WL cells [1, 1, 2, 2, 2, 4, 4]
  Z4^2       n= 16 |S|=  8 S=[1, 2, 3, 4, 7, 8, 12, 13]  S-ring sizes [1, 1, 2, 4, 4, 4]  2-WL cells [1, 1, 2, 2, 2, 4, 4]
  Z4^2       n= 16 |S|=  7 S=[1, 3, 6, 7, 8, 13, 14]  S-ring sizes [1, 1, 2, 4, 4, 4]  2-WL cells [1, 1, 2, 2, 2, 4, 4]
  Z4^2       n= 16 |S|=  8 S=[1, 2, 3, 6, 7, 8, 13, 14]  S-ring sizes [1, 1, 2, 4, 4, 4]  2-WL cells [1, 1, 2, 2, 2, 4, 4]
  Z4^2       n= 16 |S|=  6 S=[4, 5, 9, 11, 12, 15]  S-ring sizes [1, 6, 9]  2-WL cells [1, 3, 6, 6]
  Z4^2       n= 16 |S|=  7 S=[2, 4, 5, 9, 11, 12, 15]  S-ring sizes [1, 1, 2, 4, 4, 4]  2-WL cells [1, 1, 2, 2, 2, 4, 4]
  Z4^2       n= 16 |S|=  6 S=[5, 6, 9, 11, 14, 15]  S-ring sizes [1, 6, 9]  2-WL cells [1, 3, 6, 6]
  Z4^2       n= 16 |S|=  7 S=[2, 5, 6, 9, 11, 14, 15]  S-ring sizes [1, 1, 2, 4, 4, 4]  2-WL cells [1, 1, 2, 2, 2, 4, 4]
  Z4^2       n= 16 |S|=  6 S=[4, 7, 9, 11, 12, 13]  S-ring sizes [1, 6, 9]  2-WL cells [1, 3, 6, 6]
  Z4^2       n= 16 |S|=  7 S=[2, 4, 7, 9, 11, 12, 13]  S-ring sizes [1, 1, 2, 4, 4, 4]  2-WL cells [1, 1, 2, 2, 2, 4, 4]
  Z4^2       n= 16 |S|=  6 S=[6, 7, 9, 11, 13, 14]  S-ring sizes [1, 6, 9]  2-WL cells [1, 3, 6, 6]
  Z4^2       n= 16 |S|=  7 S=[2, 6, 7, 9, 11, 13, 14]  S-ring sizes [1, 1, 2, 4, 4, 4]  2-WL cells [1, 1, 2, 2, 2, 4, 4]
  Z4^2       n= 16 |S|=  7 S=[4, 5, 8, 9, 11, 12, 15]  S-ring sizes [1, 1, 2, 4, 4, 4]  2-WL cells [1, 1, 2, 2, 2, 4, 4]
  Z4^2       n= 16 |S|=  8 S=[2, 4, 5, 8, 9, 11, 12, 15]  S-ring sizes [1, 1, 2, 4, 4, 4]  2-WL cells [1, 1, 2, 2, 2, 4, 4]
  Z4^2       n= 16 |S|=  7 S=[5, 6, 8, 9, 11, 14, 15]  S-ring sizes [1, 1, 2, 4, 4, 4]  2-WL cells [1, 1, 2, 2, 2, 4, 4]
  Z4^2       n= 16 |S|=  8 S=[2, 5, 6, 8, 9, 11, 14, 15]  S-ring sizes [1, 1, 2, 4, 4, 4]  2-WL cells [1, 1, 2, 2, 2, 4, 4]
  Z4^2       n= 16 |S|=  7 S=[4, 7, 8, 9, 11, 12, 13]  S-ring sizes [1, 1, 2, 4, 4, 4]  2-WL cells [1, 1, 2, 2, 2, 4, 4]
  Z4^2       n= 16 |S|=  8 S=[2, 4, 7, 8, 9, 11, 12, 13]  S-ring sizes [1, 1, 2, 4, 4, 4]  2-WL cells [1, 1, 2, 2, 2, 4, 4]
  Z4^2       n= 16 |S|=  7 S=[6, 7, 8, 9, 11, 13, 14]  S-ring sizes [1, 1, 2, 4, 4, 4]  2-WL cells [1, 1, 2, 2, 2, 4, 4]
  Z4^2       n= 16 |S|=  8 S=[2, 6, 7, 8, 9, 11, 13, 14]  S-ring sizes [1, 1, 2, 4, 4, 4]  2-WL cells [1, 1, 2, 2, 2, 4, 4]
  Z4^2       n= 16 |S|=  7 S=[1, 3, 4, 5, 10, 12, 15]  S-ring sizes [1, 1, 2, 4, 4, 4]  2-WL cells [1, 1, 2, 2, 2, 4, 4]
  Z4^2       n= 16 |S|=  8 S=[1, 2, 3, 4, 5, 10, 12, 15]  S-ring sizes [1, 1, 2, 4, 4, 4]  2-WL cells [1, 1, 2, 2, 2, 4, 4]
  Z4^2       n= 16 |S|=  7 S=[1, 3, 5, 6, 10, 14, 15]  S-ring sizes [1, 1, 2, 4, 4, 4]  2-WL cells [1, 1, 2, 2, 2, 4, 4]
  Z4^2       n= 16 |S|=  8 S=[1, 2, 3, 5, 6, 10, 14, 15]  S-ring sizes [1, 1, 2, 4, 4, 4]  2-WL cells [1, 1, 2, 2, 2, 4, 4]
  Z4^2       n= 16 |S|=  7 S=[1, 3, 4, 7, 10, 12, 13]  S-ring sizes [1, 1, 2, 4, 4, 4]  2-WL cells [1, 1, 2, 2, 2, 4, 4]
  Z4^2       n= 16 |S|=  8 S=[1, 2, 3, 4, 7, 10, 12, 13]  S-ring sizes [1, 1, 2, 4, 4, 4]  2-WL cells [1, 1, 2, 2, 2, 4, 4]
  Z4^2       n= 16 |S|=  7 S=[1, 3, 6, 7, 10, 13, 14]  S-ring sizes [1, 1, 2, 4, 4, 4]  2-WL cells [1, 1, 2, 2, 2, 4, 4]
  Z4^2       n= 16 |S|=  8 S=[1, 2, 3, 6, 7, 10, 13, 14]  S-ring sizes [1, 1, 2, 4, 4, 4]  2-WL cells [1, 1, 2, 2, 2, 4, 4]
  Z4^2       n= 16 |S|=  8 S=[1, 3, 4, 5, 8, 10, 12, 15]  S-ring sizes [1, 1, 2, 4, 4, 4]  2-WL cells [1, 1, 2, 2, 2, 4, 4]
  Z4^2       n= 16 |S|=  9 S=[1, 2, 3, 4, 5, 8, 10, 12, 15]  S-ring sizes [1, 6, 9]  2-WL cells [1, 3, 6, 6]
  Z4^2       n= 16 |S|=  8 S=[1, 3, 5, 6, 8, 10, 14, 15]  S-ring sizes [1, 1, 2, 4, 4, 4]  2-WL cells [1, 1, 2, 2, 2, 4, 4]
  Z4^2       n= 16 |S|=  9 S=[1, 2, 3, 5, 6, 8, 10, 14, 15]  S-ring sizes [1, 6, 9]  2-WL cells [1, 3, 6, 6]
  Z4^2       n= 16 |S|=  8 S=[1, 3, 4, 7, 8, 10, 12, 13]  S-ring sizes [1, 1, 2, 4, 4, 4]  2-WL cells [1, 1, 2, 2, 2, 4, 4]
  Z4^2       n= 16 |S|=  9 S=[1, 2, 3, 4, 7, 8, 10, 12, 13]  S-ring sizes [1, 6, 9]  2-WL cells [1, 3, 6, 6]
  Z4^2       n= 16 |S|=  8 S=[1, 3, 6, 7, 8, 10, 13, 14]  S-ring sizes [1, 1, 2, 4, 4, 4]  2-WL cells [1, 1, 2, 2, 2, 4, 4]
  Z4^2       n= 16 |S|=  9 S=[1, 2, 3, 6, 7, 8, 10, 13, 14]  S-ring sizes [1, 6, 9]  2-WL cells [1, 3, 6, 6]
  Z4^2       n= 16 |S|=  7 S=[4, 5, 9, 10, 11, 12, 15]  S-ring sizes [1, 1, 2, 4, 4, 4]  2-WL cells [1, 1, 2, 2, 2, 4, 4]
  Z4^2       n= 16 |S|=  8 S=[2, 4, 5, 9, 10, 11, 12, 15]  S-ring sizes [1, 1, 2, 4, 4, 4]  2-WL cells [1, 1, 2, 2, 2, 4, 4]
  Z4^2       n= 16 |S|=  7 S=[5, 6, 9, 10, 11, 14, 15]  S-ring sizes [1, 1, 2, 4, 4, 4]  2-WL cells [1, 1, 2, 2, 2, 4, 4]
  Z4^2       n= 16 |S|=  8 S=[2, 5, 6, 9, 10, 11, 14, 15]  S-ring sizes [1, 1, 2, 4, 4, 4]  2-WL cells [1, 1, 2, 2, 2, 4, 4]
  Z4^2       n= 16 |S|=  7 S=[4, 7, 9, 10, 11, 12, 13]  S-ring sizes [1, 1, 2, 4, 4, 4]  2-WL cells [1, 1, 2, 2, 2, 4, 4]
  Z4^2       n= 16 |S|=  8 S=[2, 4, 7, 9, 10, 11, 12, 13]  S-ring sizes [1, 1, 2, 4, 4, 4]  2-WL cells [1, 1, 2, 2, 2, 4, 4]
  Z4^2       n= 16 |S|=  7 S=[6, 7, 9, 10, 11, 13, 14]  S-ring sizes [1, 1, 2, 4, 4, 4]  2-WL cells [1, 1, 2, 2, 2, 4, 4]
  Z4^2       n= 16 |S|=  8 S=[2, 6, 7, 9, 10, 11, 13, 14]  S-ring sizes [1, 1, 2, 4, 4, 4]  2-WL cells [1, 1, 2, 2, 2, 4, 4]
  Z4^2       n= 16 |S|=  8 S=[4, 5, 8, 9, 10, 11, 12, 15]  S-ring sizes [1, 1, 2, 4, 4, 4]  2-WL cells [1, 1, 2, 2, 2, 4, 4]
  Z4^2       n= 16 |S|=  9 S=[2, 4, 5, 8, 9, 10, 11, 12, 15]  S-ring sizes [1, 6, 9]  2-WL cells [1, 3, 6, 6]
  Z4^2       n= 16 |S|=  8 S=[5, 6, 8, 9, 10, 11, 14, 15]  S-ring sizes [1, 1, 2, 4, 4, 4]  2-WL cells [1, 1, 2, 2, 2, 4, 4]
  Z4^2       n= 16 |S|=  9 S=[2, 5, 6, 8, 9, 10, 11, 14, 15]  S-ring sizes [1, 6, 9]  2-WL cells [1, 3, 6, 6]
  Z4^2       n= 16 |S|=  8 S=[4, 7, 8, 9, 10, 11, 12, 13]  S-ring sizes [1, 1, 2, 4, 4, 4]  2-WL cells [1, 1, 2, 2, 2, 4, 4]
  Z4^2       n= 16 |S|=  9 S=[2, 4, 7, 8, 9, 10, 11, 12, 13]  S-ring sizes [1, 6, 9]  2-WL cells [1, 3, 6, 6]
  Z4^2       n= 16 |S|=  8 S=[6, 7, 8, 9, 10, 11, 13, 14]  S-ring sizes [1, 1, 2, 4, 4, 4]  2-WL cells [1, 1, 2, 2, 2, 4, 4]
  Z4^2       n= 16 |S|=  9 S=[2, 6, 7, 8, 9, 10, 11, 13, 14]  S-ring sizes [1, 6, 9]  2-WL cells [1, 3, 6, 6]
  -- Z4^2: 432 S-ring-nondiscrete of 511 sets
  -- Z8xZ2: 456 S-ring-nondiscrete of 511 sets
  -- Z4xZ2^2: 1792 S-ring-nondiscrete of 2047 sets
  -- D16: 2868 S-ring-nondiscrete of 4000 sets
  SD16       n= 16 |S|=  6 S=[1, 2, 6, 7, 8, 10]  S-ring sizes [1, 6, 9]  2-WL cells [1, 3, 6, 6]
  SD16       n= 16 |S|=  6 S=[2, 3, 5, 6, 8, 10]  S-ring sizes [1, 6, 9]  2-WL cells [1, 3, 6, 6]
  SD16       n= 16 |S|=  7 S=[1, 2, 4, 6, 7, 8, 10]  S-ring sizes [1, 1, 2, 4, 4, 4]  2-WL cells [1, 1, 2, 2, 2, 4, 4]
  SD16       n= 16 |S|=  7 S=[2, 3, 4, 5, 6, 8, 10]  S-ring sizes [1, 1, 2, 4, 4, 4]  2-WL cells [1, 1, 2, 2, 2, 4, 4]
  SD16       n= 16 |S|=  6 S=[1, 7, 8, 9, 10, 13]  S-ring sizes [1, 6, 9]  2-WL cells [1, 3, 6, 6]
  SD16       n= 16 |S|=  6 S=[3, 5, 8, 9, 10, 13]  S-ring sizes [1, 6, 9]  2-WL cells [1, 3, 6, 6]
  SD16       n= 16 |S|=  7 S=[1, 4, 7, 8, 9, 10, 13]  S-ring sizes [1, 1, 2, 4, 4, 4]  2-WL cells [1, 1, 2, 2, 2, 4, 4]
  SD16       n= 16 |S|=  7 S=[3, 4, 5, 8, 9, 10, 13]  S-ring sizes [1, 1, 2, 4, 4, 4]  2-WL cells [1, 1, 2, 2, 2, 4, 4]
  SD16       n= 16 |S|=  8 S=[1, 2, 6, 7, 8, 10, 11, 15]  S-ring sizes [1, 1, 2, 4, 4, 4]  2-WL cells [1, 1, 2, 2, 2, 4, 4]
  SD16       n= 16 |S|=  8 S=[2, 3, 5, 6, 8, 10, 11, 15]  S-ring sizes [1, 1, 2, 4, 4, 4]  2-WL cells [1, 1, 2, 2, 2, 4, 4]
  SD16       n= 16 |S|=  9 S=[1, 2, 4, 6, 7, 8, 10, 11, 15]  S-ring sizes [1, 6, 9]  2-WL cells [1, 3, 6, 6]
  SD16       n= 16 |S|=  9 S=[2, 3, 4, 5, 6, 8, 10, 11, 15]  S-ring sizes [1, 6, 9]  2-WL cells [1, 3, 6, 6]
  SD16       n= 16 |S|=  8 S=[1, 7, 8, 9, 10, 11, 13, 15]  S-ring sizes [1, 1, 2, 4, 4, 4]  2-WL cells [1, 1, 2, 2, 2, 4, 4]
  SD16       n= 16 |S|=  8 S=[3, 5, 8, 9, 10, 11, 13, 15]  S-ring sizes [1, 1, 2, 4, 4, 4]  2-WL cells [1, 1, 2, 2, 2, 4, 4]
  SD16       n= 16 |S|=  9 S=[1, 4, 7, 8, 9, 10, 11, 13, 15]  S-ring sizes [1, 6, 9]  2-WL cells [1, 3, 6, 6]
  SD16       n= 16 |S|=  9 S=[3, 4, 5, 8, 9, 10, 11, 13, 15]  S-ring sizes [1, 6, 9]  2-WL cells [1, 3, 6, 6]
  SD16       n= 16 |S|=  6 S=[1, 2, 6, 7, 10, 12]  S-ring sizes [1, 6, 9]  2-WL cells [1, 3, 6, 6]
  SD16       n= 16 |S|=  6 S=[2, 3, 5, 6, 10, 12]  S-ring sizes [1, 6, 9]  2-WL cells [1, 3, 6, 6]
  SD16       n= 16 |S|=  7 S=[1, 2, 4, 6, 7, 10, 12]  S-ring sizes [1, 1, 2, 4, 4, 4]  2-WL cells [1, 1, 2, 2, 2, 4, 4]
  SD16       n= 16 |S|=  7 S=[2, 3, 4, 5, 6, 10, 12]  S-ring sizes [1, 1, 2, 4, 4, 4]  2-WL cells [1, 1, 2, 2, 2, 4, 4]
  SD16       n= 16 |S|=  8 S=[1, 2, 6, 7, 9, 10, 12, 13]  S-ring sizes [1, 1, 2, 4, 4, 4]  2-WL cells [1, 1, 2, 2, 2, 4, 4]
  SD16       n= 16 |S|=  8 S=[2, 3, 5, 6, 9, 10, 12, 13]  S-ring sizes [1, 1, 2, 4, 4, 4]  2-WL cells [1, 1, 2, 2, 2, 4, 4]
  SD16       n= 16 |S|=  9 S=[1, 2, 4, 6, 7, 9, 10, 12, 13]  S-ring sizes [1, 6, 9]  2-WL cells [1, 3, 6, 6]
  SD16       n= 16 |S|=  9 S=[2, 3, 4, 5, 6, 9, 10, 12, 13]  S-ring sizes [1, 6, 9]  2-WL cells [1, 3, 6, 6]
  SD16       n= 16 |S|=  6 S=[1, 7, 10, 11, 12, 15]  S-ring sizes [1, 6, 9]  2-WL cells [1, 3, 6, 6]
  SD16       n= 16 |S|=  6 S=[3, 5, 10, 11, 12, 15]  S-ring sizes [1, 6, 9]  2-WL cells [1, 3, 6, 6]
  SD16       n= 16 |S|=  7 S=[1, 4, 7, 10, 11, 12, 15]  S-ring sizes [1, 1, 2, 4, 4, 4]  2-WL cells [1, 1, 2, 2, 2, 4, 4]
  SD16       n= 16 |S|=  7 S=[3, 4, 5, 10, 11, 12, 15]  S-ring sizes [1, 1, 2, 4, 4, 4]  2-WL cells [1, 1, 2, 2, 2, 4, 4]
  SD16       n= 16 |S|=  8 S=[1, 7, 9, 10, 11, 12, 13, 15]  S-ring sizes [1, 1, 2, 4, 4, 4]  2-WL cells [1, 1, 2, 2, 2, 4, 4]
  SD16       n= 16 |S|=  8 S=[3, 5, 9, 10, 11, 12, 13, 15]  S-ring sizes [1, 1, 2, 4, 4, 4]  2-WL cells [1, 1, 2, 2, 2, 4, 4]
  SD16       n= 16 |S|=  9 S=[1, 4, 7, 9, 10, 11, 12, 13, 15]  S-ring sizes [1, 6, 9]  2-WL cells [1, 3, 6, 6]
  SD16       n= 16 |S|=  9 S=[3, 4, 5, 9, 10, 11, 12, 13, 15]  S-ring sizes [1, 6, 9]  2-WL cells [1, 3, 6, 6]
  SD16       n= 16 |S|=  6 S=[1, 2, 6, 7, 8, 14]  S-ring sizes [1, 6, 9]  2-WL cells [1, 3, 6, 6]
  SD16       n= 16 |S|=  6 S=[2, 3, 5, 6, 8, 14]  S-ring sizes [1, 6, 9]  2-WL cells [1, 3, 6, 6]
  SD16       n= 16 |S|=  7 S=[1, 2, 4, 6, 7, 8, 14]  S-ring sizes [1, 1, 2, 4, 4, 4]  2-WL cells [1, 1, 2, 2, 2, 4, 4]
  SD16       n= 16 |S|=  7 S=[2, 3, 4, 5, 6, 8, 14]  S-ring sizes [1, 1, 2, 4, 4, 4]  2-WL cells [1, 1, 2, 2, 2, 4, 4]
  SD16       n= 16 |S|=  8 S=[1, 2, 6, 7, 8, 9, 13, 14]  S-ring sizes [1, 1, 2, 4, 4, 4]  2-WL cells [1, 1, 2, 2, 2, 4, 4]
  SD16       n= 16 |S|=  8 S=[2, 3, 5, 6, 8, 9, 13, 14]  S-ring sizes [1, 1, 2, 4, 4, 4]  2-WL cells [1, 1, 2, 2, 2, 4, 4]
  SD16       n= 16 |S|=  9 S=[1, 2, 4, 6, 7, 8, 9, 13, 14]  S-ring sizes [1, 6, 9]  2-WL cells [1, 3, 6, 6]
  SD16       n= 16 |S|=  9 S=[2, 3, 4, 5, 6, 8, 9, 13, 14]  S-ring sizes [1, 6, 9]  2-WL cells [1, 3, 6, 6]
  SD16       n= 16 |S|=  6 S=[1, 7, 8, 11, 14, 15]  S-ring sizes [1, 6, 9]  2-WL cells [1, 3, 6, 6]
  SD16       n= 16 |S|=  6 S=[3, 5, 8, 11, 14, 15]  S-ring sizes [1, 6, 9]  2-WL cells [1, 3, 6, 6]
  SD16       n= 16 |S|=  7 S=[1, 4, 7, 8, 11, 14, 15]  S-ring sizes [1, 1, 2, 4, 4, 4]  2-WL cells [1, 1, 2, 2, 2, 4, 4]
  SD16       n= 16 |S|=  7 S=[3, 4, 5, 8, 11, 14, 15]  S-ring sizes [1, 1, 2, 4, 4, 4]  2-WL cells [1, 1, 2, 2, 2, 4, 4]
  SD16       n= 16 |S|=  8 S=[1, 7, 8, 9, 11, 13, 14, 15]  S-ring sizes [1, 1, 2, 4, 4, 4]  2-WL cells [1, 1, 2, 2, 2, 4, 4]
  SD16       n= 16 |S|=  8 S=[3, 5, 8, 9, 11, 13, 14, 15]  S-ring sizes [1, 1, 2, 4, 4, 4]  2-WL cells [1, 1, 2, 2, 2, 4, 4]
  SD16       n= 16 |S|=  9 S=[1, 4, 7, 8, 9, 11, 13, 14, 15]  S-ring sizes [1, 6, 9]  2-WL cells [1, 3, 6, 6]
  SD16       n= 16 |S|=  9 S=[3, 4, 5, 8, 9, 11, 13, 14, 15]  S-ring sizes [1, 6, 9]  2-WL cells [1, 3, 6, 6]
  SD16       n= 16 |S|=  6 S=[1, 2, 6, 7, 12, 14]  S-ring sizes [1, 6, 9]  2-WL cells [1, 3, 6, 6]
  SD16       n= 16 |S|=  6 S=[2, 3, 5, 6, 12, 14]  S-ring sizes [1, 6, 9]  2-WL cells [1, 3, 6, 6]
  SD16       n= 16 |S|=  7 S=[1, 2, 4, 6, 7, 12, 14]  S-ring sizes [1, 1, 2, 4, 4, 4]  2-WL cells [1, 1, 2, 2, 2, 4, 4]
  SD16       n= 16 |S|=  7 S=[2, 3, 4, 5, 6, 12, 14]  S-ring sizes [1, 1, 2, 4, 4, 4]  2-WL cells [1, 1, 2, 2, 2, 4, 4]
  SD16       n= 16 |S|=  6 S=[1, 7, 9, 12, 13, 14]  S-ring sizes [1, 6, 9]  2-WL cells [1, 3, 6, 6]
  SD16       n= 16 |S|=  6 S=[3, 5, 9, 12, 13, 14]  S-ring sizes [1, 6, 9]  2-WL cells [1, 3, 6, 6]
  SD16       n= 16 |S|=  7 S=[1, 4, 7, 9, 12, 13, 14]  S-ring sizes [1, 1, 2, 4, 4, 4]  2-WL cells [1, 1, 2, 2, 2, 4, 4]
  SD16       n= 16 |S|=  7 S=[3, 4, 5, 9, 12, 13, 14]  S-ring sizes [1, 1, 2, 4, 4, 4]  2-WL cells [1, 1, 2, 2, 2, 4, 4]
  SD16       n= 16 |S|=  8 S=[1, 2, 6, 7, 11, 12, 14, 15]  S-ring sizes [1, 1, 2, 4, 4, 4]  2-WL cells [1, 1, 2, 2, 2, 4, 4]
  SD16       n= 16 |S|=  8 S=[2, 3, 5, 6, 11, 12, 14, 15]  S-ring sizes [1, 1, 2, 4, 4, 4]  2-WL cells [1, 1, 2, 2, 2, 4, 4]
  SD16       n= 16 |S|=  9 S=[1, 2, 4, 6, 7, 11, 12, 14, 15]  S-ring sizes [1, 6, 9]  2-WL cells [1, 3, 6, 6]
  SD16       n= 16 |S|=  9 S=[2, 3, 4, 5, 6, 11, 12, 14, 15]  S-ring sizes [1, 6, 9]  2-WL cells [1, 3, 6, 6]
  SD16       n= 16 |S|=  8 S=[1, 7, 9, 11, 12, 13, 14, 15]  S-ring sizes [1, 1, 2, 4, 4, 4]  2-WL cells [1, 1, 2, 2, 2, 4, 4]
  SD16       n= 16 |S|=  8 S=[3, 5, 9, 11, 12, 13, 14, 15]  S-ring sizes [1, 1, 2, 4, 4, 4]  2-WL cells [1, 1, 2, 2, 2, 4, 4]
  SD16       n= 16 |S|=  9 S=[1, 4, 7, 9, 11, 12, 13, 14, 15]  S-ring sizes [1, 6, 9]  2-WL cells [1, 3, 6, 6]
  SD16       n= 16 |S|=  9 S=[3, 4, 5, 9, 11, 12, 13, 14, 15]  S-ring sizes [1, 6, 9]  2-WL cells [1, 3, 6, 6]
  -- SD16: 808 S-ring-nondiscrete of 1023 sets
  M16        n= 16 |S|=  6 S=[1, 2, 6, 7, 9, 11]  S-ring sizes [1, 6, 9]  2-WL cells [1, 3, 6, 6]
  M16        n= 16 |S|=  6 S=[2, 3, 5, 6, 9, 11]  S-ring sizes [1, 6, 9]  2-WL cells [1, 3, 6, 6]
  M16        n= 16 |S|=  7 S=[1, 2, 4, 6, 7, 9, 11]  S-ring sizes [1, 1, 2, 4, 4, 4]  2-WL cells [1, 1, 2, 2, 2, 4, 4]
  M16        n= 16 |S|=  7 S=[2, 3, 4, 5, 6, 9, 11]  S-ring sizes [1, 1, 2, 4, 4, 4]  2-WL cells [1, 1, 2, 2, 2, 4, 4]
  M16        n= 16 |S|=  6 S=[1, 7, 9, 10, 11, 14]  S-ring sizes [1, 6, 9]  2-WL cells [1, 3, 6, 6]
  M16        n= 16 |S|=  6 S=[3, 5, 9, 10, 11, 14]  S-ring sizes [1, 6, 9]  2-WL cells [1, 3, 6, 6]
  M16        n= 16 |S|=  7 S=[1, 4, 7, 9, 10, 11, 14]  S-ring sizes [1, 1, 2, 4, 4, 4]  2-WL cells [1, 1, 2, 2, 2, 4, 4]
  M16        n= 16 |S|=  7 S=[3, 4, 5, 9, 10, 11, 14]  S-ring sizes [1, 1, 2, 4, 4, 4]  2-WL cells [1, 1, 2, 2, 2, 4, 4]
  M16        n= 16 |S|=  8 S=[1, 2, 6, 7, 8, 9, 11, 12]  S-ring sizes [1, 1, 2, 4, 4, 4]  2-WL cells [1, 1, 2, 2, 2, 4, 4]
  M16        n= 16 |S|=  8 S=[2, 3, 5, 6, 8, 9, 11, 12]  S-ring sizes [1, 1, 2, 4, 4, 4]  2-WL cells [1, 1, 2, 2, 2, 4, 4]
  M16        n= 16 |S|=  9 S=[1, 2, 4, 6, 7, 8, 9, 11, 12]  S-ring sizes [1, 6, 9]  2-WL cells [1, 3, 6, 6]
  M16        n= 16 |S|=  9 S=[2, 3, 4, 5, 6, 8, 9, 11, 12]  S-ring sizes [1, 6, 9]  2-WL cells [1, 3, 6, 6]
  M16        n= 16 |S|=  8 S=[1, 7, 8, 9, 10, 11, 12, 14]  S-ring sizes [1, 1, 2, 4, 4, 4]  2-WL cells [1, 1, 2, 2, 2, 4, 4]
  M16        n= 16 |S|=  8 S=[3, 5, 8, 9, 10, 11, 12, 14]  S-ring sizes [1, 1, 2, 4, 4, 4]  2-WL cells [1, 1, 2, 2, 2, 4, 4]
  M16        n= 16 |S|=  9 S=[1, 4, 7, 8, 9, 10, 11, 12, 14]  S-ring sizes [1, 6, 9]  2-WL cells [1, 3, 6, 6]
  M16        n= 16 |S|=  9 S=[3, 4, 5, 8, 9, 10, 11, 12, 14]  S-ring sizes [1, 6, 9]  2-WL cells [1, 3, 6, 6]
  M16        n= 16 |S|=  6 S=[1, 2, 6, 7, 13, 15]  S-ring sizes [1, 6, 9]  2-WL cells [1, 3, 6, 6]
  M16        n= 16 |S|=  6 S=[2, 3, 5, 6, 13, 15]  S-ring sizes [1, 6, 9]  2-WL cells [1, 3, 6, 6]
  M16        n= 16 |S|=  7 S=[1, 2, 4, 6, 7, 13, 15]  S-ring sizes [1, 1, 2, 4, 4, 4]  2-WL cells [1, 1, 2, 2, 2, 4, 4]
  M16        n= 16 |S|=  7 S=[2, 3, 4, 5, 6, 13, 15]  S-ring sizes [1, 1, 2, 4, 4, 4]  2-WL cells [1, 1, 2, 2, 2, 4, 4]
  M16        n= 16 |S|=  6 S=[1, 7, 10, 13, 14, 15]  S-ring sizes [1, 6, 9]  2-WL cells [1, 3, 6, 6]
  M16        n= 16 |S|=  6 S=[3, 5, 10, 13, 14, 15]  S-ring sizes [1, 6, 9]  2-WL cells [1, 3, 6, 6]
  M16        n= 16 |S|=  7 S=[1, 4, 7, 10, 13, 14, 15]  S-ring sizes [1, 1, 2, 4, 4, 4]  2-WL cells [1, 1, 2, 2, 2, 4, 4]
  M16        n= 16 |S|=  7 S=[3, 4, 5, 10, 13, 14, 15]  S-ring sizes [1, 1, 2, 4, 4, 4]  2-WL cells [1, 1, 2, 2, 2, 4, 4]
  M16        n= 16 |S|=  8 S=[1, 2, 6, 7, 8, 12, 13, 15]  S-ring sizes [1, 1, 2, 4, 4, 4]  2-WL cells [1, 1, 2, 2, 2, 4, 4]
  M16        n= 16 |S|=  8 S=[2, 3, 5, 6, 8, 12, 13, 15]  S-ring sizes [1, 1, 2, 4, 4, 4]  2-WL cells [1, 1, 2, 2, 2, 4, 4]
  M16        n= 16 |S|=  9 S=[1, 2, 4, 6, 7, 8, 12, 13, 15]  S-ring sizes [1, 6, 9]  2-WL cells [1, 3, 6, 6]
  M16        n= 16 |S|=  9 S=[2, 3, 4, 5, 6, 8, 12, 13, 15]  S-ring sizes [1, 6, 9]  2-WL cells [1, 3, 6, 6]
  M16        n= 16 |S|=  8 S=[1, 7, 8, 10, 12, 13, 14, 15]  S-ring sizes [1, 1, 2, 4, 4, 4]  2-WL cells [1, 1, 2, 2, 2, 4, 4]
  M16        n= 16 |S|=  8 S=[3, 5, 8, 10, 12, 13, 14, 15]  S-ring sizes [1, 1, 2, 4, 4, 4]  2-WL cells [1, 1, 2, 2, 2, 4, 4]
  M16        n= 16 |S|=  9 S=[1, 4, 7, 8, 10, 12, 13, 14, 15]  S-ring sizes [1, 6, 9]  2-WL cells [1, 3, 6, 6]
  M16        n= 16 |S|=  9 S=[3, 4, 5, 8, 10, 12, 13, 14, 15]  S-ring sizes [1, 6, 9]  2-WL cells [1, 3, 6, 6]
  -- M16: 456 S-ring-nondiscrete of 511 sets
  -- Q16: 216 S-ring-nondiscrete of 255 sets
  D8xZ2      n= 16 |S|=  8 S=[2, 4, 5, 6, 8, 10, 11, 13]  S-ring sizes [1, 1, 2, 4, 4, 4]  2-WL cells [1, 1, 2, 2, 2, 4, 4]
  D8xZ2      n= 16 |S|=  7 S=[2, 5, 6, 9, 10, 11, 12]  S-ring sizes [1, 1, 2, 4, 4, 4]  2-WL cells [1, 1, 2, 2, 2, 4, 4]
  D8xZ2      n= 16 |S|=  6 S=[2, 6, 8, 10, 11, 13]  S-ring sizes [1, 6, 9]  2-WL cells [1, 3, 6, 6]
  D8xZ2      n= 16 |S|=  8 S=[1, 2, 5, 6, 8, 10, 11, 13]  S-ring sizes [1, 1, 2, 4, 4, 4]  2-WL cells [1, 1, 2, 2, 2, 4, 4]
  D8xZ2      n= 16 |S|=  8 S=[2, 4, 5, 6, 9, 12, 14, 15]  S-ring sizes [1, 1, 2, 4, 4, 4]  2-WL cells [1, 1, 2, 2, 2, 4, 4]
  D8xZ2      n= 16 |S|=  7 S=[3, 4, 7, 8, 13, 14, 15]  S-ring sizes [1, 1, 2, 4, 4, 4]  2-WL cells [1, 1, 2, 2, 2, 4, 4]
  D8xZ2      n= 16 |S|=  7 S=[1, 2, 6, 8, 9, 10, 15]  S-ring sizes [1, 1, 2, 4, 4, 4]  2-WL cells [1, 1, 2, 2, 2, 4, 4]
  D8xZ2      n= 16 |S|=  8 S=[1, 3, 4, 7, 11, 12, 13, 14]  S-ring sizes [1, 1, 2, 4, 4, 4]  2-WL cells [1, 1, 2, 2, 2, 4, 4]
  D8xZ2      n= 16 |S|=  8 S=[1, 3, 4, 7, 9, 10, 11, 12]  S-ring sizes [1, 1, 2, 4, 4, 4]  2-WL cells [1, 1, 2, 2, 2, 4, 4]
  D8xZ2      n= 16 |S|=  7 S=[1, 2, 6, 11, 12, 13, 14]  S-ring sizes [1, 1, 2, 4, 4, 4]  2-WL cells [1, 1, 2, 2, 2, 4, 4]
  D8xZ2      n= 16 |S|=  6 S=[3, 7, 10, 12, 13, 15]  S-ring sizes [1, 6, 9]  2-WL cells [1, 3, 6, 6]
  D8xZ2      n= 16 |S|=  8 S=[1, 3, 5, 7, 8, 9, 11, 14]  S-ring sizes [1, 1, 2, 4, 4, 4]  2-WL cells [1, 1, 2, 2, 2, 4, 4]
  D8xZ2      n= 16 |S|=  7 S=[2, 5, 6, 8, 13, 14, 15]  S-ring sizes [1, 1, 2, 4, 4, 4]  2-WL cells [1, 1, 2, 2, 2, 4, 4]
  D8xZ2      n= 16 |S|=  6 S=[3, 7, 8, 9, 10, 15]  S-ring sizes [1, 6, 9]  2-WL cells [1, 3, 6, 6]
  D8xZ2      n= 16 |S|=  9 S=[1, 3, 4, 5, 7, 9, 12, 14, 15]  S-ring sizes [1, 6, 9]  2-WL cells [1, 3, 6, 6]
  D8xZ2      n= 16 |S|=  8 S=[1, 3, 4, 7, 8, 9, 11, 14]  S-ring sizes [1, 1, 2, 4, 4, 4]  2-WL cells [1, 1, 2, 2, 2, 4, 4]
  D8xZ2      n= 16 |S|=  7 S=[1, 3, 7, 8, 10, 11, 13]  S-ring sizes [1, 1, 2, 4, 4, 4]  2-WL cells [1, 1, 2, 2, 2, 4, 4]
  D8xZ2      n= 16 |S|=  8 S=[1, 3, 5, 7, 9, 10, 11, 12]  S-ring sizes [1, 1, 2, 4, 4, 4]  2-WL cells [1, 1, 2, 2, 2, 4, 4]
  D8xZ2      n= 16 |S|=  7 S=[1, 3, 7, 10, 12, 13, 15]  S-ring sizes [1, 1, 2, 4, 4, 4]  2-WL cells [1, 1, 2, 2, 2, 4, 4]
  D8xZ2      n= 16 |S|=  8 S=[1, 2, 4, 6, 9, 10, 11, 12]  S-ring sizes [1, 1, 2, 4, 4, 4]  2-WL cells [1, 1, 2, 2, 2, 4, 4]
  D8xZ2      n= 16 |S|=  8 S=[1, 3, 5, 7, 9, 12, 14, 15]  S-ring sizes [1, 1, 2, 4, 4, 4]  2-WL cells [1, 1, 2, 2, 2, 4, 4]
  D8xZ2      n= 16 |S|=  8 S=[2, 4, 5, 6, 9, 10, 11, 12]  S-ring sizes [1, 1, 2, 4, 4, 4]  2-WL cells [1, 1, 2, 2, 2, 4, 4]
  D8xZ2      n= 16 |S|=  9 S=[1, 2, 4, 5, 6, 10, 12, 13, 15]  S-ring sizes [1, 6, 9]  2-WL cells [1, 3, 6, 6]
  D8xZ2      n= 16 |S|=  8 S=[1, 3, 5, 7, 10, 12, 13, 15]  S-ring sizes [1, 1, 2, 4, 4, 4]  2-WL cells [1, 1, 2, 2, 2, 4, 4]
  D8xZ2      n= 16 |S|=  6 S=[2, 6, 9, 12, 14, 15]  S-ring sizes [1, 6, 9]  2-WL cells [1, 3, 6, 6]
  D8xZ2      n= 16 |S|=  8 S=[3, 4, 5, 7, 8, 10, 11, 13]  S-ring sizes [1, 1, 2, 4, 4, 4]  2-WL cells [1, 1, 2, 2, 2, 4, 4]
  D8xZ2      n= 16 |S|=  7 S=[2, 4, 6, 8, 13, 14, 15]  S-ring sizes [1, 1, 2, 4, 4, 4]  2-WL cells [1, 1, 2, 2, 2, 4, 4]
  D8xZ2      n= 16 |S|=  8 S=[1, 2, 4, 6, 8, 9, 11, 14]  S-ring sizes [1, 1, 2, 4, 4, 4]  2-WL cells [1, 1, 2, 2, 2, 4, 4]
  D8xZ2      n= 16 |S|=  8 S=[1, 2, 5, 6, 9, 12, 14, 15]  S-ring sizes [1, 1, 2, 4, 4, 4]  2-WL cells [1, 1, 2, 2, 2, 4, 4]
  D8xZ2      n= 16 |S|=  9 S=[1, 3, 4, 5, 7, 8, 9, 11, 14]  S-ring sizes [1, 6, 9]  2-WL cells [1, 3, 6, 6]
  D8xZ2      n= 16 |S|=  8 S=[2, 4, 5, 6, 8, 9, 11, 14]  S-ring sizes [1, 1, 2, 4, 4, 4]  2-WL cells [1, 1, 2, 2, 2, 4, 4]
  D8xZ2      n= 16 |S|=  8 S=[1, 2, 5, 6, 8, 13, 14, 15]  S-ring sizes [1, 1, 2, 4, 4, 4]  2-WL cells [1, 1, 2, 2, 2, 4, 4]
  D8xZ2      n= 16 |S|=  7 S=[3, 4, 7, 10, 12, 13, 15]  S-ring sizes [1, 1, 2, 4, 4, 4]  2-WL cells [1, 1, 2, 2, 2, 4, 4]
  D8xZ2      n= 16 |S|=  7 S=[1, 2, 6, 10, 12, 13, 15]  S-ring sizes [1, 1, 2, 4, 4, 4]  2-WL cells [1, 1, 2, 2, 2, 4, 4]
  D8xZ2      n= 16 |S|=  7 S=[1, 3, 7, 8, 9, 10, 15]  S-ring sizes [1, 1, 2, 4, 4, 4]  2-WL cells [1, 1, 2, 2, 2, 4, 4]
  D8xZ2      n= 16 |S|=  7 S=[1, 3, 7, 8, 13, 14, 15]  S-ring sizes [1, 1, 2, 4, 4, 4]  2-WL cells [1, 1, 2, 2, 2, 4, 4]
  D8xZ2      n= 16 |S|=  7 S=[1, 3, 7, 11, 12, 13, 14]  S-ring sizes [1, 1, 2, 4, 4, 4]  2-WL cells [1, 1, 2, 2, 2, 4, 4]
  D8xZ2      n= 16 |S|=  8 S=[1, 3, 5, 7, 8, 9, 10, 15]  S-ring sizes [1, 1, 2, 4, 4, 4]  2-WL cells [1, 1, 2, 2, 2, 4, 4]
  D8xZ2      n= 16 |S|=  8 S=[1, 3, 5, 7, 8, 13, 14, 15]  S-ring sizes [1, 1, 2, 4, 4, 4]  2-WL cells [1, 1, 2, 2, 2, 4, 4]
  D8xZ2      n= 16 |S|=  8 S=[3, 4, 5, 7, 9, 12, 14, 15]  S-ring sizes [1, 1, 2, 4, 4, 4]  2-WL cells [1, 1, 2, 2, 2, 4, 4]
  D8xZ2      n= 16 |S|=  8 S=[1, 3, 4, 7, 10, 12, 13, 15]  S-ring sizes [1, 1, 2, 4, 4, 4]  2-WL cells [1, 1, 2, 2, 2, 4, 4]
  D8xZ2      n= 16 |S|=  7 S=[2, 4, 6, 9, 10, 11, 12]  S-ring sizes [1, 1, 2, 4, 4, 4]  2-WL cells [1, 1, 2, 2, 2, 4, 4]
  D8xZ2      n= 16 |S|=  7 S=[3, 4, 7, 11, 12, 13, 14]  S-ring sizes [1, 1, 2, 4, 4, 4]  2-WL cells [1, 1, 2, 2, 2, 4, 4]
  D8xZ2      n= 16 |S|=  8 S=[1, 2, 4, 6, 8, 13, 14, 15]  S-ring sizes [1, 1, 2, 4, 4, 4]  2-WL cells [1, 1, 2, 2, 2, 4, 4]
  D8xZ2      n= 16 |S|=  7 S=[1, 2, 6, 8, 10, 11, 13]  S-ring sizes [1, 1, 2, 4, 4, 4]  2-WL cells [1, 1, 2, 2, 2, 4, 4]
  D8xZ2      n= 16 |S|=  8 S=[2, 4, 5, 6, 8, 9, 10, 15]  S-ring sizes [1, 1, 2, 4, 4, 4]  2-WL cells [1, 1, 2, 2, 2, 4, 4]
  D8xZ2      n= 16 |S|=  8 S=[3, 4, 5, 7, 9, 10, 11, 12]  S-ring sizes [1, 1, 2, 4, 4, 4]  2-WL cells [1, 1, 2, 2, 2, 4, 4]
  D8xZ2      n= 16 |S|=  8 S=[2, 4, 5, 6, 10, 12, 13, 15]  S-ring sizes [1, 1, 2, 4, 4, 4]  2-WL cells [1, 1, 2, 2, 2, 4, 4]
  D8xZ2      n= 16 |S|=  9 S=[1, 2, 4, 5, 6, 8, 13, 14, 15]  S-ring sizes [1, 6, 9]  2-WL cells [1, 3, 6, 6]
  D8xZ2      n= 16 |S|=  7 S=[1, 3, 7, 8, 9, 11, 14]  S-ring sizes [1, 1, 2, 4, 4, 4]  2-WL cells [1, 1, 2, 2, 2, 4, 4]
  D8xZ2      n= 16 |S|=  7 S=[1, 3, 7, 9, 12, 14, 15]  S-ring sizes [1, 1, 2, 4, 4, 4]  2-WL cells [1, 1, 2, 2, 2, 4, 4]
  D8xZ2      n= 16 |S|=  8 S=[1, 3, 5, 7, 11, 12, 13, 14]  S-ring sizes [1, 1, 2, 4, 4, 4]  2-WL cells [1, 1, 2, 2, 2, 4, 4]
  -- D8xZ2: 3012 S-ring-nondiscrete of 4000 sets
  -- Q8xZ2: 400 S-ring-nondiscrete of 511 sets
  -- Z18: 490 S-ring-nondiscrete of 511 sets
  -- Z3xZ6: 475 S-ring-nondiscrete of 511 sets
  -- Z20: 990 S-ring-nondiscrete of 1023 sets
  -- Z2^2xZ5: 1956 S-ring-nondiscrete of 2047 sets
  -- Z24: 3927 S-ring-nondiscrete of 4000 sets
  -- Z2^3xZ3: 3866 S-ring-nondiscrete of 4000 sets
  -- Z4xZ6: 3858 S-ring-nondiscrete of 4000 sets
  -- SL(2,3): 3806 S-ring-nondiscrete of 4000 sets
  -- Z27: 3993 S-ring-nondiscrete of 4000 sets
  -- Z3^3: 3904 S-ring-nondiscrete of 4000 sets
  -- Z9xZ3: 3966 S-ring-nondiscrete of 4000 sets
  -- Z2^5: 3625 S-ring-nondiscrete of 4000 sets
  Z4^2xZ2    n= 32 |S|= 12 S=[5, 8, 11, 12, 13, 18, 21, 22, 24, 28, 29, 31]  S-ring sizes [1, 1, 2, 2, 2, 4, 4, 4, 4, 8]  2-WL cells [1, 1, 2, 2, 2, 2, 2, 2, 2, 4, 4, 8]
  Z4^2xZ2    n= 32 |S|= 21 S=[2, 3, 6, 7, 8, 9, 11, 13, 14, 15, 16, 17, 19, 20, 23, 24, 25, 26, 27, 29, 31]  S-ring sizes [1, 1, 3, 3, 6, 6, 6, 6]  2-WL cells [1, 1, 1, 1, 2, 2, 2, 2, 2, 2, 4, 4, 4, 4]
  Z4^2xZ2    n= 32 |S|= 17 S=[1, 2, 3, 5, 6, 7, 8, 10, 12, 13, 15, 20, 24, 27, 28, 29, 30]  S-ring sizes [1, 1, 2, 4, 4, 4, 8, 8]  2-WL cells [1, 1, 1, 1, 2, 2, 2, 2, 4, 8, 8]
  Z4^2xZ2    n= 32 |S|= 10 S=[2, 4, 6, 10, 13, 19, 21, 23, 29, 30]  S-ring sizes [1, 1, 1, 1, 2, 2, 4, 4, 4, 4, 4, 4]  2-WL cells [1, 1, 1, 1, 2, 2, 2, 2, 2, 2, 4, 4, 4, 4]
  Z4^2xZ2    n= 32 |S|= 20 S=[1, 2, 3, 5, 6, 7, 9, 10, 12, 13, 15, 17, 18, 20, 22, 25, 27, 28, 29, 30]  S-ring sizes [1, 1, 1, 1, 2, 2, 4, 4, 4, 4, 4, 4]  2-WL cells [1, 1, 1, 1, 2, 2, 2, 2, 2, 2, 4, 4, 4, 4]
  Z4^2xZ2    n= 32 |S|= 22 S=[1, 2, 4, 5, 6, 8, 10, 11, 12, 13, 16, 17, 18, 19, 21, 22, 23, 24, 28, 29, 30, 31]  S-ring sizes [1, 3, 4, 6, 6, 12]  2-WL cells [1, 1, 2, 2, 2, 2, 2, 2, 2, 4, 4, 8]
  Z4^2xZ2    n= 32 |S|= 22 S=[1, 2, 4, 6, 8, 9, 10, 13, 14, 15, 17, 18, 19, 21, 22, 23, 24, 25, 26, 27, 29, 30]  S-ring sizes [1, 1, 1, 1, 2, 2, 4, 4, 4, 4, 4, 4]  2-WL cells [1, 1, 1, 1, 2, 2, 2, 2, 2, 2, 4, 4, 4, 4]
  Z4^2xZ2    n= 32 |S|= 13 S=[5, 8, 12, 13, 14, 16, 18, 21, 22, 24, 26, 28, 29]  S-ring sizes [1, 3, 4, 6, 6, 12]  2-WL cells [1, 1, 2, 2, 2, 4, 4, 4, 4, 8]
  Z4^2xZ2    n= 32 |S|=  9 S=[5, 11, 13, 18, 19, 22, 23, 29, 31]  S-ring sizes [1, 1, 1, 1, 2, 2, 4, 4, 4, 4, 4, 4]  2-WL cells [1, 1, 1, 1, 2, 2, 2, 2, 2, 2, 4, 4, 4, 4]
  Z4^2xZ2    n= 32 |S|= 20 S=[4, 8, 9, 11, 13, 14, 15, 16, 18, 19, 20, 21, 22, 23, 24, 25, 26, 27, 29, 31]  S-ring sizes [1, 1, 1, 1, 2, 2, 4, 4, 4, 4, 4, 4]  2-WL cells [1, 1, 1, 1, 2, 2, 2, 2, 2, 2, 4, 4, 4, 4]
  Z4^2xZ2    n= 32 |S|= 14 S=[3, 5, 7, 10, 12, 13, 18, 19, 21, 22, 23, 28, 29, 30]  S-ring sizes [1, 1, 2, 4, 4, 4, 8, 8]  2-WL cells [1, 1, 2, 2, 2, 4, 4, 4, 4, 4, 4]
  Z4^2xZ2    n= 32 |S|=  9 S=[3, 5, 7, 11, 12, 13, 28, 29, 31]  S-ring sizes [1, 1, 3, 3, 6, 6, 6, 6]  2-WL cells [1, 1, 1, 1, 2, 2, 2, 2, 2, 2, 4, 4, 4, 4]
  Z4^2xZ2    n= 32 |S|= 20 S=[1, 2, 4, 6, 8, 10, 11, 12, 13, 14, 17, 19, 21, 23, 24, 26, 28, 29, 30, 31]  S-ring sizes [1, 1, 1, 1, 2, 2, 4, 4, 4, 4, 4, 4]  2-WL cells [1, 1, 1, 1, 2, 2, 2, 2, 2, 2, 4, 4, 4, 4]
  Z4^2xZ2    n= 32 |S|= 18 S=[1, 2, 3, 6, 7, 9, 10, 11, 12, 14, 17, 18, 22, 25, 26, 28, 30, 31]  S-ring sizes [1, 3, 4, 6, 6, 12]  2-WL cells [1, 1, 2, 2, 2, 4, 4, 4, 4, 8]
  Z4^2xZ2    n= 32 |S|= 15 S=[1, 4, 10, 11, 12, 15, 16, 17, 19, 21, 23, 27, 28, 30, 31]  S-ring sizes [1, 1, 1, 1, 2, 2, 4, 4, 4, 4, 4, 4]  2-WL cells [1, 1, 1, 1, 2, 2, 2, 2, 2, 2, 4, 4, 4, 4]
  Z4^2xZ2    n= 32 |S|=  9 S=[3, 5, 7, 9, 15, 16, 21, 25, 27]  S-ring sizes [1, 1, 2, 4, 4, 4, 4, 4, 8]  2-WL cells [1, 1, 2, 2, 2, 4, 4, 4, 4, 8]
  Z4^2xZ2    n= 32 |S|= 14 S=[1, 2, 4, 6, 9, 12, 14, 16, 17, 20, 21, 25, 26, 28]  S-ring sizes [1, 1, 1, 1, 2, 2, 4, 4, 4, 4, 4, 4]  2-WL cells [1, 1, 1, 1, 2, 2, 2, 2, 2, 2, 4, 4, 4, 4]
  Z4^2xZ2    n= 32 |S|= 15 S=[1, 2, 4, 6, 8, 14, 15, 16, 17, 19, 20, 23, 24, 26, 27]  S-ring sizes [1, 1, 3, 3, 12, 12]  2-WL cells [1, 1, 1, 1, 2, 2, 4, 4, 8, 8]
  Z4^2xZ2    n= 32 |S|=  8 S=[4, 8, 15, 17, 19, 23, 24, 27]  S-ring sizes [1, 1, 1, 1, 2, 2, 4, 4, 4, 4, 4, 4]  2-WL cells [1, 1, 1, 1, 2, 2, 2, 2, 2, 2, 4, 4, 4, 4]
  Z4^2xZ2    n= 32 |S|= 15 S=[4, 5, 9, 14, 15, 16, 18, 19, 20, 21, 22, 23, 25, 26, 27]  S-ring sizes [1, 1, 3, 3, 12, 12]  2-WL cells [1, 1, 1, 1, 2, 2, 4, 4, 8, 8]
  Z4^2xZ2    n= 32 |S|=  8 S=[2, 6, 11, 13, 16, 17, 29, 31]  S-ring sizes [1, 1, 1, 1, 2, 2, 4, 4, 4, 4, 4, 4]  2-WL cells [1, 1, 1, 1, 2, 2, 2, 2, 2, 2, 4, 4, 4, 4]
  Z4^2xZ2    n= 32 |S|= 17 S=[3, 7, 8, 9, 10, 11, 13, 14, 16, 20, 21, 24, 25, 26, 29, 30, 31]  S-ring sizes [1, 1, 1, 1, 2, 2, 4, 4, 4, 4, 4, 4]  2-WL cells [1, 1, 1, 1, 2, 2, 2, 2, 2, 2, 4, 4, 4, 4]
  Z4^2xZ2    n= 32 |S|= 23 S=[2, 3, 4, 5, 6, 7, 8, 9, 10, 11, 13, 14, 16, 17, 19, 21, 23, 24, 25, 26, 29, 30, 31]  S-ring sizes [1, 1, 1, 1, 2, 2, 4, 4, 4, 4, 4, 4]  2-WL cells [1, 1, 1, 1, 2, 2, 2, 2, 2, 2, 4, 4, 4, 4]
  Z4^2xZ2    n= 32 |S|= 14 S=[4, 5, 9, 10, 14, 15, 16, 17, 18, 22, 25, 26, 27, 30]  S-ring sizes [1, 1, 2, 2, 2, 4, 4, 4, 4, 8]  2-WL cells [1, 1, 2, 2, 2, 2, 2, 2, 2, 4, 4, 8]
  Z4^2xZ2    n= 32 |S|= 20 S=[1, 4, 9, 10, 12, 13, 14, 15, 18, 19, 20, 21, 22, 23, 25, 26, 27, 28, 29, 30]  S-ring sizes [1, 1, 5, 5, 5, 5, 5, 5]  2-WL cells [1, 1, 1, 1, 1, 1, 1, 1, 2, 2, 2, 2, 2, 2, 2, 2, 2, 2, 2, 2]
  Z4^2xZ2    n= 32 |S|= 19 S=[1, 2, 3, 4, 5, 6, 7, 8, 9, 13, 15, 16, 17, 18, 22, 24, 25, 27, 29]  S-ring sizes [1, 1, 3, 3, 6, 6, 6, 6]  2-WL cells [1, 1, 1, 1, 2, 2, 2, 2, 2, 2, 4, 4, 4, 4]
  Z4^2xZ2    n= 32 |S|= 19 S=[1, 2, 4, 6, 10, 11, 13, 15, 16, 17, 18, 19, 20, 22, 23, 27, 29, 30, 31]  S-ring sizes [1, 1, 2, 2, 2, 4, 4, 4, 4, 8]  2-WL cells [1, 1, 2, 2, 2, 2, 2, 2, 2, 4, 4, 8]
  Z4^2xZ2    n= 32 |S|= 10 S=[2, 3, 6, 7, 13, 14, 17, 21, 26, 29]  S-ring sizes [1, 3, 4, 6, 6, 12]  2-WL cells [1, 1, 2, 2, 2, 4, 4, 4, 4, 8]
  Z4^2xZ2    n= 32 |S|=  9 S=[3, 4, 7, 8, 14, 16, 21, 24, 26]  S-ring sizes [1, 1, 3, 3, 6, 6, 6, 6]  2-WL cells [1, 1, 1, 1, 2, 2, 2, 2, 2, 2, 4, 4, 4, 4]
  Z4^2xZ2    n= 32 |S|= 10 S=[2, 3, 6, 7, 10, 12, 13, 28, 29, 30]  S-ring sizes [1, 1, 1, 1, 2, 2, 8, 8, 8]  2-WL cells [1, 1, 1, 1, 2, 2, 4, 4, 8, 8]
  Z4^2xZ2    n= 32 |S|= 13 S=[5, 8, 9, 10, 12, 17, 19, 21, 23, 24, 25, 28, 30]  S-ring sizes [1, 1, 1, 1, 2, 2, 4, 4, 4, 4, 4, 4]  2-WL cells [1, 1, 1, 1, 2, 2, 2, 2, 2, 2, 4, 4, 4, 4]
  Z4^2xZ2    n= 32 |S|= 16 S=[1, 5, 8, 9, 14, 15, 16, 17, 19, 20, 21, 23, 24, 25, 26, 27]  S-ring sizes [1, 1, 3, 3, 12, 12]  2-WL cells [1, 1, 1, 1, 2, 2, 4, 4, 8, 8]
  Z4^2xZ2    n= 32 |S|= 14 S=[3, 4, 5, 7, 8, 9, 10, 12, 20, 21, 24, 25, 28, 30]  S-ring sizes [1, 1, 2, 2, 2, 4, 4, 4, 4, 8]  2-WL cells [1, 1, 2, 2, 2, 2, 2, 2, 2, 4, 4, 8]
  Z4^2xZ2    n= 32 |S|= 23 S=[1, 2, 4, 5, 6, 9, 10, 11, 12, 13, 14, 16, 18, 19, 20, 22, 23, 25, 26, 28, 29, 30, 31]  S-ring sizes [1, 1, 2, 2, 2, 4, 4, 4, 4, 8]  2-WL cells [1, 1, 2, 2, 2, 2, 2, 2, 2, 4, 4, 8]
  Z4^2xZ2    n= 32 |S|= 19 S=[1, 3, 4, 5, 7, 11, 12, 13, 14, 16, 18, 19, 20, 22, 23, 26, 28, 29, 31]  S-ring sizes [1, 1, 1, 1, 2, 2, 8, 8, 8]  2-WL cells [1, 1, 1, 1, 2, 2, 4, 4, 8, 8]
  Z4^2xZ2    n= 32 |S|= 19 S=[1, 4, 5, 8, 9, 11, 13, 14, 15, 18, 19, 22, 23, 24, 25, 26, 27, 29, 31]  S-ring sizes [1, 1, 2, 4, 4, 4, 4, 4, 8]  2-WL cells [1, 1, 2, 2, 2, 4, 4, 4, 4, 8]
  Z4^2xZ2    n= 32 |S|= 12 S=[2, 3, 4, 5, 6, 7, 8, 10, 19, 23, 24, 30]  S-ring sizes [1, 1, 3, 3, 6, 6, 6, 6]  2-WL cells [1, 1, 1, 1, 2, 2, 2, 2, 2, 2, 4, 4, 4, 4]
  Z4^2xZ2    n= 32 |S|= 12 S=[3, 4, 7, 13, 14, 18, 19, 21, 22, 23, 26, 29]  S-ring sizes [1, 1, 3, 3, 6, 6, 6, 6]  2-WL cells [1, 1, 1, 1, 2, 2, 2, 2, 2, 2, 4, 4, 4, 4]
  Z4^2xZ2    n= 32 |S|= 19 S=[2, 4, 5, 6, 8, 10, 11, 12, 13, 15, 16, 20, 21, 24, 27, 28, 29, 30, 31]  S-ring sizes [1, 1, 2, 4, 4, 4, 8, 8]  2-WL cells [1, 1, 2, 2, 2, 4, 4, 4, 4, 4, 4]
  Z4^2xZ2    n= 32 |S|= 10 S=[1, 3, 5, 7, 12, 15, 20, 21, 27, 28]  S-ring sizes [1, 1, 3, 3, 6, 6, 6, 6]  2-WL cells [1, 1, 1, 1, 2, 2, 2, 2, 2, 2, 4, 4, 4, 4]
  Z4^2xZ2    n= 32 |S|= 12 S=[1, 9, 14, 15, 16, 17, 18, 20, 22, 25, 26, 27]  S-ring sizes [1, 1, 3, 3, 3, 3, 3, 3, 6, 6]  2-WL cells [1, 1, 1, 1, 1, 1, 1, 1, 2, 2, 2, 2, 2, 2, 2, 2, 2, 2, 2, 2]
  Z4^2xZ2    n= 32 |S|= 19 S=[2, 4, 5, 6, 8, 10, 13, 14, 15, 16, 17, 19, 21, 23, 24, 26, 27, 29, 30]  S-ring sizes [1, 1, 1, 1, 2, 2, 8, 8, 8]  2-WL cells [1, 1, 1, 1, 2, 2, 4, 4, 8, 8]
  Z4^2xZ2    n= 32 |S|= 15 S=[3, 5, 7, 8, 9, 11, 12, 16, 17, 18, 22, 24, 25, 28, 31]  S-ring sizes [1, 1, 3, 3, 3, 3, 3, 3, 6, 6]  2-WL cells [1, 1, 1, 1, 1, 1, 1, 1, 2, 2, 2, 2, 2, 2, 2, 2, 2, 2, 2, 2]
  Z4^2xZ2    n= 32 |S|= 15 S=[2, 3, 6, 7, 12, 13, 15, 16, 19, 20, 21, 23, 27, 28, 29]  S-ring sizes [1, 1, 5, 5, 5, 5, 5, 5]  2-WL cells [1, 1, 1, 1, 1, 1, 1, 1, 2, 2, 2, 2, 2, 2, 2, 2, 2, 2, 2, 2]
  Z4^2xZ2    n= 32 |S|= 15 S=[1, 3, 5, 7, 8, 11, 13, 17, 18, 20, 21, 22, 24, 29, 31]  S-ring sizes [1, 1, 1, 1, 2, 2, 4, 4, 8, 8]  2-WL cells [1, 1, 1, 1, 2, 2, 2, 2, 2, 2, 8, 8]
  Z4^2xZ2    n= 32 |S|= 15 S=[1, 2, 4, 6, 8, 10, 13, 14, 15, 21, 24, 26, 27, 29, 30]  S-ring sizes [1, 1, 5, 5, 5, 5, 5, 5]  2-WL cells [1, 1, 1, 1, 1, 1, 1, 1, 2, 2, 2, 2, 2, 2, 2, 2, 2, 2, 2, 2]
  Z4^2xZ2    n= 32 |S|= 11 S=[1, 4, 5, 11, 12, 16, 19, 20, 23, 28, 31]  S-ring sizes [1, 1, 2, 2, 2, 4, 4, 4, 4, 8]  2-WL cells [1, 1, 2, 2, 2, 2, 2, 2, 2, 4, 4, 8]
  Z4^2xZ2    n= 32 |S|=  9 S=[3, 7, 13, 14, 17, 18, 22, 26, 29]  S-ring sizes [1, 1, 1, 1, 2, 2, 4, 4, 4, 4, 4, 4]  2-WL cells [1, 1, 1, 1, 2, 2, 2, 2, 2, 2, 4, 4, 4, 4]
  Z4^2xZ2    n= 32 |S|=  9 S=[1, 4, 8, 15, 16, 19, 23, 24, 27]  S-ring sizes [1, 1, 1, 1, 2, 2, 4, 4, 4, 4, 4, 4]  2-WL cells [1, 1, 1, 1, 2, 2, 2, 2, 2, 2, 4, 4, 4, 4]
  Z4^2xZ2    n= 32 |S|= 16 S=[3, 7, 11, 12, 13, 14, 15, 17, 18, 20, 22, 26, 27, 28, 29, 31]  S-ring sizes [1, 1, 3, 3, 12, 12]  2-WL cells [1, 1, 1, 1, 2, 2, 4, 4, 8, 8]
  Z4^2xZ2    n= 32 |S|= 18 S=[1, 2, 6, 8, 9, 12, 15, 17, 18, 19, 20, 21, 22, 23, 24, 25, 27, 28]  S-ring sizes [1, 1, 1, 1, 2, 2, 4, 4, 4, 4, 4, 4]  2-WL cells [1, 1, 1, 1, 2, 2, 2, 2, 2, 2, 4, 4, 4, 4]
  Z4^2xZ2    n= 32 |S|= 18 S=[2, 3, 5, 6, 7, 8, 9, 10, 14, 15, 16, 20, 21, 24, 25, 26, 27, 30]  S-ring sizes [1, 1, 2, 4, 4, 4, 8, 8]  2-WL cells [1, 1, 1, 1, 2, 2, 2, 2, 4, 8, 8]
  Z4^2xZ2    n= 32 |S|=  8 S=[2, 6, 9, 10, 17, 21, 25, 30]  S-ring sizes [1, 1, 2, 4, 4, 4, 4, 4, 8]  2-WL cells [1, 1, 2, 2, 2, 4, 4, 4, 4, 8]
  Z4^2xZ2    n= 32 |S|= 16 S=[2, 3, 5, 6, 7, 9, 12, 14, 15, 18, 20, 22, 25, 26, 27, 28]  S-ring sizes [1, 1, 2, 4, 4, 4, 8, 8]  2-WL cells [1, 1, 1, 1, 2, 2, 2, 2, 4, 8, 8]
  Z4^2xZ2    n= 32 |S|= 15 S=[1, 3, 7, 8, 9, 13, 15, 16, 18, 21, 22, 24, 25, 27, 29]  S-ring sizes [1, 1, 3, 3, 3, 3, 3, 3, 6, 6]  2-WL cells [1, 1, 1, 1, 1, 1, 1, 1, 2, 2, 2, 2, 2, 2, 2, 2, 2, 2, 2, 2]
  Z4^2xZ2    n= 32 |S|= 10 S=[2, 5, 6, 9, 12, 15, 16, 25, 27, 28]  S-ring sizes [1, 1, 1, 1, 2, 2, 4, 4, 4, 4, 4, 4]  2-WL cells [1, 1, 1, 1, 2, 2, 2, 2, 2, 2, 4, 4, 4, 4]
  Z4^2xZ2    n= 32 |S|= 16 S=[1, 4, 5, 9, 11, 14, 15, 16, 17, 18, 20, 22, 25, 26, 27, 31]  S-ring sizes [1, 1, 1, 1, 2, 2, 4, 4, 4, 4, 4, 4]  2-WL cells [1, 1, 1, 1, 2, 2, 2, 2, 2, 2, 4, 4, 4, 4]
  Z4^2xZ2    n= 32 |S|= 20 S=[1, 2, 3, 5, 6, 7, 8, 10, 11, 12, 13, 18, 20, 21, 22, 24, 28, 29, 30, 31]  S-ring sizes [1, 1, 1, 1, 2, 2, 4, 4, 4, 4, 4, 4]  2-WL cells [1, 1, 1, 1, 2, 2, 2, 2, 2, 2, 4, 4, 4, 4]
  Z4^2xZ2    n= 32 |S|= 11 S=[2, 5, 6, 8, 9, 10, 19, 23, 24, 25, 30]  S-ring sizes [1, 1, 1, 1, 2, 2, 8, 8, 8]  2-WL cells [1, 1, 1, 1, 2, 2, 4, 4, 8, 8]
  Z4^2xZ2    n= 32 |S|= 15 S=[1, 3, 5, 7, 11, 12, 14, 16, 17, 18, 21, 22, 26, 28, 31]  S-ring sizes [1, 1, 1, 1, 2, 2, 4, 4, 8, 8]  2-WL cells [1, 1, 1, 1, 2, 2, 2, 2, 2, 2, 8, 8]
  Z4^2xZ2    n= 32 |S|= 11 S=[1, 4, 11, 12, 16, 17, 19, 20, 23, 28, 31]  S-ring sizes [1, 1, 2, 2, 2, 4, 4, 4, 4, 8]  2-WL cells [1, 1, 2, 2, 2, 2, 2, 2, 2, 4, 4, 8]
  Z4^2xZ2    n= 32 |S|= 12 S=[2, 6, 8, 10, 14, 15, 17, 21, 24, 26, 27, 30]  S-ring sizes [1, 1, 2, 4, 4, 4, 8, 8]  2-WL cells [1, 1, 2, 2, 2, 4, 4, 4, 4, 4, 4]
  Z4^2xZ2    n= 32 |S|= 17 S=[2, 5, 6, 8, 11, 12, 13, 14, 18, 19, 22, 23, 24, 26, 28, 29, 31]  S-ring sizes [1, 1, 1, 1, 2, 2, 4, 4, 4, 4, 4, 4]  2-WL cells [1, 1, 1, 1, 2, 2, 2, 2, 2, 2, 4, 4, 4, 4]
  Z4^2xZ2    n= 32 |S|= 16 S=[1, 5, 8, 9, 10, 11, 13, 15, 18, 22, 24, 25, 27, 29, 30, 31]  S-ring sizes [1, 1, 2, 2, 2, 4, 4, 4, 4, 8]  2-WL cells [1, 1, 2, 2, 2, 2, 2, 2, 2, 4, 4, 8]
  Z4^2xZ2    n= 32 |S|= 15 S=[2, 4, 5, 6, 10, 12, 15, 16, 19, 20, 21, 23, 27, 28, 30]  S-ring sizes [1, 1, 3, 3, 12, 12]  2-WL cells [1, 1, 1, 1, 2, 2, 4, 4, 8, 8]
  Z4^2xZ2    n= 32 |S|= 20 S=[2, 3, 4, 5, 6, 7, 8, 9, 12, 14, 15, 16, 17, 18, 22, 24, 25, 26, 27, 28]  S-ring sizes [1, 1, 2, 4, 4, 4, 4, 4, 8]  2-WL cells [1, 1, 2, 2, 2, 4, 4, 4, 4, 8]
  Z4^2xZ2    n= 32 |S|= 17 S=[4, 5, 8, 9, 11, 13, 14, 17, 18, 19, 22, 23, 24, 25, 26, 29, 31]  S-ring sizes [1, 1, 2, 4, 4, 4, 8, 8]  2-WL cells [1, 1, 1, 1, 2, 2, 2, 2, 4, 8, 8]
  Z4^2xZ2    n= 32 |S|= 20 S=[2, 4, 5, 6, 8, 12, 13, 14, 15, 16, 17, 18, 19, 22, 23, 24, 26, 27, 28, 29]  S-ring sizes [1, 1, 2, 4, 4, 4, 4, 4, 8]  2-WL cells [1, 1, 2, 2, 2, 4, 4, 4, 4, 8]
  Z4^2xZ2    n= 32 |S|= 16 S=[1, 4, 10, 11, 12, 14, 16, 17, 18, 20, 21, 22, 26, 28, 30, 31]  S-ring sizes [1, 1, 1, 1, 2, 2, 4, 4, 4, 4, 4, 4]  2-WL cells [1, 1, 1, 1, 2, 2, 2, 2, 2, 2, 4, 4, 4, 4]
  Z4^2xZ2    n= 32 |S|= 15 S=[1, 4, 11, 12, 13, 14, 17, 19, 20, 21, 23, 26, 28, 29, 31]  S-ring sizes [1, 1, 2, 4, 4, 4, 8, 8]  2-WL cells [1, 1, 1, 1, 2, 2, 2, 2, 4, 8, 8]
  Z4^2xZ2    n= 32 |S|= 13 S=[2, 4, 5, 6, 8, 14, 17, 19, 20, 21, 23, 24, 26]  S-ring sizes [1, 1, 3, 3, 3, 3, 3, 3, 6, 6]  2-WL cells [1, 1, 1, 1, 1, 1, 1, 1, 2, 2, 2, 2, 2, 2, 2, 2, 2, 2, 2, 2]
  Z4^2xZ2    n= 32 |S|= 18 S=[3, 5, 7, 9, 11, 12, 13, 14, 16, 17, 18, 21, 22, 25, 26, 28, 29, 31]  S-ring sizes [1, 1, 3, 3, 12, 12]  2-WL cells [1, 1, 1, 1, 2, 2, 2, 2, 2, 2, 8, 8]
  Z4^2xZ2    n= 32 |S|= 21 S=[1, 2, 3, 6, 7, 8, 9, 10, 11, 12, 14, 19, 20, 21, 23, 24, 25, 26, 28, 30, 31]  S-ring sizes [1, 1, 2, 2, 2, 4, 4, 4, 4, 8]  2-WL cells [1, 1, 2, 2, 2, 2, 2, 2, 2, 4, 4, 8]
  Z4^2xZ2    n= 32 |S|= 13 S=[2, 3, 5, 6, 7, 9, 10, 11, 16, 21, 25, 30, 31]  S-ring sizes [1, 1, 1, 1, 2, 2, 4, 4, 8, 8]  2-WL cells [1, 1, 1, 1, 2, 2, 2, 2, 2, 2, 8, 8]
  Z4^2xZ2    n= 32 |S|= 16 S=[1, 2, 5, 6, 8, 10, 13, 18, 19, 20, 21, 22, 23, 24, 29, 30]  S-ring sizes [1, 1, 5, 5, 5, 5, 5, 5]  2-WL cells [1, 1, 1, 1, 1, 1, 1, 1, 2, 2, 2, 2, 2, 2, 2, 2, 2, 2, 2, 2]
  Z4^2xZ2    n= 32 |S|= 18 S=[3, 7, 8, 10, 11, 13, 15, 17, 18, 19, 20, 22, 23, 24, 27, 29, 30, 31]  S-ring sizes [1, 1, 3, 3, 3, 3, 3, 3, 6, 6]  2-WL cells [1, 1, 1, 1, 1, 1, 1, 1, 2, 2, 2, 2, 2, 2, 2, 2, 2, 2, 2, 2]
  Z4^2xZ2    n= 32 |S|= 16 S=[1, 2, 3, 6, 7, 8, 9, 15, 16, 19, 20, 21, 23, 24, 25, 27]  S-ring sizes [1, 1, 5, 5, 5, 5, 5, 5]  2-WL cells [1, 1, 1, 1, 1, 1, 1, 1, 2, 2, 2, 2, 2, 2, 2, 2, 2, 2, 2, 2]
  Z4^2xZ2    n= 32 |S|= 21 S=[2, 3, 4, 5, 6, 7, 8, 9, 10, 13, 14, 15, 16, 18, 22, 24, 25, 26, 27, 29, 30]  S-ring sizes [1, 1, 3, 3, 6, 6, 6, 6]  2-WL cells [1, 1, 1, 1, 2, 2, 2, 2, 2, 2, 4, 4, 4, 4]
  Z4^2xZ2    n= 32 |S|= 17 S=[1, 2, 4, 5, 6, 8, 9, 10, 11, 12, 14, 24, 25, 26, 28, 30, 31]  S-ring sizes [1, 1, 2, 2, 2, 4, 4, 4, 4, 8]  2-WL cells [1, 1, 2, 2, 2, 2, 2, 2, 2, 4, 4, 8]
  Z4^2xZ2    n= 32 |S|= 14 S=[1, 3, 7, 8, 9, 10, 13, 15, 21, 24, 25, 27, 29, 30]  S-ring sizes [1, 1, 2, 4, 4, 4, 8, 8]  2-WL cells [1, 1, 2, 2, 2, 4, 4, 4, 4, 4, 4]
  Z4^2xZ2    n= 32 |S|= 13 S=[1, 2, 4, 5, 6, 9, 11, 14, 17, 20, 25, 26, 31]  S-ring sizes [1, 1, 3, 3, 3, 3, 3, 3, 6, 6]  2-WL cells [1, 1, 1, 1, 1, 1, 1, 1, 2, 2, 2, 2, 2, 2, 2, 2, 2, 2, 2, 2]
  Z4^2xZ2    n= 32 |S|= 16 S=[2, 5, 6, 8, 9, 11, 13, 18, 19, 20, 22, 23, 24, 25, 29, 31]  S-ring sizes [1, 1, 1, 1, 2, 2, 4, 4, 4, 4, 4, 4]  2-WL cells [1, 1, 1, 1, 2, 2, 2, 2, 2, 2, 4, 4, 4, 4]
  Z4^2xZ2    n= 32 |S|= 19 S=[1, 2, 3, 6, 7, 8, 9, 11, 13, 14, 15, 16, 20, 24, 25, 26, 27, 29, 31]  S-ring sizes [1, 1, 3, 3, 6, 6, 6, 6]  2-WL cells [1, 1, 1, 1, 2, 2, 2, 2, 2, 2, 4, 4, 4, 4]
  Z4^2xZ2    n= 32 |S|= 13 S=[1, 2, 3, 6, 7, 8, 13, 14, 17, 21, 24, 26, 29]  S-ring sizes [1, 1, 3, 3, 12, 12]  2-WL cells [1, 1, 1, 1, 2, 2, 2, 2, 2, 2, 8, 8]
  Z4^2xZ2    n= 32 |S|= 13 S=[1, 5, 9, 10, 11, 18, 19, 21, 22, 23, 25, 30, 31]  S-ring sizes [1, 1, 1, 1, 2, 2, 4, 4, 8, 8]  2-WL cells [1, 1, 1, 1, 2, 2, 2, 2, 2, 2, 8, 8]
  Z4^2xZ2    n= 32 |S|= 16 S=[5, 8, 9, 12, 14, 16, 17, 18, 19, 21, 22, 23, 24, 25, 26, 28]  S-ring sizes [1, 1, 3, 3, 3, 3, 3, 3, 6, 6]  2-WL cells [1, 1, 1, 1, 1, 1, 1, 1, 2, 2, 2, 2, 2, 2, 2, 2, 2, 2, 2, 2]
  Z4^2xZ2    n= 32 |S|= 15 S=[3, 5, 7, 13, 14, 16, 17, 18, 19, 20, 21, 22, 23, 26, 29]  S-ring sizes [1, 1, 1, 1, 2, 2, 4, 4, 4, 4, 4, 4]  2-WL cells [1, 1, 1, 1, 2, 2, 2, 2, 2, 2, 4, 4, 4, 4]
  Z4^2xZ2    n= 32 |S|= 12 S=[1, 2, 6, 8, 10, 13, 19, 21, 23, 24, 29, 30]  S-ring sizes [1, 1, 1, 1, 2, 2, 8, 8, 8]  2-WL cells [1, 1, 1, 1, 2, 2, 4, 4, 8, 8]
  Z4^2xZ2    n= 32 |S|= 10 S=[2, 3, 4, 6, 7, 9, 15, 17, 25, 27]  S-ring sizes [1, 1, 3, 3, 6, 6, 6, 6]  2-WL cells [1, 1, 1, 1, 2, 2, 2, 2, 2, 2, 4, 4, 4, 4]
  Z4^2xZ2    n= 32 |S|= 18 S=[1, 4, 8, 9, 10, 11, 13, 14, 17, 18, 21, 22, 24, 25, 26, 29, 30, 31]  S-ring sizes [1, 1, 1, 1, 2, 2, 4, 4, 4, 4, 4, 4]  2-WL cells [1, 1, 1, 1, 2, 2, 2, 2, 2, 2, 4, 4, 4, 4]
  Z4^2xZ2    n= 32 |S|= 12 S=[2, 5, 6, 11, 13, 18, 19, 21, 22, 23, 29, 31]  S-ring sizes [1, 1, 2, 4, 4, 4, 8, 8]  2-WL cells [1, 1, 2, 2, 2, 4, 4, 4, 4, 4, 4]
  Z4^2xZ2    n= 32 |S|= 13 S=[4, 5, 9, 10, 15, 16, 17, 18, 20, 22, 25, 27, 30]  S-ring sizes [1, 3, 4, 6, 6, 12]  2-WL cells [1, 1, 2, 2, 2, 4, 4, 4, 4, 8]
  Z4^2xZ2    n= 32 |S|= 13 S=[5, 8, 9, 14, 15, 16, 18, 20, 22, 24, 25, 26, 27]  S-ring sizes [1, 1, 3, 3, 12, 12]  2-WL cells [1, 1, 1, 1, 2, 2, 2, 2, 2, 2, 8, 8]
  Z4^2xZ2    n= 32 |S|= 15 S=[1, 4, 8, 9, 10, 15, 17, 19, 20, 21, 23, 24, 25, 27, 30]  S-ring sizes [1, 1, 2, 4, 4, 4, 8, 8]  2-WL cells [1, 1, 1, 1, 2, 2, 2, 2, 4, 8, 8]
  Z4^2xZ2    n= 32 |S|= 14 S=[1, 4, 10, 11, 12, 15, 16, 18, 21, 22, 27, 28, 30, 31]  S-ring sizes [1, 1, 2, 2, 2, 4, 4, 4, 4, 8]  2-WL cells [1, 1, 2, 2, 2, 2, 2, 2, 2, 4, 4, 8]
  Z4^2xZ2    n= 32 |S|= 18 S=[1, 3, 4, 7, 8, 10, 11, 13, 15, 16, 18, 21, 22, 24, 27, 29, 30, 31]  S-ring sizes [1, 1, 1, 1, 2, 2, 4, 4, 8, 8]  2-WL cells [1, 1, 1, 1, 2, 2, 2, 2, 2, 2, 8, 8]
  Z4^2xZ2    n= 32 |S|= 13 S=[2, 4, 5, 6, 8, 9, 12, 14, 20, 24, 25, 26, 28]  S-ring sizes [1, 1, 1, 1, 2, 2, 4, 4, 4, 4, 4, 4]  2-WL cells [1, 1, 1, 1, 2, 2, 2, 2, 2, 2, 4, 4, 4, 4]
  Z4^2xZ2    n= 32 |S|= 15 S=[2, 3, 5, 6, 7, 10, 13, 14, 15, 16, 17, 26, 27, 29, 30]  S-ring sizes [1, 1, 5, 5, 5, 5, 5, 5]  2-WL cells [1, 1, 1, 1, 1, 1, 1, 1, 2, 2, 2, 2, 2, 2, 2, 2, 2, 2, 2, 2]
  Z4^2xZ2    n= 32 |S|=  8 S=[2, 4, 6, 9, 10, 21, 25, 30]  S-ring sizes [1, 1, 1, 1, 2, 2, 4, 4, 4, 4, 4, 4]  2-WL cells [1, 1, 1, 1, 2, 2, 2, 2, 2, 2, 4, 4, 4, 4]
  Z4^2xZ2    n= 32 |S|=  9 S=[2, 5, 6, 11, 13, 16, 20, 29, 31]  S-ring sizes [1, 1, 1, 1, 2, 2, 4, 4, 4, 4, 4, 4]  2-WL cells [1, 1, 1, 1, 2, 2, 2, 2, 2, 2, 4, 4, 4, 4]
  Z4^2xZ2    n= 32 |S|= 13 S=[1, 3, 7, 8, 14, 15, 16, 17, 20, 21, 24, 26, 27]  S-ring sizes [1, 1, 3, 3, 3, 3, 3, 3, 6, 6]  2-WL cells [1, 1, 1, 1, 1, 1, 1, 1, 2, 2, 2, 2, 2, 2, 2, 2, 2, 2, 2, 2]
  Z4^2xZ2    n= 32 |S|= 10 S=[2, 4, 6, 9, 11, 14, 17, 25, 26, 31]  S-ring sizes [1, 1, 5, 5, 5, 5, 5, 5]  2-WL cells [1, 1, 1, 1, 1, 1, 1, 1, 2, 2, 2, 2, 2, 2, 2, 2, 2, 2, 2, 2]
  Z4^2xZ2    n= 32 |S|= 16 S=[1, 2, 3, 4, 5, 6, 7, 11, 13, 16, 17, 19, 20, 23, 29, 31]  S-ring sizes [1, 1, 1, 1, 2, 2, 4, 4, 4, 4, 4, 4]  2-WL cells [1, 1, 1, 1, 2, 2, 2, 2, 2, 2, 4, 4, 4, 4]
  Z4^2xZ2    n= 32 |S|= 18 S=[1, 2, 3, 4, 6, 7, 8, 9, 10, 12, 16, 18, 21, 22, 24, 25, 28, 30]  S-ring sizes [1, 3, 4, 6, 6, 12]  2-WL cells [1, 1, 2, 2, 2, 2, 2, 2, 2, 4, 4, 8]
  Z4^2xZ2    n= 32 |S|= 22 S=[3, 5, 7, 8, 9, 11, 12, 14, 15, 16, 17, 18, 19, 21, 22, 23, 24, 25, 26, 27, 28, 31]  S-ring sizes [1, 1, 3, 3, 6, 6, 6, 6]  2-WL cells [1, 1, 1, 1, 2, 2, 2, 2, 2, 2, 4, 4, 4, 4]
  Z4^2xZ2    n= 32 |S|= 15 S=[2, 3, 5, 6, 7, 9, 11, 14, 15, 18, 22, 25, 26, 27, 31]  S-ring sizes [1, 1, 1, 1, 2, 2, 4, 4, 4, 4, 4, 4]  2-WL cells [1, 1, 1, 1, 2, 2, 2, 2, 2, 2, 4, 4, 4, 4]
  Z4^2xZ2    n= 32 |S|= 18 S=[1, 3, 7, 8, 9, 10, 11, 15, 16, 18, 19, 22, 23, 24, 25, 27, 30, 31]  S-ring sizes [1, 1, 1, 1, 2, 2, 4, 4, 4, 4, 4, 4]  2-WL cells [1, 1, 1, 1, 2, 2, 2, 2, 2, 2, 4, 4, 4, 4]
  Z4^2xZ2    n= 32 |S|= 18 S=[2, 3, 4, 6, 7, 9, 11, 12, 14, 15, 17, 19, 23, 25, 26, 27, 28, 31]  S-ring sizes [1, 1, 3, 3, 3, 3, 3, 3, 6, 6]  2-WL cells [1, 1, 1, 1, 1, 1, 1, 1, 2, 2, 2, 2, 2, 2, 2, 2, 2, 2, 2, 2]
  Z4^2xZ2    n= 32 |S|= 17 S=[2, 3, 4, 5, 6, 7, 8, 9, 13, 14, 16, 19, 23, 24, 25, 26, 29]  S-ring sizes [1, 1, 1, 1, 2, 2, 4, 4, 4, 4, 4, 4]  2-WL cells [1, 1, 1, 1, 2, 2, 2, 2, 2, 2, 4, 4, 4, 4]
  Z4^2xZ2    n= 32 |S|= 15 S=[1, 2, 4, 5, 6, 9, 12, 15, 19, 20, 21, 23, 25, 27, 28]  S-ring sizes [1, 1, 2, 4, 4, 4, 8, 8]  2-WL cells [1, 1, 1, 1, 2, 2, 2, 2, 4, 8, 8]
  Z4^2xZ2    n= 32 |S|= 19 S=[4, 9, 10, 12, 13, 14, 15, 16, 17, 19, 20, 21, 23, 25, 26, 27, 28, 29, 30]  S-ring sizes [1, 1, 2, 2, 2, 4, 4, 4, 4, 8]  2-WL cells [1, 1, 2, 2, 2, 2, 2, 2, 2, 4, 4, 8]
  Z4^2xZ2    n= 32 |S|= 20 S=[2, 5, 6, 9, 10, 12, 13, 14, 15, 18, 19, 21, 22, 23, 25, 26, 27, 28, 29, 30]  S-ring sizes [1, 1, 2, 2, 2, 4, 4, 4, 4, 8]  2-WL cells [1, 1, 2, 2, 2, 2, 2, 2, 2, 4, 4, 8]
  Z4^2xZ2    n= 32 |S|= 19 S=[1, 3, 5, 7, 8, 11, 12, 13, 14, 15, 17, 18, 22, 24, 26, 27, 28, 29, 31]  S-ring sizes [1, 1, 3, 3, 6, 6, 6, 6]  2-WL cells [1, 1, 1, 1, 2, 2, 2, 2, 2, 2, 4, 4, 4, 4]
  Z4^2xZ2    n= 32 |S|= 11 S=[1, 3, 7, 8, 9, 15, 17, 21, 24, 25, 27]  S-ring sizes [1, 1, 1, 1, 2, 2, 4, 4, 4, 4, 4, 4]  2-WL cells [1, 1, 1, 1, 2, 2, 2, 2, 2, 2, 4, 4, 4, 4]
  Z4^2xZ2    n= 32 |S|= 22 S=[1, 2, 3, 4, 5, 6, 7, 9, 11, 12, 13, 14, 15, 17, 18, 22, 25, 26, 27, 28, 29, 31]  S-ring sizes [1, 1, 3, 3, 6, 6, 6, 6]  2-WL cells [1, 1, 1, 1, 2, 2, 2, 2, 2, 2, 4, 4, 4, 4]
  Z4^2xZ2    n= 32 |S|= 12 S=[1, 5, 8, 10, 17, 18, 19, 21, 22, 23, 24, 30]  S-ring sizes [1, 1, 2, 2, 2, 4, 4, 4, 4, 8]  2-WL cells [1, 1, 2, 2, 2, 2, 2, 2, 2, 4, 4, 8]
  Z4^2xZ2    n= 32 |S|= 13 S=[3, 4, 7, 9, 12, 14, 15, 16, 20, 25, 26, 27, 28]  S-ring sizes [1, 1, 1, 1, 2, 2, 4, 4, 8, 8]  2-WL cells [1, 1, 1, 1, 2, 2, 2, 2, 2, 2, 8, 8]
  Z4^2xZ2    n= 32 |S|= 14 S=[1, 5, 11, 12, 13, 14, 17, 19, 21, 23, 26, 28, 29, 31]  S-ring sizes [1, 1, 1, 1, 2, 2, 4, 4, 8, 8]  2-WL cells [1, 1, 1, 1, 2, 2, 2, 2, 2, 2, 8, 8]
  Z4^2xZ2    n= 32 |S|= 12 S=[4, 9, 15, 16, 18, 19, 20, 21, 22, 23, 25, 27]  S-ring sizes [1, 1, 1, 1, 2, 2, 4, 4, 4, 4, 4, 4]  2-WL cells [1, 1, 1, 1, 2, 2, 2, 2, 2, 2, 4, 4, 4, 4]
  Z4^2xZ2    n= 32 |S|= 16 S=[2, 3, 5, 6, 7, 8, 10, 11, 14, 17, 20, 21, 24, 26, 30, 31]  S-ring sizes [1, 1, 3, 3, 3, 3, 3, 3, 6, 6]  2-WL cells [1, 1, 1, 1, 1, 1, 1, 1, 2, 2, 2, 2, 2, 2, 2, 2, 2, 2, 2, 2]
  Z4^2xZ2    n= 32 |S|= 22 S=[1, 3, 4, 7, 10, 12, 13, 14, 15, 16, 17, 18, 19, 20, 21, 22, 23, 26, 27, 28, 29, 30]  S-ring sizes [1, 1, 3, 3, 6, 6, 6, 6]  2-WL cells [1, 1, 1, 1, 2, 2, 2, 2, 2, 2, 4, 4, 4, 4]
  Z4^2xZ2    n= 32 |S|= 16 S=[2, 6, 8, 9, 11, 12, 14, 16, 17, 19, 23, 24, 25, 26, 28, 31]  S-ring sizes [1, 1, 3, 3, 12, 12]  2-WL cells [1, 1, 1, 1, 2, 2, 4, 4, 8, 8]
  Z4^2xZ2    n= 32 |S|= 15 S=[3, 5, 7, 8, 9, 11, 13, 14, 15, 24, 25, 26, 27, 29, 31]  S-ring sizes [1, 1, 1, 1, 2, 2, 4, 4, 4, 4, 4, 4]  2-WL cells [1, 1, 1, 1, 2, 2, 2, 2, 2, 2, 4, 4, 4, 4]
  Z4^2xZ2    n= 32 |S|= 23 S=[1, 2, 3, 4, 6, 7, 8, 9, 11, 12, 14, 15, 16, 18, 20, 21, 22, 24, 25, 26, 27, 28, 31]  S-ring sizes [1, 1, 2, 2, 2, 4, 4, 4, 4, 8]  2-WL cells [1, 1, 2, 2, 2, 2, 2, 2, 2, 4, 4, 8]
  Z4^2xZ2    n= 32 |S|= 23 S=[3, 4, 5, 7, 8, 9, 10, 11, 12, 14, 17, 18, 19, 20, 21, 22, 23, 24, 25, 26, 28, 30, 31]  S-ring sizes [1, 1, 1, 1, 2, 2, 4, 4, 4, 4, 4, 4]  2-WL cells [1, 1, 1, 1, 2, 2, 2, 2, 2, 2, 4, 4, 4, 4]
  Z4^2xZ2    n= 32 |S|= 15 S=[4, 5, 11, 12, 14, 16, 17, 18, 19, 21, 22, 23, 26, 28, 31]  S-ring sizes [1, 1, 2, 4, 4, 4, 8, 8]  2-WL cells [1, 1, 1, 1, 2, 2, 2, 2, 4, 8, 8]
  Z4^2xZ2    n= 32 |S|= 16 S=[1, 4, 5, 8, 9, 10, 12, 16, 18, 20, 21, 22, 24, 25, 28, 30]  S-ring sizes [1, 1, 1, 1, 2, 2, 4, 4, 4, 4, 4, 4]  2-WL cells [1, 1, 1, 1, 2, 2, 2, 2, 2, 2, 4, 4, 4, 4]
  Z4^2xZ2    n= 32 |S|= 10 S=[1, 3, 5, 7, 8, 15, 16, 21, 24, 27]  S-ring sizes [1, 1, 3, 3, 6, 6, 6, 6]  2-WL cells [1, 1, 1, 1, 2, 2, 2, 2, 2, 2, 4, 4, 4, 4]
  Z4^2xZ2    n= 32 |S|= 22 S=[2, 4, 5, 6, 8, 9, 10, 13, 14, 15, 16, 17, 18, 19, 22, 23, 24, 25, 26, 27, 29, 30]  S-ring sizes [1, 3, 4, 6, 6, 12]  2-WL cells [1, 1, 2, 2, 2, 2, 2, 2, 2, 4, 4, 8]
  Z4^2xZ2    n= 32 |S|= 20 S=[1, 2, 3, 6, 7, 8, 9, 10, 11, 14, 16, 19, 20, 21, 23, 24, 25, 26, 30, 31]  S-ring sizes [1, 1, 5, 5, 5, 5, 5, 5]  2-WL cells [1, 1, 1, 1, 1, 1, 1, 1, 2, 2, 2, 2, 2, 2, 2, 2, 2, 2, 2, 2]
  Z4^2xZ2    n= 32 |S|= 12 S=[4, 5, 9, 14, 15, 16, 19, 20, 23, 25, 26, 27]  S-ring sizes [1, 1, 1, 1, 2, 2, 4, 4, 4, 4, 4, 4]  2-WL cells [1, 1, 1, 1, 2, 2, 2, 2, 2, 2, 4, 4, 4, 4]
  Z4^2xZ2    n= 32 |S|= 17 S=[1, 4, 8, 10, 13, 15, 16, 17, 18, 19, 20, 22, 23, 24, 27, 29, 30]  S-ring sizes [1, 1, 1, 1, 4, 8, 8, 8]  2-WL cells [1, 1, 1, 1, 4, 4, 4, 8, 8]
  Z4^2xZ2    n= 32 |S|= 17 S=[1, 8, 9, 11, 12, 14, 16, 17, 18, 19, 22, 23, 24, 25, 26, 28, 31]  S-ring sizes [1, 1, 1, 1, 2, 2, 4, 4, 8, 8]  2-WL cells [1, 1, 1, 1, 2, 2, 2, 2, 2, 2, 8, 8]
  Z4^2xZ2    n= 32 |S|= 16 S=[2, 4, 6, 8, 10, 11, 13, 14, 16, 19, 23, 24, 26, 29, 30, 31]  S-ring sizes [1, 1, 1, 1, 2, 2, 4, 4, 8, 8]  2-WL cells [1, 1, 1, 1, 2, 2, 2, 2, 2, 2, 8, 8]
  Z4^2xZ2    n= 32 |S|= 12 S=[1, 5, 9, 10, 11, 17, 19, 21, 23, 25, 30, 31]  S-ring sizes [1, 1, 2, 2, 2, 4, 4, 4, 4, 8]  2-WL cells [1, 1, 2, 2, 2, 2, 2, 2, 2, 4, 4, 8]
  Z4^2xZ2    n= 32 |S|= 12 S=[3, 4, 5, 7, 9, 10, 18, 19, 22, 23, 25, 30]  S-ring sizes [1, 1, 3, 3, 6, 6, 6, 6]  2-WL cells [1, 1, 1, 1, 2, 2, 2, 2, 2, 2, 4, 4, 4, 4]
  Z4^2xZ2    n= 32 |S|= 18 S=[3, 7, 9, 11, 12, 14, 15, 16, 18, 19, 21, 22, 23, 25, 26, 27, 28, 31]  S-ring sizes [1, 1, 1, 1, 2, 2, 4, 4, 4, 4, 4, 4]  2-WL cells [1, 1, 1, 1, 2, 2, 2, 2, 2, 2, 4, 4, 4, 4]
  Z4^2xZ2    n= 32 |S|= 16 S=[1, 2, 4, 5, 6, 8, 10, 12, 13, 16, 20, 21, 24, 28, 29, 30]  S-ring sizes [1, 1, 1, 1, 2, 2, 4, 4, 4, 4, 4, 4]  2-WL cells [1, 1, 1, 1, 2, 2, 2, 2, 2, 2, 4, 4, 4, 4]
  Z4^2xZ2    n= 32 |S|= 13 S=[1, 4, 5, 8, 11, 13, 14, 19, 23, 24, 26, 29, 31]  S-ring sizes [1, 1, 1, 1, 2, 2, 8, 8, 8]  2-WL cells [1, 1, 1, 1, 2, 2, 4, 4, 8, 8]
  Z4^2xZ2    n= 32 |S|= 15 S=[2, 4, 5, 6, 8, 10, 11, 13, 15, 17, 24, 27, 29, 30, 31]  S-ring sizes [1, 1, 5, 5, 5, 5, 5, 5]  2-WL cells [1, 1, 1, 1, 1, 1, 1, 1, 2, 2, 2, 2, 2, 2, 2, 2, 2, 2, 2, 2]
  Z4^2xZ2    n= 32 |S|= 17 S=[1, 2, 6, 9, 10, 12, 13, 18, 19, 20, 21, 22, 23, 25, 28, 29, 30]  S-ring sizes [1, 1, 2, 4, 4, 4, 4, 4, 8]  2-WL cells [1, 1, 2, 2, 2, 4, 4, 4, 4, 8]
  Z4^2xZ2    n= 32 |S|= 18 S=[3, 4, 7, 8, 9, 11, 14, 16, 17, 18, 19, 20, 22, 23, 24, 25, 26, 31]  S-ring sizes [1, 1, 3, 3, 12, 12]  2-WL cells [1, 1, 1, 1, 2, 2, 2, 2, 2, 2, 8, 8]
  Z4^2xZ2    n= 32 |S|= 11 S=[3, 5, 7, 8, 11, 14, 17, 21, 24, 26, 31]  S-ring sizes [1, 1, 1, 1, 2, 2, 4, 4, 4, 4, 4, 4]  2-WL cells [1, 1, 1, 1, 2, 2, 2, 2, 2, 2, 4, 4, 4, 4]
  Z4^2xZ2    n= 32 |S|= 18 S=[3, 5, 7, 8, 10, 11, 12, 13, 14, 18, 20, 22, 24, 26, 28, 29, 30, 31]  S-ring sizes [1, 1, 3, 3, 3, 3, 3, 3, 6, 6]  2-WL cells [1, 1, 1, 1, 1, 1, 1, 1, 2, 2, 2, 2, 2, 2, 2, 2, 2, 2, 2, 2]
  Z4^2xZ2    n= 32 |S|=  9 S=[3, 5, 7, 8, 10, 17, 21, 24, 30]  S-ring sizes [1, 1, 6, 6, 9, 9]  2-WL cells [1, 1, 3, 3, 6, 6, 6, 6]
  Z4^2xZ2    n= 32 |S|= 12 S=[1, 8, 14, 15, 16, 17, 19, 20, 23, 24, 26, 27]  S-ring sizes [1, 1, 3, 3, 3, 3, 3, 3, 6, 6]  2-WL cells [1, 1, 1, 1, 1, 1, 1, 1, 2, 2, 2, 2, 2, 2, 2, 2, 2, 2, 2, 2]
  Z4^2xZ2    n= 32 |S|= 12 S=[3, 5, 7, 9, 14, 15, 18, 21, 22, 25, 26, 27]  S-ring sizes [1, 1, 1, 1, 2, 2, 8, 8, 8]  2-WL cells [1, 1, 1, 1, 2, 2, 4, 4, 8, 8]
  Z4^2xZ2    n= 32 |S|= 10 S=[2, 6, 9, 11, 17, 19, 20, 23, 25, 31]  S-ring sizes [1, 1, 5, 5, 5, 5, 5, 5]  2-WL cells [1, 1, 1, 1, 1, 1, 1, 1, 2, 2, 2, 2, 2, 2, 2, 2, 2, 2, 2, 2]
  Z4^2xZ2    n= 32 |S|= 20 S=[1, 2, 5, 6, 10, 11, 12, 13, 15, 17, 18, 19, 21, 22, 23, 27, 28, 29, 30, 31]  S-ring sizes [1, 1, 2, 2, 2, 4, 4, 4, 4, 8]  2-WL cells [1, 1, 2, 2, 2, 2, 2, 2, 2, 4, 4, 8]
  Z4^2xZ2    n= 32 |S|= 15 S=[1, 4, 9, 11, 12, 13, 17, 18, 20, 21, 22, 25, 28, 29, 31]  S-ring sizes [1, 1, 1, 1, 2, 2, 4, 4, 4, 4, 4, 4]  2-WL cells [1, 1, 1, 1, 2, 2, 2, 2, 2, 2, 4, 4, 4, 4]
  Z4^2xZ2    n= 32 |S|= 13 S=[1, 2, 3, 4, 6, 7, 12, 13, 14, 16, 26, 28, 29]  S-ring sizes [1, 1, 1, 1, 2, 2, 4, 4, 8, 8]  2-WL cells [1, 1, 1, 1, 2, 2, 2, 2, 2, 2, 8, 8]
  Z4^2xZ2    n= 32 |S|=  8 S=[1, 3, 7, 10, 12, 21, 28, 30]  S-ring sizes [1, 1, 2, 4, 4, 4, 4, 4, 8]  2-WL cells [1, 1, 2, 2, 2, 4, 4, 4, 4, 8]
  Z4^2xZ2    n= 32 |S|= 15 S=[1, 2, 6, 8, 9, 13, 14, 16, 19, 21, 23, 24, 25, 26, 29]  S-ring sizes [1, 1, 3, 3, 3, 3, 3, 3, 6, 6]  2-WL cells [1, 1, 1, 1, 1, 1, 1, 1, 2, 2, 2, 2, 2, 2, 2, 2, 2, 2, 2, 2]
  Z4^2xZ2    n= 32 |S|= 19 S=[1, 4, 5, 8, 9, 10, 11, 12, 14, 18, 19, 22, 23, 24, 25, 26, 28, 30, 31]  S-ring sizes [1, 1, 2, 4, 4, 4, 4, 4, 8]  2-WL cells [1, 1, 2, 2, 2, 4, 4, 4, 4, 8]
  Z4^2xZ2    n= 32 |S|= 21 S=[1, 2, 3, 6, 7, 9, 10, 12, 13, 14, 15, 19, 20, 21, 23, 25, 26, 27, 28, 29, 30]  S-ring sizes [1, 3, 4, 6, 6, 12]  2-WL cells [1, 1, 2, 2, 2, 4, 4, 4, 4, 8]
  Z4^2xZ2    n= 32 |S|= 20 S=[1, 2, 3, 4, 5, 6, 7, 8, 9, 10, 11, 12, 15, 17, 24, 25, 27, 28, 30, 31]  S-ring sizes [1, 1, 1, 1, 2, 2, 4, 4, 4, 4, 4, 4]  2-WL cells [1, 1, 1, 1, 2, 2, 2, 2, 2, 2, 4, 4, 4, 4]
  Z4^2xZ2    n= 32 |S|= 15 S=[2, 3, 5, 6, 7, 8, 12, 13, 15, 19, 23, 24, 27, 28, 29]  S-ring sizes [1, 1, 1, 1, 2, 2, 4, 4, 4, 4, 4, 4]  2-WL cells [1, 1, 1, 1, 2, 2, 2, 2, 2, 2, 4, 4, 4, 4]
  Z4^2xZ2    n= 32 |S|= 17 S=[1, 2, 3, 6, 7, 8, 9, 11, 12, 17, 18, 21, 22, 24, 25, 28, 31]  S-ring sizes [1, 1, 1, 1, 2, 2, 4, 4, 4, 4, 4, 4]  2-WL cells [1, 1, 1, 1, 2, 2, 2, 2, 2, 2, 4, 4, 4, 4]
  Z4^2xZ2    n= 32 |S|= 12 S=[1, 3, 5, 7, 8, 14, 16, 18, 20, 22, 24, 26]  S-ring sizes [1, 1, 2, 4, 4, 4, 4, 4, 8]  2-WL cells [1, 1, 2, 2, 2, 4, 4, 4, 4, 8]
  Z4^2xZ2    n= 32 |S|= 21 S=[2, 4, 5, 6, 8, 10, 11, 12, 13, 14, 16, 18, 19, 22, 23, 24, 26, 28, 29, 30, 31]  S-ring sizes [1, 1, 1, 1, 2, 2, 4, 4, 4, 4, 4, 4]  2-WL cells [1, 1, 1, 1, 2, 2, 2, 2, 2, 2, 4, 4, 4, 4]
  Z4^2xZ2    n= 32 |S|= 18 S=[3, 4, 5, 7, 10, 12, 13, 14, 15, 16, 17, 18, 22, 26, 27, 28, 29, 30]  S-ring sizes [1, 1, 1, 1, 2, 2, 4, 4, 8, 8]  2-WL cells [1, 1, 1, 1, 2, 2, 2, 2, 2, 2, 8, 8]
  Z4^2xZ2    n= 32 |S|= 18 S=[3, 7, 8, 9, 11, 13, 16, 17, 18, 19, 20, 21, 22, 23, 24, 25, 29, 31]  S-ring sizes [1, 1, 2, 4, 4, 4, 8, 8]  2-WL cells [1, 1, 2, 2, 2, 4, 4, 4, 4, 4, 4]
  Z4^2xZ2    n= 32 |S|= 21 S=[2, 5, 6, 8, 10, 11, 12, 13, 14, 16, 17, 19, 20, 21, 23, 24, 26, 28, 29, 30, 31]  S-ring sizes [1, 1, 3, 3, 6, 6, 6, 6]  2-WL cells [1, 1, 1, 1, 2, 2, 2, 2, 2, 2, 4, 4, 4, 4]
  Z4^2xZ2    n= 32 |S|= 11 S=[4, 8, 11, 14, 16, 18, 20, 22, 24, 26, 31]  S-ring sizes [1, 1, 2, 2, 2, 4, 4, 4, 4, 8]  2-WL cells [1, 1, 2, 2, 2, 2, 2, 2, 2, 4, 4, 8]
  Z4^2xZ2    n= 32 |S|= 10 S=[2, 3, 4, 5, 6, 7, 8, 10, 24, 30]  S-ring sizes [1, 1, 1, 1, 2, 2, 4, 4, 4, 4, 4, 4]  2-WL cells [1, 1, 1, 1, 2, 2, 2, 2, 2, 2, 4, 4, 4, 4]
  Z4^2xZ2    n= 32 |S|= 11 S=[1, 3, 4, 7, 8, 13, 14, 21, 24, 26, 29]  S-ring sizes [1, 1, 5, 5, 5, 5, 5, 5]  2-WL cells [1, 1, 1, 1, 1, 1, 1, 1, 2, 2, 2, 2, 2, 2, 2, 2, 2, 2, 2, 2]
  Z4^2xZ2    n= 32 |S|= 12 S=[1, 11, 13, 14, 16, 17, 18, 20, 22, 26, 29, 31]  S-ring sizes [1, 1, 3, 3, 3, 3, 3, 3, 6, 6]  2-WL cells [1, 1, 1, 1, 1, 1, 1, 1, 2, 2, 2, 2, 2, 2, 2, 2, 2, 2, 2, 2]
  Z4^2xZ2    n= 32 |S|= 16 S=[8, 10, 12, 13, 14, 15, 17, 18, 21, 22, 24, 26, 27, 28, 29, 30]  S-ring sizes [1, 1, 2, 2, 2, 4, 4, 4, 4, 8]  2-WL cells [1, 1, 2, 2, 2, 2, 2, 2, 2, 4, 4, 8]
  Z4^2xZ2    n= 32 |S|= 15 S=[2, 4, 6, 8, 13, 14, 16, 18, 19, 21, 22, 23, 24, 26, 29]  S-ring sizes [1, 1, 3, 3, 3, 3, 3, 3, 6, 6]  2-WL cells [1, 1, 1, 1, 1, 1, 1, 1, 2, 2, 2, 2, 2, 2, 2, 2, 2, 2, 2, 2]
  Z4^2xZ2    n= 32 |S|=  9 S=[3, 4, 7, 9, 15, 18, 22, 25, 27]  S-ring sizes [1, 3, 4, 6, 6, 12]  2-WL cells [1, 1, 2, 2, 2, 2, 2, 2, 2, 4, 4, 8]
  Z4^2xZ2    n= 32 |S|= 18 S=[2, 5, 6, 10, 11, 12, 13, 14, 18, 19, 21, 22, 23, 26, 28, 29, 30, 31]  S-ring sizes [1, 3, 4, 6, 6, 12]  2-WL cells [1, 1, 2, 2, 2, 4, 4, 4, 4, 8]
  Z4^2xZ2    n= 32 |S|= 20 S=[8, 9, 10, 11, 13, 15, 16, 17, 18, 19, 20, 21, 22, 23, 24, 25, 27, 29, 30, 31]  S-ring sizes [1, 1, 2, 4, 4, 4, 4, 4, 8]  2-WL cells [1, 1, 2, 2, 2, 4, 4, 4, 4, 8]
  Z4^2xZ2    n= 32 |S|= 19 S=[1, 2, 3, 4, 6, 7, 10, 11, 13, 15, 16, 17, 18, 20, 22, 27, 29, 30, 31]  S-ring sizes [1, 1, 2, 2, 2, 4, 4, 4, 4, 8]  2-WL cells [1, 1, 2, 2, 2, 2, 2, 2, 2, 4, 4, 8]
  Z4^2xZ2    n= 32 |S|= 19 S=[2, 4, 5, 6, 8, 10, 11, 13, 14, 16, 17, 19, 20, 23, 24, 26, 29, 30, 31]  S-ring sizes [1, 1, 1, 1, 2, 2, 8, 8, 8]  2-WL cells [1, 1, 1, 1, 2, 2, 4, 4, 8, 8]
  Z4^2xZ2    n= 32 |S|= 13 S=[1, 2, 6, 9, 14, 15, 16, 17, 19, 23, 25, 26, 27]  S-ring sizes [1, 1, 1, 1, 2, 2, 4, 4, 8, 8]  2-WL cells [1, 1, 1, 1, 2, 2, 2, 2, 2, 2, 8, 8]
  Z4^2xZ2    n= 32 |S|= 14 S=[3, 5, 7, 8, 9, 10, 14, 15, 21, 24, 25, 26, 27, 30]  S-ring sizes [1, 1, 2, 4, 4, 4, 8, 8]  2-WL cells [1, 1, 2, 2, 2, 4, 4, 4, 4, 4, 4]
  Z4^2xZ2    n= 32 |S|= 17 S=[3, 7, 9, 10, 12, 13, 14, 15, 17, 18, 22, 25, 26, 27, 28, 29, 30]  S-ring sizes [1, 1, 1, 1, 2, 2, 4, 4, 4, 4, 4, 4]  2-WL cells [1, 1, 1, 1, 2, 2, 2, 2, 2, 2, 4, 4, 4, 4]
  Z4^2xZ2    n= 32 |S|= 16 S=[1, 2, 4, 5, 6, 8, 9, 11, 12, 14, 20, 24, 25, 26, 28, 31]  S-ring sizes [1, 1, 5, 5, 5, 5, 5, 5]  2-WL cells [1, 1, 1, 1, 1, 1, 1, 1, 2, 2, 2, 2, 2, 2, 2, 2, 2, 2, 2, 2]
  Z4^2xZ2    n= 32 |S|= 15 S=[1, 2, 4, 5, 6, 8, 9, 11, 13, 20, 21, 24, 25, 29, 31]  S-ring sizes [1, 1, 1, 1, 2, 2, 4, 4, 4, 4, 4, 4]  2-WL cells [1, 1, 1, 1, 2, 2, 2, 2, 2, 2, 4, 4, 4, 4]
  Z4^2xZ2    n= 32 |S|= 18 S=[1, 3, 7, 8, 9, 11, 14, 15, 16, 18, 19, 22, 23, 24, 25, 26, 27, 31]  S-ring sizes [1, 1, 1, 1, 2, 2, 4, 4, 4, 4, 4, 4]  2-WL cells [1, 1, 1, 1, 2, 2, 2, 2, 2, 2, 4, 4, 4, 4]
  Z4^2xZ2    n= 32 |S|= 19 S=[1, 3, 4, 5, 7, 10, 12, 13, 14, 15, 17, 18, 20, 22, 26, 27, 28, 29, 30]  S-ring sizes [1, 1, 2, 4, 4, 4, 8, 8]  2-WL cells [1, 1, 1, 1, 2, 2, 2, 2, 4, 8, 8]
  Z4^2xZ2    n= 32 |S|= 16 S=[2, 4, 5, 6, 8, 9, 11, 14, 19, 20, 21, 23, 24, 25, 26, 31]  S-ring sizes [1, 1, 2, 4, 8, 8, 8]  2-WL cells [1, 1, 2, 4, 4, 4, 8, 8]
  Z4^2xZ2    n= 32 |S|= 15 S=[2, 3, 4, 5, 6, 7, 9, 11, 14, 18, 21, 22, 25, 26, 31]  S-ring sizes [1, 1, 3, 3, 3, 3, 3, 3, 6, 6]  2-WL cells [1, 1, 1, 1, 1, 1, 1, 1, 2, 2, 2, 2, 2, 2, 2, 2, 2, 2, 2, 2]
  Z4^2xZ2    n= 32 |S|= 17 S=[1, 2, 3, 4, 5, 6, 7, 10, 11, 12, 13, 20, 21, 28, 29, 30, 31]  S-ring sizes [1, 1, 2, 4, 8, 8, 8]  2-WL cells [1, 1, 2, 4, 4, 4, 8, 8]
  Z4^2xZ2    n= 32 |S|= 21 S=[3, 4, 5, 7, 8, 9, 12, 14, 15, 17, 18, 19, 20, 21, 22, 23, 24, 25, 26, 27, 28]  S-ring sizes [1, 1, 5, 5, 5, 5, 5, 5]  2-WL cells [1, 1, 1, 1, 1, 1, 1, 1, 2, 2, 2, 2, 2, 2, 2, 2, 2, 2, 2, 2]
  Z4^2xZ2    n= 32 |S|=  8 S=[3, 5, 7, 8, 15, 21, 24, 27]  S-ring sizes [1, 1, 2, 2, 2, 4, 4, 4, 4, 8]  2-WL cells [1, 1, 2, 2, 2, 2, 2, 2, 2, 4, 4, 8]
  Z4^2xZ2    n= 32 |S|= 14 S=[9, 11, 14, 15, 17, 18, 19, 21, 22, 23, 25, 26, 27, 31]  S-ring sizes [1, 1, 2, 4, 4, 4, 8, 8]  2-WL cells [1, 1, 2, 2, 2, 4, 4, 4, 4, 4, 4]
  Z4^2xZ2    n= 32 |S|= 15 S=[1, 3, 5, 7, 8, 10, 15, 16, 18, 19, 22, 23, 24, 27, 30]  S-ring sizes [1, 1, 5, 5, 5, 5, 5, 5]  2-WL cells [1, 1, 1, 1, 1, 1, 1, 1, 2, 2, 2, 2, 2, 2, 2, 2, 2, 2, 2, 2]
  Z4^2xZ2    n= 32 |S|= 13 S=[1, 4, 12, 14, 15, 17, 18, 20, 21, 22, 26, 27, 28]  S-ring sizes [1, 1, 3, 3, 3, 3, 3, 3, 6, 6]  2-WL cells [1, 1, 1, 1, 1, 1, 1, 1, 2, 2, 2, 2, 2, 2, 2, 2, 2, 2, 2, 2]
  Z4^2xZ2    n= 32 |S|= 12 S=[4, 5, 11, 13, 16, 18, 19, 20, 22, 23, 29, 31]  S-ring sizes [1, 1, 3, 3, 6, 6, 6, 6]  2-WL cells [1, 1, 1, 1, 2, 2, 2, 2, 2, 2, 4, 4, 4, 4]
  Z4^2xZ2    n= 32 |S|= 21 S=[1, 3, 5, 7, 9, 11, 12, 13, 14, 15, 16, 17, 18, 20, 22, 25, 26, 27, 28, 29, 31]  S-ring sizes [1, 1, 1, 1, 2, 2, 4, 4, 4, 4, 4, 4]  2-WL cells [1, 1, 1, 1, 2, 2, 2, 2, 2, 2, 4, 4, 4, 4]
  Z4^2xZ2    n= 32 |S|= 12 S=[5, 10, 13, 15, 16, 18, 20, 21, 22, 27, 29, 30]  S-ring sizes [1, 1, 3, 3, 3, 3, 3, 3, 6, 6]  2-WL cells [1, 1, 1, 1, 1, 1, 1, 1, 2, 2, 2, 2, 2, 2, 2, 2, 2, 2, 2, 2]
  Z4^2xZ2    n= 32 |S|= 15 S=[3, 7, 10, 11, 13, 14, 18, 19, 21, 22, 23, 26, 29, 30, 31]  S-ring sizes [1, 1, 1, 1, 2, 2, 4, 4, 4, 4, 4, 4]  2-WL cells [1, 1, 1, 1, 2, 2, 2, 2, 2, 2, 4, 4, 4, 4]
  Z4^2xZ2    n= 32 |S|= 18 S=[1, 2, 3, 5, 6, 7, 10, 11, 13, 15, 16, 17, 19, 23, 27, 29, 30, 31]  S-ring sizes [1, 1, 1, 1, 2, 2, 4, 4, 4, 4, 4, 4]  2-WL cells [1, 1, 1, 1, 2, 2, 2, 2, 2, 2, 4, 4, 4, 4]
  Z4^2xZ2    n= 32 |S|= 19 S=[1, 4, 5, 8, 9, 14, 15, 16, 17, 18, 19, 20, 21, 22, 23, 24, 25, 26, 27]  S-ring sizes [1, 1, 12, 18]  2-WL cells [1, 1, 6, 12, 12]
  Z4^2xZ2    n= 32 |S|= 16 S=[1, 2, 3, 4, 6, 7, 9, 14, 16, 17, 18, 20, 21, 22, 25, 26]  S-ring sizes [1, 1, 1, 1, 2, 2, 4, 4, 4, 4, 4, 4]  2-WL cells [1, 1, 1, 1, 2, 2, 2, 2, 2, 2, 4, 4, 4, 4]
  Z4^2xZ2    n= 32 |S|= 16 S=[1, 2, 3, 4, 6, 7, 8, 10, 16, 17, 19, 20, 21, 23, 24, 30]  S-ring sizes [1, 1, 1, 1, 2, 2, 4, 4, 4, 4, 4, 4]  2-WL cells [1, 1, 1, 1, 2, 2, 2, 2, 2, 2, 4, 4, 4, 4]
  Z4^2xZ2    n= 32 |S|= 21 S=[2, 6, 8, 9, 10, 11, 12, 14, 16, 18, 19, 20, 21, 22, 23, 24, 25, 26, 28, 30, 31]  S-ring sizes [1, 1, 1, 1, 2, 2, 4, 4, 4, 4, 4, 4]  2-WL cells [1, 1, 1, 1, 2, 2, 2, 2, 2, 2, 4, 4, 4, 4]
  Z4^2xZ2    n= 32 |S|= 16 S=[4, 8, 10, 11, 12, 13, 17, 18, 20, 21, 22, 24, 28, 29, 30, 31]  S-ring sizes [1, 1, 5, 5, 5, 5, 5, 5]  2-WL cells [1, 1, 1, 1, 1, 1, 1, 1, 2, 2, 2, 2, 2, 2, 2, 2, 2, 2, 2, 2]
  Z4^2xZ2    n= 32 |S|= 10 S=[2, 4, 5, 6, 9, 14, 20, 21, 25, 26]  S-ring sizes [1, 3, 4, 6, 6, 12]  2-WL cells [1, 1, 2, 2, 2, 4, 4, 4, 4, 8]
  Z4^2xZ2    n= 32 |S|= 14 S=[1, 4, 10, 13, 14, 15, 16, 19, 21, 23, 26, 27, 29, 30]  S-ring sizes [1, 1, 2, 4, 4, 4, 4, 4, 8]  2-WL cells [1, 1, 2, 2, 2, 4, 4, 4, 4, 8]
  Z4^2xZ2    n= 32 |S|=  9 S=[4, 5, 8, 10, 16, 18, 22, 24, 30]  S-ring sizes [1, 1, 1, 1, 2, 2, 4, 4, 4, 4, 4, 4]  2-WL cells [1, 1, 1, 1, 2, 2, 2, 2, 2, 2, 4, 4, 4, 4]
  Z4^2xZ2    n= 32 |S|= 18 S=[3, 4, 5, 7, 8, 10, 13, 14, 15, 16, 17, 18, 22, 24, 26, 27, 29, 30]  S-ring sizes [1, 1, 1, 1, 2, 2, 8, 8, 8]  2-WL cells [1, 1, 1, 1, 2, 2, 4, 4, 8, 8]
  Z4^2xZ2    n= 32 |S|= 17 S=[1, 3, 4, 5, 7, 10, 11, 13, 15, 16, 17, 20, 21, 27, 29, 30, 31]  S-ring sizes [1, 1, 2, 4, 4, 4, 8, 8]  2-WL cells [1, 1, 2, 2, 2, 4, 4, 8, 8]
  Z4^2xZ2    n= 32 |S|= 16 S=[1, 3, 4, 5, 7, 8, 10, 13, 14, 15, 21, 24, 26, 27, 29, 30]  S-ring sizes [1, 1, 5, 5, 5, 5, 5, 5]  2-WL cells [1, 1, 1, 1, 1, 1, 1, 1, 2, 2, 2, 2, 2, 2, 2, 2, 2, 2, 2, 2]
  Z4^2xZ2    n= 32 |S|= 15 S=[1, 9, 10, 11, 12, 13, 15, 19, 23, 25, 27, 28, 29, 30, 31]  S-ring sizes [1, 1, 1, 1, 2, 2, 4, 4, 4, 4, 4, 4]  2-WL cells [1, 1, 1, 1, 2, 2, 2, 2, 2, 2, 4, 4, 4, 4]
  Z4^2xZ2    n= 32 |S|= 21 S=[2, 3, 6, 7, 8, 9, 11, 12, 14, 15, 16, 19, 20, 21, 23, 24, 25, 26, 27, 28, 31]  S-ring sizes [1, 1, 1, 1, 2, 2, 4, 4, 4, 4, 4, 4]  2-WL cells [1, 1, 1, 1, 2, 2, 2, 2, 2, 2, 4, 4, 4, 4]
  Z4^2xZ2    n= 32 |S|=  9 S=[2, 4, 5, 6, 8, 14, 16, 24, 26]  S-ring sizes [1, 1, 1, 1, 2, 2, 4, 4, 4, 4, 4, 4]  2-WL cells [1, 1, 1, 1, 2, 2, 2, 2, 2, 2, 4, 4, 4, 4]
  Z4^2xZ2    n= 32 |S|= 20 S=[2, 4, 5, 6, 8, 10, 11, 13, 15, 16, 17, 19, 20, 21, 23, 24, 27, 29, 30, 31]  S-ring sizes [1, 1, 1, 1, 2, 2, 8, 8, 8]  2-WL cells [1, 1, 1, 1, 2, 2, 4, 4, 8, 8]
  Z4^2xZ2    n= 32 |S|= 11 S=[1, 3, 7, 13, 15, 17, 18, 20, 22, 27, 29]  S-ring sizes [1, 1, 5, 5, 5, 5, 5, 5]  2-WL cells [1, 1, 1, 1, 1, 1, 1, 1, 2, 2, 2, 2, 2, 2, 2, 2, 2, 2, 2, 2]
  Z4^2xZ2    n= 32 |S|= 17 S=[4, 5, 8, 9, 11, 12, 14, 18, 19, 20, 22, 23, 24, 25, 26, 28, 31]  S-ring sizes [1, 1, 1, 1, 2, 2, 4, 4, 8, 8]  2-WL cells [1, 1, 1, 1, 2, 2, 2, 2, 2, 2, 8, 8]
  Z4^2xZ2    n= 32 |S|= 10 S=[1, 4, 12, 14, 15, 18, 22, 26, 27, 28]  S-ring sizes [1, 1, 5, 5, 5, 5, 5, 5]  2-WL cells [1, 1, 1, 1, 1, 1, 1, 1, 2, 2, 2, 2, 2, 2, 2, 2, 2, 2, 2, 2]
  Z4^2xZ2    n= 32 |S|= 23 S=[1, 2, 3, 4, 5, 6, 7, 8, 9, 10, 14, 15, 16, 17, 18, 20, 21, 22, 24, 25, 26, 27, 30]  S-ring sizes [1, 1, 2, 2, 2, 4, 4, 4, 4, 8]  2-WL cells [1, 1, 2, 2, 2, 2, 2, 2, 2, 4, 4, 8]
  Z4^2xZ2    n= 32 |S|= 15 S=[1, 3, 5, 7, 8, 10, 16, 17, 18, 19, 20, 22, 23, 24, 30]  S-ring sizes [1, 1, 1, 1, 2, 2, 4, 4, 4, 4, 4, 4]  2-WL cells [1, 1, 1, 1, 2, 2, 2, 2, 2, 2, 4, 4, 4, 4]
  Z4^2xZ2    n= 32 |S|= 12 S=[9, 12, 13, 14, 17, 19, 21, 23, 25, 26, 28, 29]  S-ring sizes [1, 1, 2, 4, 4, 4, 8, 8]  2-WL cells [1, 1, 2, 2, 2, 4, 4, 4, 4, 4, 4]
  Z4^2xZ2    n= 32 |S|= 14 S=[3, 4, 7, 9, 10, 11, 12, 18, 21, 22, 25, 28, 30, 31]  S-ring sizes [1, 1, 1, 1, 4, 8, 8, 8]  2-WL cells [1, 1, 1, 1, 4, 4, 4, 8, 8]
  Z4^2xZ2    n= 32 |S|= 22 S=[2, 5, 6, 9, 10, 11, 12, 13, 15, 17, 18, 19, 20, 21, 22, 23, 25, 27, 28, 29, 30, 31]  S-ring sizes [1, 1, 3, 3, 6, 6, 6, 6]  2-WL cells [1, 1, 1, 1, 2, 2, 2, 2, 2, 2, 4, 4, 4, 4]
  Z4^2xZ2    n= 32 |S|= 18 S=[2, 3, 4, 6, 7, 9, 10, 12, 13, 15, 16, 18, 22, 25, 27, 28, 29, 30]  S-ring sizes [1, 3, 4, 6, 6, 12]  2-WL cells [1, 1, 2, 2, 2, 2, 2, 2, 2, 4, 4, 8]
  Z4^2xZ2    n= 32 |S|= 12 S=[5, 10, 11, 13, 15, 18, 20, 22, 27, 29, 30, 31]  S-ring sizes [1, 1, 3, 3, 6, 6, 6, 6]  2-WL cells [1, 1, 1, 1, 2, 2, 2, 2, 2, 2, 4, 4, 4, 4]
  Z4^2xZ2    n= 32 |S|= 13 S=[2, 6, 11, 12, 13, 14, 19, 20, 23, 26, 28, 29, 31]  S-ring sizes [1, 1, 1, 1, 4, 8, 8, 8]  2-WL cells [1, 1, 1, 1, 4, 4, 4, 8, 8]
  Z4^2xZ2    n= 32 |S|= 11 S=[4, 5, 8, 10, 16, 18, 20, 21, 22, 24, 30]  S-ring sizes [1, 1, 2, 2, 2, 4, 4, 4, 4, 8]  2-WL cells [1, 1, 2, 2, 2, 2, 2, 2, 2, 4, 4, 8]
  Z4^2xZ2    n= 32 |S|= 23 S=[1, 2, 3, 4, 5, 6, 7, 8, 9, 10, 11, 13, 15, 16, 19, 20, 23, 24, 25, 27, 29, 30, 31]  S-ring sizes [1, 1, 2, 2, 2, 4, 4, 4, 4, 8]  2-WL cells [1, 1, 2, 2, 2, 2, 2, 2, 2, 4, 4, 8]
  Z4^2xZ2    n= 32 |S|= 23 S=[2, 3, 4, 5, 6, 7, 9, 10, 11, 12, 13, 14, 16, 19, 20, 21, 23, 25, 26, 28, 29, 30, 31]  S-ring sizes [1, 1, 2, 4, 4, 4, 4, 4, 8]  2-WL cells [1, 1, 2, 2, 2, 4, 4, 4, 4, 8]
  Z4^2xZ2    n= 32 |S|=  8 S=[1, 3, 4, 7, 10, 12, 28, 30]  S-ring sizes [1, 1, 1, 1, 2, 2, 4, 4, 4, 4, 4, 4]  2-WL cells [1, 1, 1, 1, 2, 2, 2, 2, 2, 2, 4, 4, 4, 4]
  Z4^2xZ2    n= 32 |S|= 15 S=[1, 4, 9, 11, 14, 15, 16, 17, 18, 21, 22, 25, 26, 27, 31]  S-ring sizes [1, 1, 1, 1, 2, 2, 4, 4, 4, 4, 4, 4]  2-WL cells [1, 1, 1, 1, 2, 2, 2, 2, 2, 2, 4, 4, 4, 4]
  Z4^2xZ2    n= 32 |S|= 18 S=[2, 3, 5, 6, 7, 11, 12, 13, 14, 15, 19, 21, 23, 26, 27, 28, 29, 31]  S-ring sizes [1, 3, 4, 6, 6, 12]  2-WL cells [1, 1, 2, 2, 2, 4, 4, 4, 4, 8]
  Z4^2xZ2    n= 32 |S|= 24 S=[1, 3, 4, 5, 7, 9, 10, 11, 12, 13, 14, 16, 17, 18, 19, 20, 22, 23, 25, 26, 28, 29, 30, 31]  S-ring sizes [1, 1, 6, 6, 9, 9]  2-WL cells [1, 1, 3, 3, 6, 6, 6, 6]
  Z4^2xZ2    n= 32 |S|= 14 S=[1, 3, 4, 5, 7, 13, 15, 16, 18, 20, 21, 22, 27, 29]  S-ring sizes [1, 1, 1, 1, 2, 2, 4, 4, 4, 4, 4, 4]  2-WL cells [1, 1, 1, 1, 2, 2, 2, 2, 2, 2, 4, 4, 4, 4]
  Z4^2xZ2    n= 32 |S|= 15 S=[2, 6, 12, 13, 15, 17, 18, 19, 20, 21, 22, 23, 27, 28, 29]  S-ring sizes [1, 1, 5, 5, 5, 5, 5, 5]  2-WL cells [1, 1, 1, 1, 1, 1, 1, 1, 2, 2, 2, 2, 2, 2, 2, 2, 2, 2, 2, 2]
  Z4^2xZ2    n= 32 |S|= 14 S=[2, 3, 6, 7, 10, 12, 14, 15, 17, 21, 26, 27, 28, 30]  S-ring sizes [1, 1, 2, 4, 4, 4, 8, 8]  2-WL cells [1, 1, 2, 2, 2, 4, 4, 4, 4, 4, 4]
  Z4^2xZ2    n= 32 |S|= 14 S=[2, 4, 5, 6, 9, 10, 11, 12, 17, 20, 25, 28, 30, 31]  S-ring sizes [1, 1, 2, 4, 4, 4, 8, 8]  2-WL cells [1, 1, 1, 1, 2, 2, 2, 2, 4, 8, 8]
  Z4^2xZ2    n= 32 |S|= 19 S=[1, 2, 6, 8, 9, 10, 11, 12, 18, 19, 20, 21, 22, 23, 24, 25, 28, 30, 31]  S-ring sizes [1, 1, 2, 4, 4, 4, 4, 4, 8]  2-WL cells [1, 1, 2, 2, 2, 4, 4, 4, 4, 8]
  Z4^2xZ2    n= 32 |S|= 18 S=[1, 2, 3, 5, 6, 7, 8, 12, 13, 15, 16, 18, 20, 22, 24, 27, 28, 29]  S-ring sizes [1, 1, 2, 4, 4, 4, 8, 8]  2-WL cells [1, 1, 2, 2, 2, 4, 4, 4, 4, 4, 4]
  Z4^2xZ2    n= 32 |S|= 10 S=[3, 7, 10, 13, 16, 17, 18, 22, 29, 30]  S-ring sizes [1, 1, 5, 5, 5, 5, 5, 5]  2-WL cells [1, 1, 1, 1, 1, 1, 1, 1, 2, 2, 2, 2, 2, 2, 2, 2, 2, 2, 2, 2]
  Z4^2xZ2    n= 32 |S|= 21 S=[1, 4, 5, 8, 9, 12, 14, 15, 16, 17, 18, 19, 20, 21, 22, 23, 24, 25, 26, 27, 28]  S-ring sizes [1, 1, 1, 1, 2, 2, 8, 8, 8]  2-WL cells [1, 1, 1, 1, 2, 2, 4, 4, 8, 8]
  Z4^2xZ2    n= 32 |S|= 17 S=[1, 5, 10, 11, 12, 13, 15, 16, 18, 19, 22, 23, 27, 28, 29, 30, 31]  S-ring sizes [1, 1, 2, 4, 4, 4, 8, 8]  2-WL cells [1, 1, 1, 1, 2, 2, 2, 2, 4, 8, 8]
  Z4^2xZ2    n= 32 |S|= 14 S=[1, 2, 4, 5, 6, 8, 11, 14, 16, 17, 21, 24, 26, 31]  S-ring sizes [1, 1, 2, 2, 2, 4, 4, 4, 4, 8]  2-WL cells [1, 1, 2, 2, 2, 2, 2, 2, 2, 4, 4, 8]
  Z4^2xZ2    n= 32 |S|= 15 S=[2, 4, 5, 6, 8, 10, 11, 14, 16, 17, 21, 24, 26, 30, 31]  S-ring sizes [1, 1, 1, 1, 2, 2, 4, 4, 4, 4, 4, 4]  2-WL cells [1, 1, 1, 1, 2, 2, 2, 2, 2, 2, 4, 4, 4, 4]
  Z4^2xZ2    n= 32 |S|= 13 S=[5, 9, 11, 16, 17, 18, 19, 20, 21, 22, 23, 25, 31]  S-ring sizes [1, 1, 1, 1, 2, 2, 4, 4, 4, 4, 4, 4]  2-WL cells [1, 1, 1, 1, 2, 2, 2, 2, 2, 2, 4, 4, 4, 4]
  Z4^2xZ2    n= 32 |S|=  9 S=[1, 3, 7, 13, 15, 17, 21, 27, 29]  S-ring sizes [1, 1, 6, 6, 9, 9]  2-WL cells [1, 1, 3, 3, 6, 6, 6, 6]
  Z4^2xZ2    n= 32 |S|= 22 S=[1, 2, 4, 5, 6, 9, 12, 13, 14, 15, 16, 17, 18, 19, 20, 22, 23, 25, 26, 27, 28, 29]  S-ring sizes [1, 1, 1, 1, 2, 2, 4, 4, 4, 4, 4, 4]  2-WL cells [1, 1, 1, 1, 2, 2, 2, 2, 2, 2, 4, 4, 4, 4]
  Z4^2xZ2    n= 32 |S|= 19 S=[1, 3, 4, 7, 9, 10, 12, 13, 16, 18, 19, 20, 21, 22, 23, 25, 28, 29, 30]  S-ring sizes [1, 1, 2, 2, 2, 4, 4, 4, 4, 8]  2-WL cells [1, 1, 2, 2, 2, 2, 2, 2, 2, 4, 4, 8]
  Z4^2xZ2    n= 32 |S|= 13 S=[3, 4, 5, 7, 8, 11, 12, 13, 20, 24, 28, 29, 31]  S-ring sizes [1, 1, 1, 1, 2, 2, 4, 4, 4, 4, 4, 4]  2-WL cells [1, 1, 1, 1, 2, 2, 2, 2, 2, 2, 4, 4, 4, 4]
  Z4^2xZ2    n= 32 |S|= 16 S=[1, 4, 5, 8, 9, 10, 13, 16, 18, 20, 21, 22, 24, 25, 29, 30]  S-ring sizes [1, 1, 1, 1, 2, 2, 4, 4, 4, 4, 4, 4]  2-WL cells [1, 1, 1, 1, 2, 2, 2, 2, 2, 2, 4, 4, 4, 4]
  Z4^2xZ2    n= 32 |S|= 13 S=[1, 2, 4, 6, 9, 12, 15, 16, 19, 23, 25, 27, 28]  S-ring sizes [1, 1, 3, 3, 12, 12]  2-WL cells [1, 1, 1, 1, 2, 2, 2, 2, 2, 2, 8, 8]
  Z4^2xZ2    n= 32 |S|= 20 S=[1, 2, 5, 6, 8, 11, 12, 13, 14, 15, 17, 19, 21, 23, 24, 26, 27, 28, 29, 31]  S-ring sizes [1, 1, 2, 2, 2, 4, 4, 4, 4, 8]  2-WL cells [1, 1, 2, 2, 2, 2, 2, 2, 2, 4, 4, 8]
  Z4^2xZ2    n= 32 |S|= 19 S=[2, 4, 6, 11, 12, 13, 14, 16, 17, 18, 19, 20, 21, 22, 23, 26, 28, 29, 31]  S-ring sizes [1, 1, 3, 3, 12, 12]  2-WL cells [1, 1, 1, 1, 2, 2, 2, 2, 2, 2, 8, 8]
  Z4^2xZ2    n= 32 |S|= 13 S=[3, 7, 8, 11, 13, 16, 17, 18, 21, 22, 24, 29, 31]  S-ring sizes [1, 1, 2, 4, 4, 4, 8, 8]  2-WL cells [1, 1, 1, 1, 2, 2, 2, 2, 4, 8, 8]
  Z4^2xZ2    n= 32 |S|=  9 S=[5, 8, 15, 16, 18, 21, 22, 24, 27]  S-ring sizes [1, 1, 2, 4, 4, 4, 4, 4, 8]  2-WL cells [1, 1, 2, 2, 2, 4, 4, 4, 4, 8]
  Z4^2xZ2    n= 32 |S|= 10 S=[3, 4, 5, 7, 8, 11, 16, 17, 24, 31]  S-ring sizes [1, 1, 2, 2, 2, 4, 4, 4, 4, 8]  2-WL cells [1, 1, 2, 2, 2, 2, 2, 2, 2, 4, 4, 8]
  Z4^2xZ2    n= 32 |S|= 21 S=[2, 3, 5, 6, 7, 8, 9, 11, 13, 14, 15, 16, 19, 20, 23, 24, 25, 26, 27, 29, 31]  S-ring sizes [1, 1, 3, 3, 6, 6, 6, 6]  2-WL cells [1, 1, 1, 1, 2, 2, 2, 2, 2, 2, 4, 4, 4, 4]
  Z4^2xZ2    n= 32 |S|= 13 S=[5, 9, 10, 11, 17, 18, 19, 21, 22, 23, 25, 30, 31]  S-ring sizes [1, 1, 3, 3, 12, 12]  2-WL cells [1, 1, 1, 1, 2, 2, 2, 2, 2, 2, 8, 8]
  Z4^2xZ2    n= 32 |S|= 21 S=[1, 2, 3, 6, 7, 8, 11, 12, 13, 14, 15, 16, 17, 18, 22, 24, 26, 27, 28, 29, 31]  S-ring sizes [1, 1, 2, 2, 2, 4, 4, 4, 4, 8]  2-WL cells [1, 1, 2, 2, 2, 2, 2, 2, 2, 4, 4, 8]
  Z4^2xZ2    n= 32 |S|= 13 S=[1, 3, 7, 12, 14, 15, 16, 17, 18, 22, 26, 27, 28]  S-ring sizes [1, 1, 1, 1, 2, 2, 4, 4, 8, 8]  2-WL cells [1, 1, 1, 1, 2, 2, 2, 2, 2, 2, 8, 8]
  Z4^2xZ2    n= 32 |S|= 14 S=[2, 5, 6, 10, 12, 13, 15, 19, 20, 23, 27, 28, 29, 30]  S-ring sizes [1, 1, 2, 4, 8, 8, 8]  2-WL cells [1, 1, 2, 4, 4, 4, 8, 8]
  Z4^2xZ2    n= 32 |S|= 14 S=[1, 2, 6, 8, 14, 15, 16, 17, 19, 21, 23, 24, 26, 27]  S-ring sizes [1, 1, 1, 1, 2, 2, 4, 4, 8, 8]  2-WL cells [1, 1, 1, 1, 2, 2, 2, 2, 2, 2, 8, 8]
  Z4^2xZ2    n= 32 |S|= 19 S=[2, 4, 6, 8, 9, 10, 11, 13, 15, 16, 17, 20, 21, 24, 25, 27, 29, 30, 31]  S-ring sizes [1, 1, 2, 2, 2, 4, 4, 4, 4, 8]  2-WL cells [1, 1, 2, 2, 2, 2, 2, 2, 2, 4, 4, 8]
  Z4^2xZ2    n= 32 |S|= 18 S=[2, 3, 5, 6, 7, 10, 12, 13, 14, 15, 16, 20, 21, 26, 27, 28, 29, 30]  S-ring sizes [1, 1, 2, 4, 4, 4, 8, 8]  2-WL cells [1, 1, 1, 1, 2, 2, 2, 2, 4, 8, 8]
  Z4^2xZ2    n= 32 |S|= 16 S=[1, 2, 3, 5, 6, 7, 9, 12, 14, 19, 20, 21, 23, 25, 26, 28]  S-ring sizes [1, 1, 5, 5, 5, 5, 5, 5]  2-WL cells [1, 1, 1, 1, 1, 1, 1, 1, 2, 2, 2, 2, 2, 2, 2, 2, 2, 2, 2, 2]
  Z4^2xZ2    n= 32 |S|= 10 S=[2, 4, 5, 6, 13, 14, 20, 21, 26, 29]  S-ring sizes [1, 3, 4, 6, 6, 12]  2-WL cells [1, 1, 2, 2, 2, 4, 4, 4, 4, 8]
  Z4^2xZ2    n= 32 |S|= 20 S=[2, 4, 6, 9, 10, 12, 14, 15, 16, 17, 18, 19, 21, 22, 23, 25, 26, 27, 28, 30]  S-ring sizes [1, 1, 5, 5, 5, 5, 5, 5]  2-WL cells [1, 1, 1, 1, 1, 1, 1, 1, 2, 2, 2, 2, 2, 2, 2, 2, 2, 2, 2, 2]
  Z4^2xZ2    n= 32 |S|=  9 S=[1, 12, 14, 18, 20, 21, 22, 26, 28]  S-ring sizes [1, 3, 4, 6, 6, 12]  2-WL cells [1, 1, 2, 2, 2, 2, 2, 2, 2, 4, 4, 8]
  Z4^2xZ2    n= 32 |S|= 21 S=[2, 4, 6, 9, 10, 11, 12, 13, 14, 17, 18, 19, 20, 22, 23, 25, 26, 28, 29, 30, 31]  S-ring sizes [1, 1, 3, 3, 6, 6, 6, 6]  2-WL cells [1, 1, 1, 1, 2, 2, 2, 2, 2, 2, 4, 4, 4, 4]
  Z4^2xZ2    n= 32 |S|= 13 S=[1, 5, 10, 12, 13, 16, 17, 18, 20, 22, 28, 29, 30]  S-ring sizes [1, 1, 3, 3, 3, 3, 3, 3, 6, 6]  2-WL cells [1, 1, 1, 1, 1, 1, 1, 1, 2, 2, 2, 2, 2, 2, 2, 2, 2, 2, 2, 2]
  Z4^2xZ2    n= 32 |S|= 18 S=[1, 2, 5, 6, 8, 9, 10, 13, 14, 15, 16, 20, 24, 25, 26, 27, 29, 30]  S-ring sizes [1, 3, 4, 6, 6, 12]  2-WL cells [1, 1, 2, 2, 2, 4, 4, 4, 4, 8]
  Z4^2xZ2    n= 32 |S|= 14 S=[1, 4, 5, 11, 12, 14, 16, 17, 19, 21, 23, 26, 28, 31]  S-ring sizes [1, 1, 2, 2, 2, 4, 4, 4, 4, 8]  2-WL cells [1, 1, 2, 2, 2, 2, 2, 2, 2, 4, 4, 8]
  Z4^2xZ2    n= 32 |S|= 13 S=[3, 5, 7, 10, 12, 14, 15, 17, 21, 26, 27, 28, 30]  S-ring sizes [1, 1, 1, 1, 2, 2, 4, 4, 4, 4, 4, 4]  2-WL cells [1, 1, 1, 1, 2, 2, 2, 2, 2, 2, 4, 4, 4, 4]
  Z4^2xZ2    n= 32 |S|= 20 S=[1, 3, 4, 7, 8, 9, 11, 13, 14, 16, 18, 19, 21, 22, 23, 24, 25, 26, 29, 31]  S-ring sizes [1, 1, 2, 4, 4, 4, 4, 4, 8]  2-WL cells [1, 1, 2, 2, 2, 4, 4, 4, 4, 8]
  Z4^2xZ2    n= 32 |S|= 13 S=[4, 5, 10, 12, 15, 17, 18, 20, 21, 22, 27, 28, 30]  S-ring sizes [1, 1, 3, 3, 3, 3, 3, 3, 6, 6]  2-WL cells [1, 1, 1, 1, 1, 1, 1, 1, 2, 2, 2, 2, 2, 2, 2, 2, 2, 2, 2, 2]
  Z4^2xZ2    n= 32 |S|= 18 S=[1, 8, 9, 11, 13, 14, 16, 17, 18, 19, 21, 22, 23, 24, 25, 26, 29, 31]  S-ring sizes [1, 1, 1, 1, 2, 2, 4, 4, 8, 8]  2-WL cells [1, 1, 1, 1, 2, 2, 2, 2, 2, 2, 8, 8]
  Z4^2xZ2    n= 32 |S|= 19 S=[1, 3, 7, 8, 9, 13, 14, 15, 18, 19, 20, 21, 22, 23, 24, 25, 26, 27, 29]  S-ring sizes [1, 1, 2, 4, 4, 4, 4, 4, 8]  2-WL cells [1, 1, 2, 2, 2, 4, 4, 4, 4, 8]
  Z4^2xZ2    n= 32 |S|= 17 S=[1, 3, 4, 5, 7, 8, 10, 11, 12, 13, 15, 24, 27, 28, 29, 30, 31]  S-ring sizes [1, 1, 2, 2, 2, 4, 4, 4, 4, 8]  2-WL cells [1, 1, 2, 2, 2, 2, 2, 2, 2, 4, 4, 8]
  Z4^2xZ2    n= 32 |S|= 11 S=[4, 11, 12, 13, 19, 20, 21, 23, 28, 29, 31]  S-ring sizes [1, 1, 1, 1, 2, 2, 4, 4, 4, 4, 4, 4]  2-WL cells [1, 1, 1, 1, 2, 2, 2, 2, 2, 2, 4, 4, 4, 4]
  Z4^2xZ2    n= 32 |S|= 14 S=[1, 3, 4, 7, 9, 10, 12, 16, 18, 21, 22, 25, 28, 30]  S-ring sizes [1, 1, 1, 1, 2, 2, 4, 4, 8, 8]  2-WL cells [1, 1, 1, 1, 2, 2, 2, 2, 2, 2, 8, 8]
  Z4^2xZ2    n= 32 |S|= 16 S=[1, 2, 4, 6, 11, 12, 13, 14, 15, 17, 20, 26, 27, 28, 29, 31]  S-ring sizes [1, 1, 2, 4, 4, 4, 8, 8]  2-WL cells [1, 1, 2, 2, 2, 4, 4, 4, 4, 4, 4]
  Z4^2xZ2    n= 32 |S|= 19 S=[3, 7, 9, 11, 12, 14, 15, 17, 18, 19, 20, 21, 22, 23, 25, 26, 27, 28, 31]  S-ring sizes [1, 1, 3, 3, 3, 3, 3, 3, 6, 6]  2-WL cells [1, 1, 1, 1, 1, 1, 1, 1, 2, 2, 2, 2, 2, 2, 2, 2, 2, 2, 2, 2]
  Z4^2xZ2    n= 32 |S|= 17 S=[1, 2, 4, 6, 8, 9, 11, 14, 15, 16, 17, 20, 24, 25, 26, 27, 31]  S-ring sizes [1, 1, 2, 4, 4, 4, 8, 8]  2-WL cells [1, 1, 2, 2, 2, 4, 4, 4, 4, 4, 4]
  Z4^2xZ2    n= 32 |S|= 19 S=[2, 4, 5, 6, 8, 9, 11, 13, 16, 17, 18, 19, 20, 22, 23, 24, 25, 29, 31]  S-ring sizes [1, 1, 2, 2, 2, 4, 4, 4, 4, 8]  2-WL cells [1, 1, 2, 2, 2, 2, 2, 2, 2, 4, 4, 8]
  Z4^2xZ2    n= 32 |S|= 14 S=[1, 3, 4, 7, 8, 9, 11, 12, 16, 20, 24, 25, 28, 31]  S-ring sizes [1, 1, 1, 1, 2, 2, 4, 4, 4, 4, 4, 4]  2-WL cells [1, 1, 1, 1, 2, 2, 2, 2, 2, 2, 4, 4, 4, 4]
  Z4^2xZ2    n= 32 |S|= 15 S=[1, 2, 4, 5, 6, 10, 11, 12, 13, 16, 20, 28, 29, 30, 31]  S-ring sizes [1, 1, 1, 1, 2, 2, 4, 4, 8, 8]  2-WL cells [1, 1, 1, 1, 2, 2, 2, 2, 2, 2, 8, 8]
  Z4^2xZ2    n= 32 |S|= 16 S=[1, 2, 3, 4, 5, 6, 7, 10, 11, 13, 17, 20, 21, 29, 30, 31]  S-ring sizes [1, 1, 3, 3, 12, 12]  2-WL cells [1, 1, 1, 1, 2, 2, 4, 4, 8, 8]
  Z4^2xZ2    n= 32 |S|= 18 S=[2, 3, 4, 6, 7, 8, 9, 11, 14, 16, 17, 18, 20, 22, 24, 25, 26, 31]  S-ring sizes [1, 1, 3, 3, 12, 12]  2-WL cells [1, 1, 1, 1, 2, 2, 2, 2, 2, 2, 8, 8]
  Z4^2xZ2    n= 32 |S|= 15 S=[4, 5, 11, 13, 14, 15, 18, 19, 20, 22, 23, 26, 27, 29, 31]  S-ring sizes [1, 1, 3, 3, 3, 3, 3, 3, 6, 6]  2-WL cells [1, 1, 1, 1, 1, 1, 1, 1, 2, 2, 2, 2, 2, 2, 2, 2, 2, 2, 2, 2]
  Z4^2xZ2    n= 32 |S|= 14 S=[1, 3, 7, 10, 12, 13, 15, 17, 18, 22, 27, 28, 29, 30]  S-ring sizes [1, 1, 1, 1, 4, 8, 8, 8]  2-WL cells [1, 1, 1, 1, 4, 4, 4, 8, 8]
  Z4^2xZ2    n= 32 |S|= 16 S=[3, 7, 8, 9, 10, 13, 15, 18, 19, 22, 23, 24, 25, 27, 29, 30]  S-ring sizes [1, 1, 2, 2, 2, 4, 4, 4, 4, 8]  2-WL cells [1, 1, 2, 2, 2, 2, 2, 2, 2, 4, 4, 8]
  Z4^2xZ2    n= 32 |S|= 21 S=[2, 5, 6, 8, 9, 10, 11, 12, 16, 17, 18, 19, 20, 21, 22, 23, 24, 25, 28, 30, 31]  S-ring sizes [1, 1, 5, 5, 5, 5, 5, 5]  2-WL cells [1, 1, 1, 1, 1, 1, 1, 1, 2, 2, 2, 2, 2, 2, 2, 2, 2, 2, 2, 2]
  Z4^2xZ2    n= 32 |S|= 20 S=[1, 2, 3, 5, 6, 7, 8, 9, 10, 12, 15, 17, 19, 20, 23, 24, 25, 27, 28, 30]  S-ring sizes [1, 1, 1, 1, 2, 2, 4, 4, 4, 4, 4, 4]  2-WL cells [1, 1, 1, 1, 2, 2, 2, 2, 2, 2, 4, 4, 4, 4]
  Z4^2xZ2    n= 32 |S|= 18 S=[3, 4, 5, 7, 8, 9, 11, 14, 15, 18, 19, 22, 23, 24, 25, 26, 27, 31]  S-ring sizes [1, 1, 3, 3, 3, 3, 3, 3, 6, 6]  2-WL cells [1, 1, 1, 1, 1, 1, 1, 1, 2, 2, 2, 2, 2, 2, 2, 2, 2, 2, 2, 2]
  Z4^2xZ2    n= 32 |S|= 17 S=[2, 4, 6, 8, 9, 11, 13, 14, 15, 19, 23, 24, 25, 26, 27, 29, 31]  S-ring sizes [1, 1, 2, 2, 2, 4, 4, 4, 4, 8]  2-WL cells [1, 1, 2, 2, 2, 2, 2, 2, 2, 4, 4, 8]
  Z4^2xZ2    n= 32 |S|= 10 S=[1, 3, 4, 7, 8, 10, 11, 24, 30, 31]  S-ring sizes [1, 1, 5, 5, 5, 5, 5, 5]  2-WL cells [1, 1, 1, 1, 1, 1, 1, 1, 2, 2, 2, 2, 2, 2, 2, 2, 2, 2, 2, 2]
  Z4^2xZ2    n= 32 |S|= 14 S=[2, 4, 5, 6, 8, 12, 13, 14, 20, 21, 24, 26, 28, 29]  S-ring sizes [1, 1, 2, 4, 4, 4, 4, 4, 8]  2-WL cells [1, 1, 2, 2, 2, 4, 4, 4, 4, 8]
  Z4^2xZ2    n= 32 |S|= 14 S=[4, 5, 10, 12, 14, 15, 16, 17, 19, 23, 26, 27, 28, 30]  S-ring sizes [1, 1, 2, 2, 2, 4, 4, 4, 4, 8]  2-WL cells [1, 1, 2, 2, 2, 2, 2, 2, 2, 4, 4, 8]
  Z4^2xZ2    n= 32 |S|= 19 S=[3, 4, 5, 7, 8, 9, 10, 11, 15, 16, 17, 18, 20, 22, 24, 25, 27, 30, 31]  S-ring sizes [1, 1, 3, 3, 12, 12]  2-WL cells [1, 1, 1, 1, 2, 2, 2, 2, 2, 2, 8, 8]
  Z4^2xZ2    n= 32 |S|= 20 S=[1, 2, 3, 5, 6, 7, 9, 10, 12, 13, 15, 17, 18, 21, 22, 25, 27, 28, 29, 30]  S-ring sizes [1, 1, 2, 2, 2, 4, 4, 4, 4, 8]  2-WL cells [1, 1, 2, 2, 2, 2, 2, 2, 2, 4, 4, 8]
  Z4^2xZ2    n= 32 |S|= 18 S=[2, 4, 5, 6, 8, 9, 10, 12, 16, 18, 19, 20, 22, 23, 24, 25, 28, 30]  S-ring sizes [1, 1, 1, 1, 2, 2, 4, 4, 4, 4, 4, 4]  2-WL cells [1, 1, 1, 1, 2, 2, 2, 2, 2, 2, 4, 4, 4, 4]
  Z4^2xZ2    n= 32 |S|= 16 S=[2, 4, 6, 10, 11, 12, 13, 14, 16, 19, 23, 26, 28, 29, 30, 31]  S-ring sizes [1, 1, 1, 1, 2, 2, 4, 4, 8, 8]  2-WL cells [1, 1, 1, 1, 2, 2, 2, 2, 2, 2, 8, 8]
  Z4^2xZ2    n= 32 |S|= 16 S=[3, 7, 11, 13, 14, 15, 16, 17, 18, 19, 22, 23, 26, 27, 29, 31]  S-ring sizes [1, 1, 1, 1, 2, 2, 4, 4, 4, 4, 4, 4]  2-WL cells [1, 1, 1, 1, 2, 2, 2, 2, 2, 2, 4, 4, 4, 4]
  Z4^2xZ2    n= 32 |S|= 15 S=[2, 4, 6, 9, 10, 12, 16, 18, 19, 21, 22, 23, 25, 28, 30]  S-ring sizes [1, 1, 3, 3, 3, 3, 3, 3, 6, 6]  2-WL cells [1, 1, 1, 1, 1, 1, 1, 1, 2, 2, 2, 2, 2, 2, 2, 2, 2, 2, 2, 2]
  Z4^2xZ2    n= 32 |S|= 21 S=[3, 5, 7, 8, 10, 11, 12, 13, 15, 17, 18, 19, 20, 22, 23, 24, 27, 28, 29, 30, 31]  S-ring sizes [1, 3, 4, 6, 6, 12]  2-WL cells [1, 1, 2, 2, 2, 4, 4, 4, 4, 8]
  Z4^2xZ2    n= 32 |S|= 17 S=[1, 2, 3, 6, 7, 8, 9, 10, 11, 13, 18, 22, 24, 25, 29, 30, 31]  S-ring sizes [1, 1, 1, 1, 2, 2, 4, 4, 4, 4, 4, 4]  2-WL cells [1, 1, 1, 1, 2, 2, 2, 2, 2, 2, 4, 4, 4, 4]
  Z4^2xZ2    n= 32 |S|= 21 S=[1, 2, 3, 5, 6, 7, 8, 9, 10, 14, 15, 16, 18, 20, 21, 22, 24, 25, 26, 27, 30]  S-ring sizes [1, 1, 5, 5, 5, 5, 5, 5]  2-WL cells [1, 1, 1, 1, 1, 1, 1, 1, 2, 2, 2, 2, 2, 2, 2, 2, 2, 2, 2, 2]
  Z4^2xZ2    n= 32 |S|= 13 S=[1, 5, 10, 13, 15, 17, 19, 20, 21, 23, 27, 29, 30]  S-ring sizes [1, 3, 4, 6, 6, 12]  2-WL cells [1, 1, 2, 2, 2, 2, 2, 2, 2, 4, 4, 8]
  Z4^2xZ2    n= 32 |S|= 16 S=[1, 2, 3, 4, 5, 6, 7, 9, 12, 15, 16, 18, 22, 25, 27, 28]  S-ring sizes [1, 1, 3, 3, 3, 3, 3, 3, 6, 6]  2-WL cells [1, 1, 1, 1, 1, 1, 1, 1, 2, 2, 2, 2, 2, 2, 2, 2, 2, 2, 2, 2]
  Z4^2xZ2    n= 32 |S|= 15 S=[1, 4, 5, 8, 10, 13, 15, 18, 19, 22, 23, 24, 27, 29, 30]  S-ring sizes [1, 1, 2, 4, 8, 8, 8]  2-WL cells [1, 1, 2, 4, 4, 4, 8, 8]
  Z4^2xZ2    n= 32 |S|= 18 S=[1, 2, 5, 6, 10, 11, 13, 14, 16, 18, 19, 21, 22, 23, 26, 29, 30, 31]  S-ring sizes [1, 1, 1, 1, 2, 2, 4, 4, 4, 4, 4, 4]  2-WL cells [1, 1, 1, 1, 2, 2, 2, 2, 2, 2, 4, 4, 4, 4]
  Z4^2xZ2    n= 32 |S|= 10 S=[1, 8, 13, 14, 16, 18, 22, 24, 26, 29]  S-ring sizes [1, 1, 3, 3, 6, 6, 6, 6]  2-WL cells [1, 1, 1, 1, 2, 2, 2, 2, 2, 2, 4, 4, 4, 4]
  Z4^2xZ2    n= 32 |S|= 10 S=[2, 4, 5, 6, 9, 10, 17, 21, 25, 30]  S-ring sizes [1, 1, 1, 1, 2, 2, 4, 4, 4, 4, 4, 4]  2-WL cells [1, 1, 1, 1, 2, 2, 2, 2, 2, 2, 4, 4, 4, 4]
  Z4^2xZ2    n= 32 |S|= 14 S=[3, 7, 9, 11, 16, 17, 18, 19, 20, 21, 22, 23, 25, 31]  S-ring sizes [1, 1, 2, 2, 2, 4, 4, 4, 4, 8]  2-WL cells [1, 1, 2, 2, 2, 2, 2, 2, 2, 4, 4, 8]
  Z4^2xZ2    n= 32 |S|= 17 S=[1, 3, 5, 7, 11, 13, 14, 15, 18, 19, 21, 22, 23, 26, 27, 29, 31]  S-ring sizes [1, 1, 1, 1, 2, 2, 4, 4, 4, 4, 4, 4]  2-WL cells [1, 1, 1, 1, 2, 2, 2, 2, 2, 2, 4, 4, 4, 4]
  Z4^2xZ2    n= 32 |S|=  8 S=[5, 13, 15, 16, 18, 22, 27, 29]  S-ring sizes [1, 1, 1, 1, 2, 2, 4, 4, 4, 4, 4, 4]  2-WL cells [1, 1, 1, 1, 2, 2, 2, 2, 2, 2, 4, 4, 4, 4]
  Z4^2xZ2    n= 32 |S|= 22 S=[1, 2, 6, 8, 9, 11, 12, 14, 15, 17, 18, 19, 20, 21, 22, 23, 24, 25, 26, 27, 28, 31]  S-ring sizes [1, 1, 1, 1, 2, 2, 4, 4, 4, 4, 4, 4]  2-WL cells [1, 1, 1, 1, 2, 2, 2, 2, 2, 2, 4, 4, 4, 4]
  Z4^2xZ2    n= 32 |S|= 15 S=[1, 2, 3, 6, 7, 8, 11, 16, 17, 18, 20, 21, 22, 24, 31]  S-ring sizes [1, 1, 1, 1, 2, 2, 4, 4, 4, 4, 4, 4]  2-WL cells [1, 1, 1, 1, 2, 2, 2, 2, 2, 2, 4, 4, 4, 4]
  Z4^2xZ2    n= 32 |S|=  9 S=[5, 11, 12, 13, 18, 22, 28, 29, 31]  S-ring sizes [1, 1, 3, 3, 6, 6, 6, 6]  2-WL cells [1, 1, 1, 1, 2, 2, 2, 2, 2, 2, 4, 4, 4, 4]
  Z4^2xZ2    n= 32 |S|= 14 S=[1, 2, 4, 5, 6, 11, 12, 13, 14, 17, 26, 28, 29, 31]  S-ring sizes [1, 1, 1, 1, 2, 2, 4, 4, 8, 8]  2-WL cells [1, 1, 1, 1, 2, 2, 2, 2, 2, 2, 8, 8]
  Z4^2xZ2    n= 32 |S|= 16 S=[3, 4, 5, 7, 9, 12, 13, 15, 16, 18, 21, 22, 25, 27, 28, 29]  S-ring sizes [1, 1, 3, 3, 3, 3, 3, 3, 6, 6]  2-WL cells [1, 1, 1, 1, 1, 1, 1, 1, 2, 2, 2, 2, 2, 2, 2, 2, 2, 2, 2, 2]
  Z4^2xZ2    n= 32 |S|= 15 S=[1, 2, 4, 6, 8, 9, 14, 16, 18, 19, 22, 23, 24, 25, 26]  S-ring sizes [1, 1, 3, 3, 3, 3, 3, 3, 6, 6]  2-WL cells [1, 1, 1, 1, 1, 1, 1, 1, 2, 2, 2, 2, 2, 2, 2, 2, 2, 2, 2, 2]
  Z4^2xZ2    n= 32 |S|= 17 S=[3, 7, 11, 12, 13, 14, 15, 17, 18, 19, 22, 23, 26, 27, 28, 29, 31]  S-ring sizes [1, 1, 1, 1, 2, 2, 4, 4, 4, 4, 4, 4]  2-WL cells [1, 1, 1, 1, 2, 2, 2, 2, 2, 2, 4, 4, 4, 4]
  Z4^2xZ2    n= 32 |S|= 19 S=[1, 3, 5, 7, 9, 10, 11, 12, 14, 18, 19, 20, 22, 23, 25, 26, 28, 30, 31]  S-ring sizes [1, 1, 3, 3, 3, 3, 3, 3, 6, 6]  2-WL cells [1, 1, 1, 1, 1, 1, 1, 1, 2, 2, 2, 2, 2, 2, 2, 2, 2, 2, 2, 2]
  Z4^2xZ2    n= 32 |S|=  9 S=[5, 8, 10, 16, 18, 21, 22, 24, 30]  S-ring sizes [1, 3, 4, 6, 6, 12]  2-WL cells [1, 1, 2, 2, 2, 2, 2, 2, 2, 4, 4, 8]
  Z4^2xZ2    n= 32 |S|= 18 S=[1, 2, 5, 6, 8, 9, 12, 15, 17, 18, 19, 20, 22, 23, 24, 25, 27, 28]  S-ring sizes [1, 1, 1, 1, 2, 2, 4, 4, 4, 4, 4, 4]  2-WL cells [1, 1, 1, 1, 2, 2, 2, 2, 2, 2, 4, 4, 4, 4]
  Z4^2xZ2    n= 32 |S|= 22 S=[1, 2, 3, 4, 5, 6, 7, 8, 11, 12, 13, 14, 15, 17, 18, 22, 24, 26, 27, 28, 29, 31]  S-ring sizes [1, 1, 1, 1, 2, 2, 4, 4, 4, 4, 4, 4]  2-WL cells [1, 1, 1, 1, 2, 2, 2, 2, 2, 2, 4, 4, 4, 4]
  Z4^2xZ2    n= 32 |S|=  8 S=[2, 6, 10, 11, 12, 28, 30, 31]  S-ring sizes [1, 1, 2, 2, 2, 4, 4, 4, 4, 8]  2-WL cells [1, 1, 2, 2, 2, 2, 2, 2, 2, 4, 4, 8]
  Z4^2xZ2    n= 32 |S|= 15 S=[2, 6, 10, 11, 12, 13, 14, 16, 17, 20, 26, 28, 29, 30, 31]  S-ring sizes [1, 1, 3, 3, 3, 3, 3, 3, 6, 6]  2-WL cells [1, 1, 1, 1, 1, 1, 1, 1, 2, 2, 2, 2, 2, 2, 2, 2, 2, 2, 2, 2]
  Z4^2xZ2    n= 32 |S|= 14 S=[1, 2, 4, 5, 6, 9, 11, 14, 16, 17, 21, 25, 26, 31]  S-ring sizes [1, 1, 2, 2, 2, 4, 4, 4, 4, 8]  2-WL cells [1, 1, 2, 2, 2, 2, 2, 2, 2, 4, 4, 8]
  Z4^2xZ2    n= 32 |S|= 12 S=[2, 4, 6, 8, 11, 13, 16, 17, 20, 24, 29, 31]  S-ring sizes [1, 1, 1, 1, 2, 2, 4, 4, 4, 4, 4, 4]  2-WL cells [1, 1, 1, 1, 2, 2, 2, 2, 2, 2, 4, 4, 4, 4]
  Z4^2xZ2    n= 32 |S|= 23 S=[1, 2, 4, 5, 6, 8, 9, 12, 14, 15, 16, 17, 18, 19, 20, 21, 22, 23, 24, 25, 26, 27, 28]  S-ring sizes [1, 1, 2, 2, 2, 4, 4, 4, 4, 8]  2-WL cells [1, 1, 2, 2, 2, 2, 2, 2, 2, 4, 4, 8]
  Z4^2xZ2    n= 32 |S|= 21 S=[1, 2, 6, 9, 10, 11, 12, 13, 15, 16, 18, 19, 20, 22, 23, 25, 27, 28, 29, 30, 31]  S-ring sizes [1, 1, 1, 1, 2, 2, 4, 4, 4, 4, 4, 4]  2-WL cells [1, 1, 1, 1, 2, 2, 2, 2, 2, 2, 4, 4, 4, 4]
  Z4^2xZ2    n= 32 |S|= 12 S=[1, 3, 5, 7, 11, 12, 16, 18, 20, 22, 28, 31]  S-ring sizes [1, 1, 2, 4, 4, 4, 4, 4, 8]  2-WL cells [1, 1, 2, 2, 2, 4, 4, 4, 4, 8]
  Z4^2xZ2    n= 32 |S|= 15 S=[1, 5, 10, 12, 13, 15, 16, 18, 20, 21, 22, 27, 28, 29, 30]  S-ring sizes [1, 1, 3, 3, 12, 12]  2-WL cells [1, 1, 1, 1, 2, 2, 4, 4, 8, 8]
  Z4^2xZ2    n= 32 |S|= 12 S=[3, 5, 7, 9, 10, 15, 18, 21, 22, 25, 27, 30]  S-ring sizes [1, 1, 3, 3, 12, 12]  2-WL cells [1, 1, 1, 1, 2, 2, 2, 2, 2, 2, 8, 8]
  Z4^2xZ2    n= 32 |S|= 19 S=[1, 2, 4, 6, 8, 9, 10, 13, 15, 17, 18, 19, 22, 23, 24, 25, 27, 29, 30]  S-ring sizes [1, 1, 3, 3, 3, 3, 3, 3, 6, 6]  2-WL cells [1, 1, 1, 1, 1, 1, 1, 1, 2, 2, 2, 2, 2, 2, 2, 2, 2, 2, 2, 2]
  Z4^2xZ2    n= 32 |S|= 11 S=[1, 5, 11, 12, 13, 18, 20, 22, 28, 29, 31]  S-ring sizes [1, 1, 5, 5, 5, 5, 5, 5]  2-WL cells [1, 1, 1, 1, 1, 1, 1, 1, 2, 2, 2, 2, 2, 2, 2, 2, 2, 2, 2, 2]
  Z4^2xZ2    n= 32 |S|= 17 S=[2, 3, 4, 6, 7, 8, 9, 10, 11, 13, 14, 24, 25, 26, 29, 30, 31]  S-ring sizes [1, 1, 2, 2, 2, 4, 4, 4, 4, 8]  2-WL cells [1, 1, 2, 2, 2, 2, 2, 2, 2, 4, 4, 8]
  Z4^2xZ2    n= 32 |S|= 18 S=[2, 4, 5, 6, 8, 9, 11, 13, 16, 17, 18, 19, 22, 23, 24, 25, 29, 31]  S-ring sizes [1, 3, 4, 6, 6, 12]  2-WL cells [1, 1, 2, 2, 2, 2, 2, 2, 2, 4, 4, 8]
  Z4^2xZ2    n= 32 |S|= 11 S=[3, 4, 7, 8, 13, 15, 16, 20, 24, 27, 29]  S-ring sizes [1, 1, 2, 2, 2, 4, 4, 4, 4, 8]  2-WL cells [1, 1, 2, 2, 2, 2, 2, 2, 2, 4, 4, 8]
  Z4^2xZ2    n= 32 |S|= 11 S=[3, 4, 7, 8, 11, 14, 16, 21, 24, 26, 31]  S-ring sizes [1, 1, 1, 1, 2, 2, 4, 4, 4, 4, 4, 4]  2-WL cells [1, 1, 1, 1, 2, 2, 2, 2, 2, 2, 4, 4, 4, 4]
  Z4^2xZ2    n= 32 |S|= 17 S=[1, 3, 5, 7, 10, 12, 13, 15, 16, 18, 20, 21, 22, 27, 28, 29, 30]  S-ring sizes [1, 1, 1, 1, 4, 8, 8, 8]  2-WL cells [1, 1, 1, 1, 4, 4, 4, 8, 8]
  Z4^2xZ2    n= 32 |S|= 23 S=[1, 2, 4, 5, 6, 8, 9, 10, 11, 12, 14, 16, 18, 19, 20, 22, 23, 24, 25, 26, 28, 30, 31]  S-ring sizes [1, 1, 2, 4, 4, 4, 4, 4, 8]  2-WL cells [1, 1, 2, 2, 2, 4, 4, 4, 4, 8]
  Z4^2xZ2    n= 32 |S|= 18 S=[1, 5, 8, 9, 12, 14, 15, 17, 18, 19, 21, 22, 23, 24, 25, 26, 27, 28]  S-ring sizes [1, 1, 1, 1, 2, 2, 4, 4, 8, 8]  2-WL cells [1, 1, 1, 1, 2, 2, 2, 2, 2, 2, 8, 8]
  Z4^2xZ2    n= 32 |S|= 21 S=[2, 3, 6, 7, 8, 10, 11, 12, 13, 15, 16, 17, 19, 20, 23, 24, 27, 28, 29, 30, 31]  S-ring sizes [1, 1, 1, 1, 2, 2, 4, 4, 4, 4, 4, 4]  2-WL cells [1, 1, 1, 1, 2, 2, 2, 2, 2, 2, 4, 4, 4, 4]
  Z4^2xZ2    n= 32 |S|= 10 S=[5, 10, 13, 18, 19, 20, 22, 23, 29, 30]  S-ring sizes [1, 1, 5, 5, 5, 5, 5, 5]  2-WL cells [1, 1, 1, 1, 1, 1, 1, 1, 2, 2, 2, 2, 2, 2, 2, 2, 2, 2, 2, 2]
  Z4^2xZ2    n= 32 |S|= 22 S=[4, 5, 9, 10, 11, 12, 13, 15, 16, 17, 18, 19, 20, 21, 22, 23, 25, 27, 28, 29, 30, 31]  S-ring sizes [1, 1, 1, 1, 2, 2, 4, 4, 4, 4, 4, 4]  2-WL cells [1, 1, 1, 1, 2, 2, 2, 2, 2, 2, 4, 4, 4, 4]
  Z4^2xZ2    n= 32 |S|= 20 S=[1, 3, 7, 8, 9, 12, 14, 15, 17, 18, 19, 20, 21, 22, 23, 24, 25, 26, 27, 28]  S-ring sizes [1, 1, 1, 1, 2, 2, 4, 4, 4, 4, 4, 4]  2-WL cells [1, 1, 1, 1, 2, 2, 2, 2, 2, 2, 4, 4, 4, 4]
  Z4^2xZ2    n= 32 |S|= 19 S=[1, 5, 9, 10, 11, 12, 13, 14, 18, 19, 21, 22, 23, 25, 26, 28, 29, 30, 31]  S-ring sizes [1, 1, 1, 1, 2, 2, 4, 4, 4, 4, 4, 4]  2-WL cells [1, 1, 1, 1, 2, 2, 2, 2, 2, 2, 4, 4, 4, 4]
  Z4^2xZ2    n= 32 |S|= 21 S=[1, 2, 3, 4, 5, 6, 7, 8, 9, 10, 14, 15, 17, 19, 20, 23, 24, 25, 26, 27, 30]  S-ring sizes [1, 1, 3, 3, 6, 6, 6, 6]  2-WL cells [1, 1, 1, 1, 2, 2, 2, 2, 2, 2, 4, 4, 4, 4]
  Z4^2xZ2    n= 32 |S|= 14 S=[1, 3, 5, 7, 8, 10, 14, 15, 20, 21, 24, 26, 27, 30]  S-ring sizes [1, 1, 1, 1, 2, 2, 4, 4, 4, 4, 4, 4]  2-WL cells [1, 1, 1, 1, 2, 2, 2, 2, 2, 2, 4, 4, 4, 4]
  Z4^2xZ2    n= 32 |S|= 23 S=[1, 2, 3, 4, 6, 7, 8, 9, 10, 11, 12, 15, 17, 19, 20, 21, 23, 24, 25, 27, 28, 30, 31]  S-ring sizes [1, 1, 1, 1, 2, 2, 4, 4, 4, 4, 4, 4]  2-WL cells [1, 1, 1, 1, 2, 2, 2, 2, 2, 2, 4, 4, 4, 4]
  Z4^2xZ2    n= 32 |S|= 19 S=[1, 2, 3, 4, 5, 6, 7, 9, 12, 14, 15, 16, 19, 20, 23, 25, 26, 27, 28]  S-ring sizes [1, 1, 1, 1, 2, 2, 8, 8, 8]  2-WL cells [1, 1, 1, 1, 2, 2, 4, 4, 8, 8]
  Z4^2xZ2    n= 32 |S|= 18 S=[2, 6, 9, 10, 11, 12, 13, 14, 16, 19, 20, 23, 25, 26, 28, 29, 30, 31]  S-ring sizes [1, 3, 4, 6, 6, 12]  2-WL cells [1, 1, 2, 2, 2, 2, 2, 2, 2, 4, 4, 8]
  Z4^2xZ2    n= 32 |S|= 17 S=[1, 5, 8, 9, 11, 13, 14, 18, 19, 20, 22, 23, 24, 25, 26, 29, 31]  S-ring sizes [1, 1, 2, 4, 4, 4, 8, 8]  2-WL cells [1, 1, 1, 1, 2, 2, 2, 2, 4, 8, 8]
  Z4^2xZ2    n= 32 |S|= 15 S=[4, 5, 8, 9, 11, 14, 16, 17, 18, 21, 22, 24, 25, 26, 31]  S-ring sizes [1, 1, 2, 4, 4, 4, 8, 8]  2-WL cells [1, 1, 1, 1, 2, 2, 2, 2, 4, 8, 8]
  Z4^2xZ2    n= 32 |S|= 11 S=[1, 3, 7, 8, 11, 14, 18, 22, 24, 26, 31]  S-ring sizes [1, 1, 1, 1, 2, 2, 8, 8, 8]  2-WL cells [1, 1, 1, 1, 2, 2, 4, 4, 8, 8]
  Z4^2xZ2    n= 32 |S|= 16 S=[2, 5, 6, 8, 10, 13, 16, 17, 18, 19, 20, 22, 23, 24, 29, 30]  S-ring sizes [1, 1, 5, 5, 5, 5, 5, 5]  2-WL cells [1, 1, 1, 1, 1, 1, 1, 1, 2, 2, 2, 2, 2, 2, 2, 2, 2, 2, 2, 2]
  Z4^2xZ2    n= 32 |S|= 21 S=[2, 3, 4, 6, 7, 8, 9, 11, 13, 14, 15, 16, 17, 18, 22, 24, 25, 26, 27, 29, 31]  S-ring sizes [1, 1, 1, 1, 2, 2, 4, 4, 4, 4, 4, 4]  2-WL cells [1, 1, 1, 1, 2, 2, 2, 2, 2, 2, 4, 4, 4, 4]
  Z4^2xZ2    n= 32 |S|= 19 S=[1, 3, 5, 7, 8, 10, 11, 12, 13, 14, 17, 18, 22, 24, 26, 28, 29, 30, 31]  S-ring sizes [1, 1, 3, 3, 6, 6, 6, 6]  2-WL cells [1, 1, 1, 1, 2, 2, 2, 2, 2, 2, 4, 4, 4, 4]
  Z4^2xZ2    n= 32 |S|= 12 S=[1, 8, 9, 12, 15, 16, 19, 23, 24, 25, 27, 28]  S-ring sizes [1, 1, 3, 3, 6, 6, 6, 6]  2-WL cells [1, 1, 1, 1, 2, 2, 2, 2, 2, 2, 4, 4, 4, 4]
  Z4^2xZ2    n= 32 |S|= 13 S=[1, 3, 5, 7, 11, 12, 13, 14, 17, 26, 28, 29, 31]  S-ring sizes [1, 1, 1, 1, 2, 2, 4, 4, 8, 8]  2-WL cells [1, 1, 1, 1, 2, 2, 2, 2, 2, 2, 8, 8]
  Z4^2xZ2    n= 32 |S|= 13 S=[3, 5, 7, 8, 10, 11, 14, 17, 20, 24, 26, 30, 31]  S-ring sizes [1, 3, 4, 6, 6, 12]  2-WL cells [1, 1, 2, 2, 2, 2, 2, 2, 2, 4, 4, 8]
  Z4^2xZ2    n= 32 |S|= 12 S=[1, 2, 3, 4, 6, 7, 11, 13, 20, 21, 29, 31]  S-ring sizes [1, 1, 3, 3, 3, 3, 3, 3, 6, 6]  2-WL cells [1, 1, 1, 1, 1, 1, 1, 1, 2, 2, 2, 2, 2, 2, 2, 2, 2, 2, 2, 2]
  Z4^2xZ2    n= 32 |S|= 10 S=[1, 5, 13, 15, 16, 17, 19, 23, 27, 29]  S-ring sizes [1, 1, 1, 1, 2, 2, 4, 4, 4, 4, 4, 4]  2-WL cells [1, 1, 1, 1, 2, 2, 2, 2, 2, 2, 4, 4, 4, 4]
  Z4^2xZ2    n= 32 |S|= 16 S=[2, 3, 6, 7, 10, 12, 14, 15, 16, 18, 21, 22, 26, 27, 28, 30]  S-ring sizes [1, 1, 1, 1, 2, 2, 4, 4, 4, 4, 4, 4]  2-WL cells [1, 1, 1, 1, 2, 2, 2, 2, 2, 2, 4, 4, 4, 4]
  Z4^2xZ2    n= 32 |S|= 20 S=[1, 2, 4, 5, 6, 8, 12, 13, 14, 15, 18, 19, 20, 22, 23, 24, 26, 27, 28, 29]  S-ring sizes [1, 1, 5, 5, 5, 5, 5, 5]  2-WL cells [1, 1, 1, 1, 1, 1, 1, 1, 2, 2, 2, 2, 2, 2, 2, 2, 2, 2, 2, 2]
  Z4^2xZ2    n= 32 |S|=  9 S=[1, 8, 11, 18, 19, 22, 23, 24, 31]  S-ring sizes [1, 1, 1, 1, 2, 2, 4, 4, 4, 4, 4, 4]  2-WL cells [1, 1, 1, 1, 2, 2, 2, 2, 2, 2, 4, 4, 4, 4]
  Z4^2xZ2    n= 32 |S|= 11 S=[1, 9, 11, 12, 14, 18, 22, 25, 26, 28, 31]  S-ring sizes [1, 1, 1, 1, 2, 2, 8, 8, 8]  2-WL cells [1, 1, 1, 1, 2, 2, 4, 4, 8, 8]
  Z4^2xZ2    n= 32 |S|= 13 S=[2, 3, 4, 6, 7, 9, 11, 14, 20, 21, 25, 26, 31]  S-ring sizes [1, 1, 3, 3, 12, 12]  2-WL cells [1, 1, 1, 1, 2, 2, 2, 2, 2, 2, 8, 8]
  Z4^2xZ2    n= 32 |S|= 15 S=[5, 8, 9, 10, 13, 15, 16, 19, 20, 23, 24, 25, 27, 29, 30]  S-ring sizes [1, 1, 3, 3, 3, 3, 3, 3, 6, 6]  2-WL cells [1, 1, 1, 1, 1, 1, 1, 1, 2, 2, 2, 2, 2, 2, 2, 2, 2, 2, 2, 2]
  Z4^2xZ2    n= 32 |S|= 15 S=[4, 5, 8, 11, 13, 17, 18, 19, 20, 21, 22, 23, 24, 29, 31]  S-ring sizes [1, 1, 2, 4, 4, 4, 8, 8]  2-WL cells [1, 1, 1, 1, 2, 2, 2, 2, 4, 8, 8]
  Z4^2xZ2    n= 32 |S|= 21 S=[2, 3, 4, 6, 7, 8, 10, 11, 12, 13, 15, 17, 19, 21, 23, 24, 27, 28, 29, 30, 31]  S-ring sizes [1, 3, 4, 6, 6, 12]  2-WL cells [1, 1, 2, 2, 2, 4, 4, 4, 4, 8]
  Z4^2xZ2    n= 32 |S|= 17 S=[2, 3, 5, 6, 7, 8, 10, 11, 15, 16, 19, 21, 23, 24, 27, 30, 31]  S-ring sizes [1, 1, 2, 2, 2, 4, 4, 4, 4, 8]  2-WL cells [1, 1, 2, 2, 2, 2, 2, 2, 2, 4, 4, 8]
  Z4^2xZ2    n= 32 |S|= 13 S=[1, 4, 5, 11, 12, 14, 16, 18, 21, 22, 26, 28, 31]  S-ring sizes [1, 1, 1, 1, 2, 2, 4, 4, 4, 4, 4, 4]  2-WL cells [1, 1, 1, 1, 2, 2, 2, 2, 2, 2, 4, 4, 4, 4]
  Z4^2xZ2    n= 32 |S|= 19 S=[1, 2, 5, 6, 9, 12, 14, 15, 16, 17, 18, 19, 20, 22, 23, 25, 26, 27, 28]  S-ring sizes [1, 1, 1, 1, 2, 2, 8, 8, 8]  2-WL cells [1, 1, 1, 1, 2, 2, 4, 4, 8, 8]
  Z4^2xZ2    n= 32 |S|= 18 S=[1, 2, 3, 4, 6, 7, 10, 11, 12, 13, 15, 16, 20, 27, 28, 29, 30, 31]  S-ring sizes [1, 1, 3, 3, 12, 12]  2-WL cells [1, 1, 1, 1, 2, 2, 2, 2, 2, 2, 8, 8]
  Z4^2xZ2    n= 32 |S|=  9 S=[1, 8, 10, 13, 18, 22, 24, 29, 30]  S-ring sizes [1, 1, 3, 3, 6, 6, 6, 6]  2-WL cells [1, 1, 1, 1, 2, 2, 2, 2, 2, 2, 4, 4, 4, 4]
  Z4^2xZ2    n= 32 |S|= 16 S=[1, 2, 4, 6, 9, 12, 15, 17, 18, 19, 21, 22, 23, 25, 27, 28]  S-ring sizes [1, 1, 3, 3, 3, 3, 3, 3, 6, 6]  2-WL cells [1, 1, 1, 1, 1, 1, 1, 1, 2, 2, 2, 2, 2, 2, 2, 2, 2, 2, 2, 2]
  Z4^2xZ2    n= 32 |S|=  7 S=[2, 5, 6, 8, 11, 24, 31]  S-ring sizes [1, 1, 6, 6, 9, 9]  2-WL cells [1, 1, 3, 3, 6, 6, 6, 6]
  Z4^2xZ2    n= 32 |S|= 17 S=[3, 4, 7, 8, 9, 10, 11, 12, 15, 18, 22, 24, 25, 27, 28, 30, 31]  S-ring sizes [1, 1, 2, 2, 2, 4, 4, 4, 4, 8]  2-WL cells [1, 1, 2, 2, 2, 2, 2, 2, 2, 4, 4, 8]
  Z4^2xZ2    n= 32 |S|= 17 S=[1, 2, 6, 9, 12, 13, 14, 15, 16, 17, 19, 23, 25, 26, 27, 28, 29]  S-ring sizes [1, 1, 1, 1, 2, 2, 4, 4, 8, 8]  2-WL cells [1, 1, 1, 1, 2, 2, 2, 2, 2, 2, 8, 8]
  Z4^2xZ2    n= 32 |S|= 15 S=[2, 6, 8, 9, 13, 15, 18, 19, 20, 22, 23, 24, 25, 27, 29]  S-ring sizes [1, 1, 2, 4, 4, 4, 8, 8]  2-WL cells [1, 1, 2, 2, 2, 4, 4, 8, 8]
  Z4^2xZ2    n= 32 |S|= 13 S=[2, 4, 6, 10, 12, 14, 15, 16, 17, 26, 27, 28, 30]  S-ring sizes [1, 1, 1, 1, 2, 2, 4, 4, 4, 4, 4, 4]  2-WL cells [1, 1, 1, 1, 2, 2, 2, 2, 2, 2, 4, 4, 4, 4]
  Z4^2xZ2    n= 32 |S|= 17 S=[2, 3, 5, 6, 7, 8, 11, 13, 14, 19, 20, 21, 23, 24, 26, 29, 31]  S-ring sizes [1, 1, 2, 4, 4, 4, 8, 8]  2-WL cells [1, 1, 1, 1, 2, 2, 2, 2, 4, 8, 8]
  Z4^2xZ2    n= 32 |S|= 14 S=[8, 9, 10, 13, 17, 18, 19, 21, 22, 23, 24, 25, 29, 30]  S-ring sizes [1, 1, 2, 4, 4, 4, 8, 8]  2-WL cells [1, 1, 2, 2, 2, 4, 4, 4, 4, 4, 4]
  Z4^2xZ2    n= 32 |S|= 18 S=[2, 3, 5, 6, 7, 11, 12, 13, 14, 15, 17, 20, 21, 26, 27, 28, 29, 31]  S-ring sizes [1, 1, 1, 1, 2, 2, 4, 4, 8, 8]  2-WL cells [1, 1, 1, 1, 2, 2, 2, 2, 2, 2, 8, 8]
  Z4^2xZ2    n= 32 |S|=  9 S=[2, 3, 6, 7, 9, 11, 17, 25, 31]  S-ring sizes [1, 1, 3, 3, 6, 6, 6, 6]  2-WL cells [1, 1, 1, 1, 2, 2, 2, 2, 2, 2, 4, 4, 4, 4]
  Z4^2xZ2    n= 32 |S|=  9 S=[4, 9, 10, 16, 18, 21, 22, 25, 30]  S-ring sizes [1, 1, 3, 3, 6, 6, 6, 6]  2-WL cells [1, 1, 1, 1, 2, 2, 2, 2, 2, 2, 4, 4, 4, 4]
  Z4^2xZ2    n= 32 |S|= 13 S=[1, 3, 5, 7, 8, 14, 15, 17, 20, 21, 24, 26, 27]  S-ring sizes [1, 3, 4, 6, 6, 12]  2-WL cells [1, 1, 2, 2, 2, 2, 2, 2, 2, 4, 4, 8]
  Z4^2xZ2    n= 32 |S|= 18 S=[2, 4, 6, 9, 12, 13, 15, 16, 17, 18, 19, 20, 22, 23, 25, 27, 28, 29]  S-ring sizes [1, 1, 1, 1, 2, 2, 4, 4, 4, 4, 4, 4]  2-WL cells [1, 1, 1, 1, 2, 2, 2, 2, 2, 2, 4, 4, 4, 4]
  Z4^2xZ2    n= 32 |S|= 13 S=[1, 9, 11, 12, 13, 16, 17, 18, 22, 25, 28, 29, 31]  S-ring sizes [1, 3, 4, 6, 6, 12]  2-WL cells [1, 1, 2, 2, 2, 4, 4, 4, 4, 8]
  Z4^2xZ2    n= 32 |S|= 13 S=[1, 2, 3, 5, 6, 7, 9, 10, 11, 20, 25, 30, 31]  S-ring sizes [1, 1, 2, 4, 4, 4, 8, 8]  2-WL cells [1, 1, 1, 1, 2, 2, 2, 2, 4, 8, 8]
  Z4^2xZ2    n= 32 |S|= 22 S=[1, 2, 3, 4, 6, 7, 11, 12, 13, 14, 15, 16, 17, 19, 20, 21, 23, 26, 27, 28, 29, 31]  S-ring sizes [1, 1, 3, 3, 6, 6, 6, 6]  2-WL cells [1, 1, 1, 1, 2, 2, 2, 2, 2, 2, 4, 4, 4, 4]
  Z4^2xZ2    n= 32 |S|= 19 S=[1, 2, 5, 6, 8, 13, 14, 15, 16, 18, 19, 20, 21, 22, 23, 24, 26, 27, 29]  S-ring sizes [1, 1, 1, 1, 2, 2, 8, 8, 8]  2-WL cells [1, 1, 1, 1, 2, 2, 4, 4, 8, 8]
  Z4^2xZ2    n= 32 |S|= 21 S=[1, 2, 3, 6, 7, 9, 10, 12, 13, 14, 15, 16, 18, 20, 22, 25, 26, 27, 28, 29, 30]  S-ring sizes [1, 1, 3, 3, 6, 6, 6, 6]  2-WL cells [1, 1, 1, 1, 2, 2, 2, 2, 2, 2, 4, 4, 4, 4]
  Z4^2xZ2    n= 32 |S|= 15 S=[2, 5, 6, 9, 10, 12, 13, 16, 17, 19, 23, 25, 28, 29, 30]  S-ring sizes [1, 1, 3, 3, 3, 3, 3, 3, 6, 6]  2-WL cells [1, 1, 1, 1, 1, 1, 1, 1, 2, 2, 2, 2, 2, 2, 2, 2, 2, 2, 2, 2]
  Z4^2xZ2    n= 32 |S|= 17 S=[2, 3, 4, 6, 7, 8, 9, 12, 15, 16, 19, 20, 23, 24, 25, 27, 28]  S-ring sizes [1, 1, 2, 4, 4, 4, 8, 8]  2-WL cells [1, 1, 2, 2, 2, 4, 4, 8, 8]
  Z4^2xZ2    n= 32 |S|= 15 S=[1, 3, 4, 7, 11, 13, 14, 16, 17, 18, 20, 22, 26, 29, 31]  S-ring sizes [1, 1, 1, 1, 2, 2, 4, 4, 8, 8]  2-WL cells [1, 1, 1, 1, 2, 2, 2, 2, 2, 2, 8, 8]
  Z4^2xZ2    n= 32 |S|= 21 S=[2, 5, 6, 8, 9, 11, 13, 14, 15, 16, 18, 19, 20, 22, 23, 24, 25, 26, 27, 29, 31]  S-ring sizes [1, 1, 1, 1, 2, 2, 4, 4, 4, 4, 4, 4]  2-WL cells [1, 1, 1, 1, 2, 2, 2, 2, 2, 2, 4, 4, 4, 4]
  Z4^2xZ2    n= 32 |S|= 11 S=[1, 12, 14, 17, 18, 19, 20, 22, 23, 26, 28]  S-ring sizes [1, 1, 5, 5, 5, 5, 5, 5]  2-WL cells [1, 1, 1, 1, 1, 1, 1, 1, 2, 2, 2, 2, 2, 2, 2, 2, 2, 2, 2, 2]
  Z4^2xZ2    n= 32 |S|= 14 S=[2, 4, 6, 10, 12, 13, 15, 16, 20, 21, 27, 28, 29, 30]  S-ring sizes [1, 1, 1, 1, 2, 2, 4, 4, 8, 8]  2-WL cells [1, 1, 1, 1, 2, 2, 2, 2, 2, 2, 8, 8]
  Z4^2xZ2    n= 32 |S|= 16 S=[2, 4, 6, 9, 11, 12, 13, 14, 15, 21, 25, 26, 27, 28, 29, 31]  S-ring sizes [1, 1, 1, 1, 2, 2, 4, 4, 4, 4, 4, 4]  2-WL cells [1, 1, 1, 1, 2, 2, 2, 2, 2, 2, 4, 4, 4, 4]
  Z4^2xZ2    n= 32 |S|= 15 S=[8, 10, 11, 12, 13, 15, 17, 18, 22, 24, 27, 28, 29, 30, 31]  S-ring sizes [1, 1, 1, 1, 2, 2, 4, 4, 4, 4, 4, 4]  2-WL cells [1, 1, 1, 1, 2, 2, 2, 2, 2, 2, 4, 4, 4, 4]
  Z4^2xZ2    n= 32 |S|= 18 S=[2, 4, 6, 8, 12, 13, 14, 15, 16, 19, 20, 21, 23, 24, 26, 27, 28, 29]  S-ring sizes [1, 1, 3, 3, 12, 12]  2-WL cells [1, 1, 1, 1, 2, 2, 2, 2, 2, 2, 8, 8]
  Z4^2xZ2    n= 32 |S|= 17 S=[1, 2, 3, 4, 6, 7, 8, 10, 13, 15, 16, 17, 21, 24, 27, 29, 30]  S-ring sizes [1, 1, 1, 1, 4, 8, 8, 8]  2-WL cells [1, 1, 1, 1, 4, 4, 4, 8, 8]
  Z4^2xZ2    n= 32 |S|=  9 S=[1, 9, 11, 14, 19, 23, 25, 26, 31]  S-ring sizes [1, 1, 3, 3, 6, 6, 6, 6]  2-WL cells [1, 1, 1, 1, 2, 2, 2, 2, 2, 2, 4, 4, 4, 4]
  Z4^2xZ2    n= 32 |S|= 13 S=[1, 2, 3, 6, 7, 11, 12, 16, 17, 20, 21, 28, 31]  S-ring sizes [1, 1, 1, 1, 2, 2, 4, 4, 4, 4, 4, 4]  2-WL cells [1, 1, 1, 1, 2, 2, 2, 2, 2, 2, 4, 4, 4, 4]
  Z4^2xZ2    n= 32 |S|= 21 S=[2, 3, 6, 7, 9, 10, 12, 13, 14, 15, 16, 17, 18, 20, 22, 25, 26, 27, 28, 29, 30]  S-ring sizes [1, 1, 3, 3, 6, 6, 6, 6]  2-WL cells [1, 1, 1, 1, 2, 2, 2, 2, 2, 2, 4, 4, 4, 4]
  Z4^2xZ2    n= 32 |S|=  7 S=[1, 10, 13, 18, 22, 29, 30]  S-ring sizes [1, 1, 6, 6, 9, 9]  2-WL cells [1, 1, 3, 3, 6, 6, 6, 6]
  Z4^2xZ2    n= 32 |S|= 16 S=[4, 5, 8, 9, 11, 12, 14, 17, 19, 21, 23, 24, 25, 26, 28, 31]  S-ring sizes [1, 1, 5, 5, 5, 5, 5, 5]  2-WL cells [1, 1, 1, 1, 1, 1, 1, 1, 2, 2, 2, 2, 2, 2, 2, 2, 2, 2, 2, 2]
  Z4^2xZ2    n= 32 |S|= 14 S=[3, 4, 7, 9, 14, 16, 17, 18, 19, 20, 22, 23, 25, 26]  S-ring sizes [1, 1, 1, 1, 2, 2, 4, 4, 4, 4, 4, 4]  2-WL cells [1, 1, 1, 1, 2, 2, 2, 2, 2, 2, 4, 4, 4, 4]
  Z4^2xZ2    n= 32 |S|= 21 S=[1, 2, 3, 5, 6, 7, 8, 9, 11, 13, 14, 17, 18, 20, 21, 22, 24, 25, 26, 29, 31]  S-ring sizes [1, 1, 2, 2, 2, 4, 4, 4, 4, 8]  2-WL cells [1, 1, 2, 2, 2, 2, 2, 2, 2, 4, 4, 8]
  Z4^2xZ2    n= 32 |S|= 10 S=[2, 6, 8, 9, 14, 16, 17, 24, 25, 26]  S-ring sizes [1, 1, 1, 1, 2, 2, 4, 4, 4, 4, 4, 4]  2-WL cells [1, 1, 1, 1, 2, 2, 2, 2, 2, 2, 4, 4, 4, 4]
  Z4^2xZ2    n= 32 |S|= 16 S=[1, 2, 6, 10, 12, 15, 16, 17, 18, 19, 20, 22, 23, 27, 28, 30]  S-ring sizes [1, 1, 5, 5, 5, 5, 5, 5]  2-WL cells [1, 1, 1, 1, 1, 1, 1, 1, 2, 2, 2, 2, 2, 2, 2, 2, 2, 2, 2, 2]
  Z4^2xZ2    n= 32 |S|= 20 S=[1, 4, 5, 8, 9, 11, 13, 14, 16, 17, 18, 19, 20, 22, 23, 24, 25, 26, 29, 31]  S-ring sizes [1, 1, 1, 1, 2, 2, 8, 8, 8]  2-WL cells [1, 1, 1, 1, 2, 2, 4, 4, 8, 8]
  Z4^2xZ2    n= 32 |S|=  8 S=[1, 2, 5, 6, 9, 15, 25, 27]  S-ring sizes [1, 1, 2, 2, 2, 4, 4, 4, 4, 8]  2-WL cells [1, 1, 2, 2, 2, 2, 2, 2, 2, 4, 4, 8]
  Z4^2xZ2    n= 32 |S|= 10 S=[2, 3, 4, 5, 6, 7, 8, 15, 24, 27]  S-ring sizes [1, 1, 1, 1, 2, 2, 4, 4, 4, 4, 4, 4]  2-WL cells [1, 1, 1, 1, 2, 2, 2, 2, 2, 2, 4, 4, 4, 4]
  Z4^2xZ2    n= 32 |S|= 16 S=[1, 4, 9, 12, 13, 14, 15, 17, 19, 21, 23, 25, 26, 27, 28, 29]  S-ring sizes [1, 1, 5, 5, 5, 5, 5, 5]  2-WL cells [1, 1, 1, 1, 1, 1, 1, 1, 2, 2, 2, 2, 2, 2, 2, 2, 2, 2, 2, 2]
  Z4^2xZ2    n= 32 |S|= 21 S=[2, 6, 8, 10, 12, 13, 14, 15, 16, 17, 18, 19, 20, 22, 23, 24, 26, 27, 28, 29, 30]  S-ring sizes [1, 1, 1, 1, 2, 2, 4, 4, 4, 4, 4, 4]  2-WL cells [1, 1, 1, 1, 2, 2, 2, 2, 2, 2, 4, 4, 4, 4]
  Z4^2xZ2    n= 32 |S|= 23 S=[2, 3, 4, 5, 6, 7, 8, 9, 10, 11, 13, 14, 16, 17, 18, 21, 22, 24, 25, 26, 29, 30, 31]  S-ring sizes [1, 1, 1, 1, 2, 2, 4, 4, 4, 4, 4, 4]  2-WL cells [1, 1, 1, 1, 2, 2, 2, 2, 2, 2, 4, 4, 4, 4]
  Z4^2xZ2    n= 32 |S|= 16 S=[1, 3, 4, 5, 7, 13, 14, 15, 18, 19, 20, 22, 23, 26, 27, 29]  S-ring sizes [1, 1, 3, 3, 3, 3, 3, 3, 6, 6]  2-WL cells [1, 1, 1, 1, 1, 1, 1, 1, 2, 2, 2, 2, 2, 2, 2, 2, 2, 2, 2, 2]
  Z4^2xZ2    n= 32 |S|= 18 S=[2, 3, 5, 6, 7, 8, 12, 13, 14, 15, 16, 18, 22, 24, 26, 27, 28, 29]  S-ring sizes [1, 1, 3, 3, 3, 3, 3, 3, 6, 6]  2-WL cells [1, 1, 1, 1, 1, 1, 1, 1, 2, 2, 2, 2, 2, 2, 2, 2, 2, 2, 2, 2]
  Z4^2xZ2    n= 32 |S|= 10 S=[2, 4, 5, 6, 11, 13, 16, 17, 29, 31]  S-ring sizes [1, 1, 2, 2, 2, 4, 4, 4, 4, 8]  2-WL cells [1, 1, 2, 2, 2, 2, 2, 2, 2, 4, 4, 8]
  Z4^2xZ2    n= 32 |S|= 13 S=[2, 5, 6, 9, 12, 13, 15, 17, 20, 25, 27, 28, 29]  S-ring sizes [1, 1, 2, 4, 4, 4, 8, 8]  2-WL cells [1, 1, 2, 2, 2, 4, 4, 4, 4, 4, 4]
  Z4^2xZ2    n= 32 |S|=  8 S=[1, 3, 7, 11, 12, 20, 28, 31]  S-ring sizes [1, 1, 1, 1, 2, 2, 4, 4, 4, 4, 4, 4]  2-WL cells [1, 1, 1, 1, 2, 2, 2, 2, 2, 2, 4, 4, 4, 4]
  Z4^2xZ2    n= 32 |S|= 20 S=[1, 2, 3, 5, 6, 7, 9, 12, 13, 14, 15, 17, 18, 21, 22, 25, 26, 27, 28, 29]  S-ring sizes [1, 1, 2, 2, 2, 4, 4, 4, 4, 8]  2-WL cells [1, 1, 2, 2, 2, 2, 2, 2, 2, 4, 4, 8]
  Z4^2xZ2    n= 32 |S|= 16 S=[1, 4, 10, 11, 12, 15, 18, 19, 20, 21, 22, 23, 27, 28, 30, 31]  S-ring sizes [1, 1, 3, 3, 3, 3, 3, 3, 6, 6]  2-WL cells [1, 1, 1, 1, 1, 1, 1, 1, 2, 2, 2, 2, 2, 2, 2, 2, 2, 2, 2, 2]
  Z4^2xZ2    n= 32 |S|= 23 S=[1, 2, 3, 4, 5, 6, 7, 8, 10, 11, 12, 13, 14, 16, 18, 21, 22, 24, 26, 28, 29, 30, 31]  S-ring sizes [1, 1, 1, 1, 2, 2, 4, 4, 4, 4, 4, 4]  2-WL cells [1, 1, 1, 1, 2, 2, 2, 2, 2, 2, 4, 4, 4, 4]
  Z4^2xZ2    n= 32 |S|= 13 S=[4, 5, 11, 13, 14, 17, 18, 19, 22, 23, 26, 29, 31]  S-ring sizes [1, 1, 2, 4, 4, 4, 8, 8]  2-WL cells [1, 1, 1, 1, 2, 2, 2, 2, 4, 8, 8]
  Z4^2xZ2    n= 32 |S|= 18 S=[1, 2, 3, 5, 6, 7, 8, 10, 11, 14, 16, 19, 20, 23, 24, 26, 30, 31]  S-ring sizes [1, 1, 2, 4, 4, 4, 8, 8]  2-WL cells [1, 1, 2, 2, 2, 4, 4, 4, 4, 4, 4]
  Z4^2xZ2    n= 32 |S|= 19 S=[3, 7, 8, 11, 12, 13, 14, 16, 17, 18, 19, 21, 22, 23, 24, 26, 28, 29, 31]  S-ring sizes [1, 1, 3, 3, 3, 3, 3, 3, 6, 6]  2-WL cells [1, 1, 1, 1, 1, 1, 1, 1, 2, 2, 2, 2, 2, 2, 2, 2, 2, 2, 2, 2]
  Z4^2xZ2    n= 32 |S|= 15 S=[1, 3, 4, 5, 7, 11, 12, 13, 17, 18, 20, 22, 28, 29, 31]  S-ring sizes [1, 1, 2, 4, 4, 4, 8, 8]  2-WL cells [1, 1, 1, 1, 2, 2, 2, 2, 4, 8, 8]
  Z4^2xZ2    n= 32 |S|= 15 S=[2, 6, 8, 11, 12, 13, 14, 16, 17, 21, 24, 26, 28, 29, 31]  S-ring sizes [1, 1, 3, 3, 3, 3, 3, 3, 6, 6]  2-WL cells [1, 1, 1, 1, 1, 1, 1, 1, 2, 2, 2, 2, 2, 2, 2, 2, 2, 2, 2, 2]
  Z4^2xZ2    n= 32 |S|= 18 S=[2, 3, 4, 5, 6, 7, 8, 10, 11, 14, 16, 18, 20, 22, 24, 26, 30, 31]  S-ring sizes [1, 1, 1, 1, 2, 2, 4, 4, 4, 4, 4, 4]  2-WL cells [1, 1, 1, 1, 2, 2, 2, 2, 2, 2, 4, 4, 4, 4]
  Z4^2xZ2    n= 32 |S|= 18 S=[2, 4, 6, 10, 11, 12, 13, 14, 16, 17, 19, 20, 23, 26, 28, 29, 30, 31]  S-ring sizes [1, 1, 3, 3, 12, 12]  2-WL cells [1, 1, 1, 1, 2, 2, 2, 2, 2, 2, 8, 8]
  Z4^2xZ2    n= 32 |S|= 15 S=[2, 4, 6, 9, 11, 12, 14, 18, 19, 22, 23, 25, 26, 28, 31]  S-ring sizes [1, 1, 3, 3, 12, 12]  2-WL cells [1, 1, 1, 1, 2, 2, 4, 4, 8, 8]
  Z4^2xZ2    n= 32 |S|= 14 S=[2, 4, 5, 6, 8, 11, 12, 13, 20, 21, 24, 28, 29, 31]  S-ring sizes [1, 1, 2, 2, 2, 4, 4, 4, 4, 8]  2-WL cells [1, 1, 2, 2, 2, 2, 2, 2, 2, 4, 4, 8]
  Z4^2xZ2    n= 32 |S|= 16 S=[1, 4, 8, 9, 10, 11, 12, 15, 18, 22, 24, 25, 27, 28, 30, 31]  S-ring sizes [1, 1, 1, 1, 2, 2, 4, 4, 4, 4, 4, 4]  2-WL cells [1, 1, 1, 1, 2, 2, 2, 2, 2, 2, 4, 4, 4, 4]
  Z4^2xZ2    n= 32 |S|= 10 S=[2, 4, 5, 6, 9, 15, 19, 23, 25, 27]  S-ring sizes [1, 1, 3, 3, 6, 6, 6, 6]  2-WL cells [1, 1, 1, 1, 2, 2, 2, 2, 2, 2, 4, 4, 4, 4]
  Z4^2xZ2    n= 32 |S|= 16 S=[1, 2, 3, 5, 6, 7, 8, 11, 14, 15, 16, 20, 24, 26, 27, 31]  S-ring sizes [1, 1, 2, 4, 4, 4, 8, 8]  2-WL cells [1, 1, 2, 2, 2, 4, 4, 4, 4, 4, 4]
  Z4^2xZ2    n= 32 |S|= 19 S=[2, 3, 4, 5, 6, 7, 10, 11, 12, 13, 14, 17, 18, 22, 26, 28, 29, 30, 31]  S-ring sizes [1, 1, 3, 3, 3, 3, 3, 3, 6, 6]  2-WL cells [1, 1, 1, 1, 1, 1, 1, 1, 2, 2, 2, 2, 2, 2, 2, 2, 2, 2, 2, 2]
  Z4^2xZ2    n= 32 |S|= 13 S=[1, 2, 4, 6, 11, 12, 13, 16, 17, 20, 28, 29, 31]  S-ring sizes [1, 3, 4, 6, 6, 12]  2-WL cells [1, 1, 2, 2, 2, 4, 4, 4, 4, 8]
  Z4^2xZ2    n= 32 |S|= 21 S=[1, 2, 4, 6, 8, 9, 10, 11, 12, 16, 17, 18, 19, 21, 22, 23, 24, 25, 28, 30, 31]  S-ring sizes [1, 1, 3, 3, 6, 6, 6, 6]  2-WL cells [1, 1, 1, 1, 2, 2, 2, 2, 2, 2, 4, 4, 4, 4]
  Z4^2xZ2    n= 32 |S|= 13 S=[1, 5, 8, 14, 15, 18, 19, 20, 22, 23, 24, 26, 27]  S-ring sizes [1, 1, 2, 4, 4, 4, 8, 8]  2-WL cells [1, 1, 1, 1, 2, 2, 2, 2, 4, 8, 8]
  Z4^2xZ2    n= 32 |S|= 22 S=[2, 3, 4, 5, 6, 7, 8, 11, 12, 13, 14, 16, 17, 18, 20, 21, 22, 24, 26, 28, 29, 31]  S-ring sizes [1, 1, 3, 3, 6, 6, 6, 6]  2-WL cells [1, 1, 1, 1, 2, 2, 2, 2, 2, 2, 4, 4, 4, 4]
  Z4^2xZ2    n= 32 |S|= 15 S=[4, 5, 11, 12, 13, 16, 17, 18, 19, 21, 22, 23, 28, 29, 31]  S-ring sizes [1, 1, 3, 3, 12, 12]  2-WL cells [1, 1, 1, 1, 2, 2, 4, 4, 8, 8]
  Z4^2xZ2    n= 32 |S|= 18 S=[1, 2, 4, 6, 8, 9, 10, 11, 13, 14, 17, 21, 24, 25, 26, 29, 30, 31]  S-ring sizes [1, 1, 1, 1, 2, 2, 4, 4, 4, 4, 4, 4]  2-WL cells [1, 1, 1, 1, 2, 2, 2, 2, 2, 2, 4, 4, 4, 4]
  Z4^2xZ2    n= 32 |S|= 19 S=[2, 3, 4, 5, 6, 7, 9, 11, 12, 14, 15, 16, 17, 20, 25, 26, 27, 28, 31]  S-ring sizes [1, 1, 3, 3, 12, 12]  2-WL cells [1, 1, 1, 1, 2, 2, 2, 2, 2, 2, 8, 8]
  Z4^2xZ2    n= 32 |S|= 13 S=[1, 2, 3, 6, 7, 12, 14, 15, 16, 17, 26, 27, 28]  S-ring sizes [1, 1, 1, 1, 2, 2, 8, 8, 8]  2-WL cells [1, 1, 1, 1, 2, 2, 4, 4, 8, 8]
  Z4^2xZ2    n= 32 |S|= 19 S=[1, 2, 3, 4, 5, 6, 7, 8, 11, 14, 15, 17, 19, 20, 23, 24, 26, 27, 31]  S-ring sizes [1, 1, 3, 3, 6, 6, 6, 6]  2-WL cells [1, 1, 1, 1, 2, 2, 2, 2, 2, 2, 4, 4, 4, 4]
  Z4^2xZ2    n= 32 |S|= 12 S=[3, 4, 7, 11, 12, 14, 16, 20, 21, 26, 28, 31]  S-ring sizes [1, 1, 1, 1, 2, 2, 4, 4, 4, 4, 4, 4]  2-WL cells [1, 1, 1, 1, 2, 2, 2, 2, 2, 2, 4, 4, 4, 4]
  Z4^2xZ2    n= 32 |S|= 10 S=[1, 2, 3, 6, 7, 13, 15, 16, 27, 29]  S-ring sizes [1, 1, 5, 5, 5, 5, 5, 5]  2-WL cells [1, 1, 1, 1, 1, 1, 1, 1, 2, 2, 2, 2, 2, 2, 2, 2, 2, 2, 2, 2]
  Z4^2xZ2    n= 32 |S|= 15 S=[10, 11, 12, 13, 15, 18, 19, 21, 22, 23, 27, 28, 29, 30, 31]  S-ring sizes [1, 1, 3, 3, 12, 12]  2-WL cells [1, 1, 1, 1, 2, 2, 4, 4, 8, 8]
  Z4^2xZ2    n= 32 |S|= 16 S=[3, 7, 10, 11, 12, 13, 14, 17, 18, 20, 22, 26, 28, 29, 30, 31]  S-ring sizes [1, 1, 3, 3, 12, 12]  2-WL cells [1, 1, 1, 1, 2, 2, 4, 4, 8, 8]
  Z4^2xZ2    n= 32 |S|= 19 S=[1, 4, 8, 10, 11, 12, 13, 16, 17, 18, 19, 21, 22, 23, 24, 28, 29, 30, 31]  S-ring sizes [1, 1, 2, 4, 4, 4, 8, 8]  2-WL cells [1, 1, 1, 1, 2, 2, 2, 2, 4, 8, 8]
  Z4^2xZ2    n= 32 |S|=  7 S=[2, 5, 6, 10, 13, 29, 30]  S-ring sizes [1, 1, 6, 6, 9, 9]  2-WL cells [1, 1, 3, 3, 6, 6, 6, 6]
  Z4^2xZ2    n= 32 |S|= 10 S=[4, 5, 9, 10, 16, 17, 19, 23, 25, 30]  S-ring sizes [1, 1, 2, 2, 2, 4, 4, 4, 4, 8]  2-WL cells [1, 1, 2, 2, 2, 2, 2, 2, 2, 4, 4, 8]
  Z4^2xZ2    n= 32 |S|= 10 S=[1, 3, 7, 9, 10, 16, 17, 21, 25, 30]  S-ring sizes [1, 1, 3, 3, 6, 6, 6, 6]  2-WL cells [1, 1, 1, 1, 2, 2, 2, 2, 2, 2, 4, 4, 4, 4]
  -- Z4^2xZ2: 3938 S-ring-nondiscrete of 4000 sets
  Z8xZ4      n= 32 |S|= 19 S=[1, 3, 4, 7, 8, 9, 10, 11, 12, 13, 18, 20, 23, 24, 25, 26, 27, 28, 29]  S-ring sizes [1, 1, 1, 1, 2, 2, 8, 8, 8]  2-WL cells [1, 1, 1, 1, 2, 2, 4, 4, 8, 8]
  Z8xZ4      n= 32 |S|= 14 S=[5, 7, 8, 9, 13, 15, 17, 19, 21, 23, 24, 27, 29, 31]  S-ring sizes [1, 1, 2, 4, 4, 4, 8, 8]  2-WL cells [1, 1, 2, 2, 2, 4, 4, 8, 8]
  Z8xZ4      n= 32 |S|=  9 S=[7, 11, 13, 16, 17, 19, 23, 25, 29]  S-ring sizes [1, 1, 2, 4, 4, 4, 4, 4, 8]  2-WL cells [1, 1, 2, 2, 2, 4, 4, 4, 4, 8]
  Z8xZ4      n= 32 |S|= 15 S=[2, 5, 7, 9, 10, 12, 14, 17, 19, 20, 22, 26, 27, 29, 31]  S-ring sizes [1, 1, 2, 4, 4, 4, 8, 8]  2-WL cells [1, 1, 2, 2, 2, 4, 4, 8, 8]
  Z8xZ4      n= 32 |S|= 10 S=[2, 4, 9, 12, 17, 18, 19, 20, 27, 28]  S-ring sizes [1, 3, 4, 6, 6, 12]  2-WL cells [1, 1, 2, 2, 2, 4, 4, 4, 4, 8]
  Z8xZ4      n= 32 |S|= 12 S=[6, 7, 11, 13, 14, 16, 18, 22, 23, 25, 29, 30]  S-ring sizes [1, 1, 1, 1, 2, 2, 8, 8, 8]  2-WL cells [1, 1, 1, 1, 2, 2, 4, 4, 8, 8]
  Z8xZ4      n= 32 |S|= 16 S=[2, 4, 8, 9, 11, 13, 14, 15, 18, 21, 22, 23, 24, 25, 27, 28]  S-ring sizes [1, 1, 2, 6, 6, 8, 8]  2-WL cells [1, 1, 2, 2, 2, 4, 4, 8, 8]
  Z8xZ4      n= 32 |S|= 12 S=[2, 6, 7, 11, 13, 14, 18, 22, 23, 25, 29, 30]  S-ring sizes [1, 1, 1, 1, 2, 2, 8, 8, 8]  2-WL cells [1, 1, 1, 1, 2, 2, 4, 4, 8, 8]
  Z8xZ4      n= 32 |S|= 12 S=[2, 5, 6, 7, 10, 12, 18, 20, 26, 29, 30, 31]  S-ring sizes [1, 1, 2, 4, 8, 8, 8]  2-WL cells [1, 1, 2, 2, 2, 4, 4, 8, 8]
  Z8xZ4      n= 32 |S|= 11 S=[1, 3, 6, 13, 14, 16, 17, 19, 22, 23, 30]  S-ring sizes [1, 1, 2, 2, 2, 8, 8, 8]  2-WL cells [1, 1, 2, 2, 2, 4, 4, 8, 8]
  Z8xZ4      n= 32 |S|= 13 S=[1, 3, 7, 12, 14, 15, 16, 17, 19, 20, 21, 22, 29]  S-ring sizes [1, 1, 2, 4, 8, 8, 8]  2-WL cells [1, 1, 2, 2, 2, 4, 4, 8, 8]
  Z8xZ4      n= 32 |S|= 14 S=[2, 4, 6, 7, 9, 11, 15, 18, 21, 25, 27, 28, 29, 30]  S-ring sizes [1, 1, 6, 8, 8, 8]  2-WL cells [1, 1, 2, 6, 6, 8, 8]
  Z8xZ4      n= 32 |S|= 13 S=[1, 3, 5, 6, 8, 15, 16, 17, 19, 21, 24, 30, 31]  S-ring sizes [1, 1, 2, 2, 2, 8, 8, 8]  2-WL cells [1, 1, 2, 2, 2, 4, 4, 8, 8]
  Z8xZ4      n= 32 |S|= 16 S=[1, 3, 6, 7, 11, 13, 14, 16, 17, 18, 19, 22, 23, 25, 29, 30]  S-ring sizes [1, 1, 3, 3, 12, 12]  2-WL cells [1, 1, 1, 1, 2, 2, 4, 4, 8, 8]
  Z8xZ4      n= 32 |S|= 13 S=[2, 6, 8, 12, 13, 15, 16, 18, 20, 21, 23, 24, 30]  S-ring sizes [1, 1, 2, 4, 8, 8, 8]  2-WL cells [1, 1, 2, 2, 2, 4, 4, 8, 8]
  Z8xZ4      n= 32 |S|= 17 S=[2, 4, 8, 9, 11, 13, 14, 15, 16, 18, 21, 22, 23, 24, 25, 27, 28]  S-ring sizes [1, 1, 2, 6, 6, 8, 8]  2-WL cells [1, 1, 2, 2, 2, 4, 4, 8, 8]
  Z8xZ4      n= 32 |S|= 24 S=[1, 2, 3, 4, 5, 6, 7, 10, 11, 12, 13, 14, 15, 16, 20, 21, 22, 23, 25, 26, 28, 29, 30, 31]  S-ring sizes [1, 1, 2, 4, 4, 4, 16]  2-WL cells [1, 1, 2, 2, 2, 4, 4, 16]
  Z8xZ4      n= 32 |S|= 17 S=[1, 3, 4, 5, 8, 10, 12, 15, 17, 18, 19, 20, 21, 24, 26, 28, 31]  S-ring sizes [1, 1, 1, 1, 4, 8, 8, 8]  2-WL cells [1, 1, 1, 1, 4, 4, 4, 8, 8]
  Z8xZ4      n= 32 |S|= 20 S=[1, 2, 3, 5, 9, 10, 11, 12, 13, 14, 17, 18, 19, 20, 22, 23, 25, 26, 27, 31]  S-ring sizes [1, 1, 2, 8, 8, 12]  2-WL cells [1, 1, 2, 6, 6, 8, 8]
  Z8xZ4      n= 32 |S|= 15 S=[2, 5, 8, 10, 11, 15, 16, 17, 18, 19, 21, 24, 25, 26, 31]  S-ring sizes [1, 1, 2, 4, 4, 4, 4, 4, 8]  2-WL cells [1, 1, 2, 2, 2, 4, 4, 4, 4, 8]
  Z8xZ4      n= 32 |S|= 16 S=[1, 3, 4, 6, 8, 11, 13, 15, 16, 18, 21, 23, 24, 25, 28, 30]  S-ring sizes [1, 1, 2, 4, 4, 4, 8, 8]  2-WL cells [1, 1, 2, 2, 2, 4, 4, 8, 8]
  Z8xZ4      n= 32 |S|= 23 S=[2, 4, 5, 6, 7, 8, 11, 12, 13, 14, 15, 17, 19, 20, 21, 22, 23, 24, 25, 28, 29, 30, 31]  S-ring sizes [1, 1, 2, 4, 4, 4, 16]  2-WL cells [1, 1, 2, 2, 2, 4, 4, 16]
  Z8xZ4      n= 32 |S|= 17 S=[1, 3, 6, 7, 8, 10, 13, 14, 17, 18, 19, 22, 23, 24, 26, 29, 30]  S-ring sizes [1, 1, 1, 1, 4, 8, 8, 8]  2-WL cells [1, 1, 1, 1, 4, 4, 4, 8, 8]
  Z8xZ4      n= 32 |S|= 16 S=[6, 7, 8, 10, 13, 14, 16, 17, 18, 19, 22, 23, 24, 26, 29, 30]  S-ring sizes [1, 1, 3, 3, 12, 12]  2-WL cells [1, 1, 1, 1, 2, 2, 4, 4, 8, 8]
  Z8xZ4      n= 32 |S|= 19 S=[1, 3, 7, 9, 10, 11, 12, 14, 15, 16, 17, 19, 20, 21, 22, 25, 26, 27, 29]  S-ring sizes [1, 1, 2, 4, 8, 8, 8]  2-WL cells [1, 1, 2, 2, 2, 4, 4, 8, 8]
  Z8xZ4      n= 32 |S|= 20 S=[1, 2, 3, 7, 9, 10, 11, 12, 14, 15, 17, 18, 19, 20, 21, 22, 25, 26, 27, 29]  S-ring sizes [1, 1, 2, 8, 8, 12]  2-WL cells [1, 1, 2, 6, 6, 8, 8]
  Z8xZ4      n= 32 |S|= 13 S=[2, 4, 5, 6, 7, 10, 11, 25, 26, 28, 29, 30, 31]  S-ring sizes [1, 1, 2, 4, 4, 4, 8, 8]  2-WL cells [1, 1, 2, 2, 2, 4, 4, 8, 8]
  Z8xZ4      n= 32 |S|= 12 S=[4, 10, 13, 14, 15, 16, 18, 21, 22, 23, 26, 28]  S-ring sizes [1, 1, 1, 1, 2, 2, 4, 4, 4, 4, 8]  2-WL cells [1, 1, 1, 1, 2, 2, 4, 4, 4, 4, 4, 4]
  Z8xZ4      n= 32 |S|= 13 S=[1, 3, 4, 5, 12, 15, 17, 18, 19, 20, 21, 28, 31]  S-ring sizes [1, 1, 1, 1, 4, 8, 8, 8]  2-WL cells [1, 1, 1, 1, 4, 4, 4, 8, 8]
  Z8xZ4      n= 32 |S|= 19 S=[2, 5, 6, 8, 9, 11, 12, 13, 16, 17, 18, 19, 20, 23, 24, 25, 27, 30, 31]  S-ring sizes [1, 1, 2, 4, 4, 4, 8, 8]  2-WL cells [1, 1, 2, 2, 2, 4, 4, 8, 8]
  Z8xZ4      n= 32 |S|= 19 S=[1, 2, 3, 4, 5, 6, 10, 12, 15, 16, 17, 18, 19, 20, 21, 26, 28, 30, 31]  S-ring sizes [1, 1, 2, 2, 2, 8, 8, 8]  2-WL cells [1, 1, 2, 2, 2, 4, 4, 8, 8]
  Z8xZ4      n= 32 |S|= 13 S=[4, 5, 8, 13, 14, 17, 18, 19, 22, 23, 24, 28, 31]  S-ring sizes [1, 1, 2, 4, 4, 4, 8, 8]  2-WL cells [1, 1, 2, 2, 2, 4, 4, 8, 8]
  Z8xZ4      n= 32 |S|=  9 S=[1, 3, 7, 11, 13, 16, 23, 25, 29]  S-ring sizes [1, 1, 2, 4, 4, 4, 4, 4, 8]  2-WL cells [1, 1, 2, 2, 2, 4, 4, 4, 4, 8]
  Z8xZ4      n= 32 |S|= 16 S=[2, 4, 6, 8, 9, 12, 14, 17, 18, 19, 20, 22, 24, 27, 28, 30]  S-ring sizes [1, 1, 2, 4, 4, 4, 8, 8]  2-WL cells [1, 1, 2, 2, 2, 4, 4, 8, 8]
  Z8xZ4      n= 32 |S|= 14 S=[4, 6, 8, 11, 12, 14, 17, 19, 20, 22, 24, 25, 28, 30]  S-ring sizes [1, 1, 2, 4, 4, 4, 8, 8]  2-WL cells [1, 1, 2, 2, 2, 4, 4, 8, 8]
  Z8xZ4      n= 32 |S|= 17 S=[2, 6, 7, 8, 11, 12, 15, 16, 17, 18, 19, 20, 21, 24, 25, 29, 30]  S-ring sizes [1, 1, 2, 4, 4, 4, 8, 8]  2-WL cells [1, 1, 2, 2, 2, 4, 4, 8, 8]
  Z8xZ4      n= 32 |S|= 14 S=[2, 5, 8, 10, 11, 15, 17, 18, 19, 21, 24, 25, 26, 31]  S-ring sizes [1, 1, 2, 4, 4, 4, 4, 4, 8]  2-WL cells [1, 1, 2, 2, 2, 4, 4, 4, 4, 8]
  Z8xZ4      n= 32 |S|= 24 S=[1, 2, 3, 4, 5, 6, 7, 8, 11, 12, 13, 14, 15, 16, 20, 21, 22, 23, 24, 25, 28, 29, 30, 31]  S-ring sizes [1, 1, 2, 4, 4, 4, 16]  2-WL cells [1, 1, 2, 2, 2, 4, 4, 16]
  Z8xZ4      n= 32 |S|= 11 S=[5, 6, 7, 8, 12, 18, 20, 24, 29, 30, 31]  S-ring sizes [1, 1, 1, 1, 2, 2, 4, 4, 4, 4, 8]  2-WL cells [1, 1, 1, 1, 2, 2, 4, 4, 4, 4, 4, 4]
  Z8xZ4      n= 32 |S|= 13 S=[4, 7, 10, 14, 15, 17, 18, 19, 21, 22, 26, 28, 29]  S-ring sizes [1, 1, 2, 4, 4, 4, 8, 8]  2-WL cells [1, 1, 2, 2, 2, 4, 4, 8, 8]
  Z8xZ4      n= 32 |S|= 19 S=[1, 2, 3, 7, 8, 10, 12, 14, 15, 16, 17, 18, 19, 20, 21, 22, 24, 26, 29]  S-ring sizes [1, 1, 2, 4, 8, 8, 8]  2-WL cells [1, 1, 2, 2, 2, 4, 4, 8, 8]
  Z8xZ4      n= 32 |S|= 14 S=[2, 5, 9, 11, 12, 13, 14, 18, 20, 22, 23, 25, 27, 31]  S-ring sizes [1, 1, 6, 8, 8, 8]  2-WL cells [1, 1, 2, 6, 6, 8, 8]
  Z8xZ4      n= 32 |S|= 20 S=[1, 2, 3, 5, 6, 7, 9, 10, 11, 12, 17, 18, 19, 20, 25, 26, 27, 29, 30, 31]  S-ring sizes [1, 1, 2, 8, 8, 12]  2-WL cells [1, 1, 2, 6, 6, 8, 8]
  Z8xZ4      n= 32 |S|= 20 S=[2, 4, 5, 6, 8, 9, 10, 11, 12, 15, 18, 20, 21, 24, 25, 26, 27, 28, 30, 31]  S-ring sizes [1, 1, 2, 2, 2, 8, 8, 8]  2-WL cells [1, 1, 2, 2, 2, 4, 4, 8, 8]
  Z8xZ4      n= 32 |S|= 16 S=[4, 5, 6, 8, 9, 10, 11, 13, 23, 24, 25, 26, 27, 28, 30, 31]  S-ring sizes [1, 1, 6, 8, 8, 8]  2-WL cells [1, 1, 2, 6, 6, 8, 8]
  Z8xZ4      n= 32 |S|= 16 S=[1, 3, 4, 5, 8, 10, 12, 15, 16, 18, 20, 21, 24, 26, 28, 31]  S-ring sizes [1, 1, 3, 3, 12, 12]  2-WL cells [1, 1, 1, 1, 2, 2, 4, 4, 8, 8]
  Z8xZ4      n= 32 |S|= 13 S=[2, 6, 8, 9, 14, 16, 17, 18, 19, 22, 24, 27, 30]  S-ring sizes [1, 3, 4, 6, 6, 12]  2-WL cells [1, 1, 2, 2, 2, 4, 4, 4, 4, 8]
  Z8xZ4      n= 32 |S|= 17 S=[2, 5, 6, 7, 8, 9, 10, 11, 12, 20, 24, 25, 26, 27, 29, 30, 31]  S-ring sizes [1, 1, 1, 1, 4, 4, 4, 4, 4, 4, 4]  2-WL cells [1, 1, 1, 1, 2, 2, 4, 4, 4, 4, 4, 4]
  Z8xZ4      n= 32 |S|= 20 S=[1, 2, 3, 5, 6, 8, 10, 12, 14, 15, 17, 18, 19, 20, 21, 22, 24, 26, 30, 31]  S-ring sizes [1, 1, 2, 2, 2, 8, 8, 8]  2-WL cells [1, 1, 2, 2, 2, 4, 4, 8, 8]
  Z8xZ4      n= 32 |S|= 16 S=[1, 2, 3, 4, 7, 9, 12, 13, 16, 17, 19, 20, 23, 27, 28, 29]  S-ring sizes [1, 1, 3, 3, 12, 12]  2-WL cells [1, 1, 1, 1, 2, 2, 4, 4, 8, 8]
  Z8xZ4      n= 32 |S|= 19 S=[2, 5, 6, 8, 9, 10, 11, 14, 15, 17, 19, 21, 22, 24, 25, 26, 27, 30, 31]  S-ring sizes [1, 1, 1, 1, 2, 2, 8, 8, 8]  2-WL cells [1, 1, 1, 1, 2, 2, 4, 4, 8, 8]
  Z8xZ4      n= 32 |S|= 23 S=[1, 2, 3, 4, 6, 7, 8, 10, 11, 12, 13, 14, 16, 18, 20, 22, 23, 24, 25, 26, 28, 29, 30]  S-ring sizes [1, 1, 2, 4, 4, 4, 4, 4, 8]  2-WL cells [1, 1, 2, 2, 2, 4, 4, 4, 4, 8]
  Z8xZ4      n= 32 |S|= 21 S=[1, 2, 3, 4, 6, 7, 8, 9, 12, 13, 14, 16, 18, 20, 22, 23, 24, 27, 28, 29, 30]  S-ring sizes [1, 1, 2, 4, 4, 4, 4, 4, 8]  2-WL cells [1, 1, 2, 2, 2, 4, 4, 4, 4, 8]
  Z8xZ4      n= 32 |S|= 20 S=[2, 4, 6, 7, 8, 9, 10, 11, 13, 14, 18, 22, 23, 24, 25, 26, 27, 28, 29, 30]  S-ring sizes [1, 1, 2, 2, 2, 8, 8, 8]  2-WL cells [1, 1, 2, 2, 2, 4, 4, 8, 8]
  Z8xZ4      n= 32 |S|= 13 S=[5, 6, 9, 11, 14, 15, 18, 21, 22, 25, 27, 30, 31]  S-ring sizes [1, 1, 1, 1, 4, 8, 8, 8]  2-WL cells [1, 1, 1, 1, 4, 4, 4, 8, 8]
  Z8xZ4      n= 32 |S|= 20 S=[1, 3, 5, 6, 8, 9, 10, 14, 15, 16, 17, 18, 19, 21, 22, 24, 26, 27, 30, 31]  S-ring sizes [1, 1, 1, 1, 2, 2, 8, 8, 8]  2-WL cells [1, 1, 1, 1, 2, 2, 4, 4, 8, 8]
  Z8xZ4      n= 32 |S|= 11 S=[5, 6, 9, 11, 15, 16, 21, 25, 27, 30, 31]  S-ring sizes [1, 1, 2, 2, 2, 8, 8, 8]  2-WL cells [1, 1, 2, 2, 2, 4, 4, 8, 8]
  Z8xZ4      n= 32 |S|= 17 S=[1, 2, 3, 5, 8, 10, 12, 13, 14, 17, 19, 20, 22, 23, 24, 26, 31]  S-ring sizes [1, 1, 1, 1, 4, 4, 4, 4, 4, 4, 4]  2-WL cells [1, 1, 1, 1, 2, 2, 4, 4, 4, 4, 4, 4]
  Z8xZ4      n= 32 |S|= 21 S=[1, 2, 3, 5, 6, 7, 8, 9, 13, 14, 15, 16, 18, 21, 22, 23, 24, 27, 29, 30, 31]  S-ring sizes [1, 3, 4, 6, 6, 12]  2-WL cells [1, 1, 2, 2, 2, 4, 4, 4, 4, 8]
  Z8xZ4      n= 32 |S|= 21 S=[2, 5, 6, 7, 8, 9, 10, 11, 13, 14, 16, 18, 22, 23, 24, 25, 26, 27, 29, 30, 31]  S-ring sizes [1, 1, 2, 2, 2, 8, 8, 8]  2-WL cells [1, 1, 2, 2, 2, 4, 4, 8, 8]
  Z8xZ4      n= 32 |S|= 20 S=[1, 3, 4, 5, 8, 9, 10, 11, 12, 15, 16, 18, 20, 21, 24, 25, 26, 27, 28, 31]  S-ring sizes [1, 1, 1, 1, 2, 2, 8, 8, 8]  2-WL cells [1, 1, 1, 1, 2, 2, 4, 4, 8, 8]
  Z8xZ4      n= 32 |S|= 14 S=[1, 2, 3, 5, 6, 14, 15, 17, 18, 19, 21, 22, 30, 31]  S-ring sizes [1, 1, 2, 4, 8, 8, 8]  2-WL cells [1, 1, 2, 4, 4, 4, 8, 8]
  Z8xZ4      n= 32 |S|= 11 S=[5, 6, 9, 14, 15, 18, 21, 22, 27, 30, 31]  S-ring sizes [1, 1, 1, 1, 2, 2, 8, 8, 8]  2-WL cells [1, 1, 1, 1, 2, 2, 4, 4, 8, 8]
  -- Z8xZ4: 3956 S-ring-nondiscrete of 4000 sets
  -- Z16xZ2: 3969 S-ring-nondiscrete of 4000 sets
----------------------------------------------------------------------------------------------------
connection sets tried : 66888
S-ring NON-discrete   : 62147
S-ring NON-SCHURIAN (the entry ticket) : 729
2-WL COUNTEREXAMPLES  : 0
CAPPED (sampled, not exhaustive):
   Z2^4: 15 inverse-classes, 32768 sets, sampled 4000
   D16: 12 inverse-classes, 4096 sets, sampled 4000
   D8xZ2: 13 inverse-classes, 8192 sets, sampled 4000
   Z24: 12 inverse-classes, 4096 sets, sampled 4000
   Z2^3xZ3: 15 inverse-classes, 32768 sets, sampled 4000
   Z4xZ6: 13 inverse-classes, 8192 sets, sampled 4000
   SL(2,3): 12 inverse-classes, 4096 sets, sampled 4000
   Z27: 13 inverse-classes, 8192 sets, sampled 4000
   Z3^3: 13 inverse-classes, 8192 sets, sampled 4000
   Z9xZ3: 13 inverse-classes, 8192 sets, sampled 4000
   Z2^5: 31 inverse-classes, 2147483648 sets, sampled 4000
   Z4^2xZ2: 19 inverse-classes, 524288 sets, sampled 4000
   Z8xZ4: 17 inverse-classes, 131072 sets, sampled 4000
   Z16xZ2: 17 inverse-classes, 131072 sets, sampled 4000
elapsed 774s
